,Year,Week,Name,Fumble TD,Fumbles Lost,Opponent_x,Pass 2PT,Pass Attempts,Pass Completions,Pass Interceptions,Pass TD,Pass Yards,Points_x,Position_x,Receiving 2PT,Receiving TD,Receiving Yards,Receptions,Rush 2PT,Rush Attempts,Rush TD,Rush Yards,Away Games_x,Team,Blocks,Fumble Returns,Interception,Opponent_y,Pass Yards Allowed,Point After,Points_y,Position_y,Rush Yards Allowed,Sack,Safety,Total Yards,Touchdowns,Away Games_y
0,2016.0,13,TJ Jones,0.0,0.0,Saints,0.0,0.0,0.0,0.0,0.0,0.0,4.0,WR,0.0,0.0,49.0,3.0,0.0,0.0,0.0,0.0,1.0,Saints,0.0,0.9090909090909092,0.6363636363636364,Lions,271.3636363636364,27.90909090909091,6.2727272727272725,DST,99.0909090909091,2.0,0.0,370.45454545454544,0.0,0.4545454545454545
1,2016.0,16,TJ Jones,0.0,0.0,Cowboys,0.0,0.0,0.0,0.0,0.0,0.0,4.0,WR,0.0,0.0,49.0,3.0,0.0,0.0,0.0,0.0,1.0,Cowboys,0.0,0.7142857142857143,0.5714285714285714,Lions,264.7142857142857,18.428571428571427,8.214285714285714,DST,80.85714285714286,2.142857142857143,0.0,345.57142857142856,0.0,0.5
2,2016.0,17,TJ Jones,0.0,0.0,Packers,0.0,0.0,0.0,0.0,0.0,0.0,2.0,WR,0.0,0.0,29.0,2.0,0.0,0.0,0.0,0.0,1.0,Packers,0.0,0.5333333333333333,1.0666666666666669,Lions,265.06666666666666,24.266666666666666,8.4,DST,95.93333333333334,2.533333333333333,0.0,361.0,0.0,0.4666666666666667
