,Year,Week,Name,Fumble TD,Fumbles Lost,Opponent,Pass 2PT,Pass Attempts,Pass Completions,Pass Interceptions,Pass TD,Pass Yards,Points,Position,Receiving 2PT,Receiving TD,Receiving Yards,Receptions,Rush 2PT,Rush Attempts,Rush TD,Rush Yards,Away Games
3100,2010.0,3,Josh Johnson,0.0,0.0,Steelers,0.0,6.0,6.0,0.0,0.0,67.0,2.0,QB,0.0,0.0,0.0,0.0,0.0,1.0,0.0,7.0,0.0
3164,2010.0,5,Josh Johnson,0.0,0.0,Bengals,0.0,6.0,6.0,0.0,0.0,67.0,2.0,QB,0.0,0.0,0.0,0.0,0.0,1.0,0.0,7.0,0.0
3203,2010.0,6,Josh Johnson,0.0,0.0,Saints,0.0,4.0,4.0,0.0,0.0,35.5,1.0,QB,0.0,0.0,0.0,0.0,0.0,0.5,0.0,3.5,0.5
3334,2010.0,10,Josh Johnson,0.0,0.0,Panthers,0.0,4.0,3.3333333333333335,0.0,0.0,29.333333333333332,1.0,QB,0.0,0.0,0.0,0.0,0.0,0.6666666666666666,0.0,6.0,0.3333333333333333
3372,2010.0,11,Josh Johnson,0.0,0.0,49ers,0.0,3.0,2.5,0.0,0.0,22.0,1.0,QB,0.0,0.0,0.0,0.0,0.0,0.75,0.0,8.0,0.25
3516,2010.0,15,Josh Johnson,0.0,0.0,Lions,0.0,2.6,2.2,0.0,0.0,19.0,0.8,QB,0.0,0.0,0.0,0.0,0.0,0.8,0.0,7.8,0.4
3552,2010.0,16,Josh Johnson,0.0,0.0,Seahawks,0.0,2.3333333333333335,2.0,0.0,0.0,16.0,0.6666666666666666,QB,0.0,0.0,0.0,0.0,0.0,0.6666666666666666,0.0,6.5,0.3333333333333333
