,Year,Week,Name,Fumble TD,Fumbles Lost,Opponent_x,Pass 2PT,Pass Attempts,Pass Completions,Pass Interceptions,Pass TD,Pass Yards,Points_x,Position_x,Receiving 2PT,Receiving TD,Receiving Yards,Receptions,Rush 2PT,Rush Attempts,Rush TD,Rush Yards,Away Games_x,Team,Blocks,Fumble Returns,Interception,Opponent_y,Pass Yards Allowed,Point After,Points_y,Position_y,Rush Yards Allowed,Sack,Safety,Total Yards,Touchdowns,Away Games_y
0,2013.0,1,Mike Williams,0.0,0.0,Jets,0.0,0.0,0.0,0.0,0.0,0.0,11.0,WR,0.0,1.0,52.0,4.0,0.0,0.0,0.0,0.0,1.0,Jets,0.0,1.0,1.0,Buccaneers,185.0,17.0,13.0,DST,65.0,3.0,1.0,250.0,0.0,0.0
1,2013.0,2,Mike Williams,0.0,0.0,Saints,0.0,0.0,0.0,0.0,0.0,0.0,11.0,WR,0.0,1.0,52.0,4.0,0.0,0.0,0.0,0.0,1.0,Saints,0.0,1.0,1.0,Buccaneers,279.0,17.0,11.0,DST,88.0,3.0,0.0,367.0,0.0,0.0
2,2013.0,3,Mike Williams,0.0,0.0,Patriots,0.0,0.0,0.0,0.0,0.0,0.0,5.5,WR,0.0,0.5,30.5,3.0,0.0,0.0,0.0,0.0,0.5,Patriots,0.0,1.5,1.5,Buccaneers,169.5,15.5,12.0,DST,132.5,2.0,0.0,302.0,0.0,0.5
3,2013.0,4,Mike Williams,0.0,0.0,Cardinals,0.0,0.0,0.0,0.0,0.0,0.0,5.666666666666668,WR,0.0,0.3333333333333333,42.0,3.6666666666666665,0.0,0.0,0.0,0.0,0.6666666666666666,Cardinals,0.3333333333333333,0.6666666666666666,0.6666666666666666,Buccaneers,297.0,26.33333333333333,7.666666666666668,DST,73.33333333333333,1.6666666666666667,0.0,370.33333333333326,0.3333333333333333,0.6666666666666666
4,2013.0,7,Mike Williams,0.0,0.0,Falcons,0.0,0.0,0.0,0.0,0.0,0.0,6.5,WR,0.0,0.5,41.0,3.75,0.0,0.0,0.0,0.0,0.5,Falcons,0.0,0.2,0.6,Buccaneers,274.8,26.8,5.6,DST,97.4,2.2,0.0,372.2,0.2,0.4
5,2013.0,8,Mike Williams,0.0,0.0,Panthers,0.0,0.0,0.0,0.0,0.0,0.0,5.8,WR,0.0,0.4,39.2,3.8,0.0,0.0,0.0,0.0,0.6,Panthers,0.0,0.8333333333333334,1.5,Buccaneers,217.66666666666663,13.833333333333336,13.833333333333336,DST,84.5,3.1666666666666665,0.0,302.1666666666667,0.16666666666666666,0.5
