,Year,Week,Name,Fumble TD,Fumbles Lost,Opponent_x,Pass 2PT,Pass Attempts,Pass Completions,Pass Interceptions,Pass TD,Pass Yards,Points_x,Position_x,Receiving 2PT,Receiving TD,Receiving Yards,Receptions,Rush 2PT,Rush Attempts,Rush TD,Rush Yards,Away Games_x,Team,Blocks,Fumble Returns,Interception,Opponent_y,Pass Yards Allowed,Point After,Points_y,Position_y,Rush Yards Allowed,Sack,Safety,Total Yards,Touchdowns,Away Games_y
0,2014.0,5,Ed Dickson,0.0,0.0,Bears,0.0,0.0,0.0,0.0,0.0,0.0,1.0,TE,0.0,0.0,16.0,2.0,0.0,0.0,0.0,0.0,0.0,Bears,0.25,0.5,1.5,Panthers,250.25,25.0,10.5,DST,122.5,2.25,0.0,372.75,0.25,0.5
1,2014.0,8,Ed Dickson,0.0,0.0,Seahawks,0.0,0.0,0.0,0.0,0.0,0.0,1.0,TE,0.0,0.0,16.0,2.0,0.0,0.0,0.0,0.0,0.0,Seahawks,0.16666666666666666,0.5,0.3333333333333333,Panthers,239.0,23.5,6.5,DST,85.5,1.1666666666666667,0.16666666666666666,324.5,0.16666666666666666,0.5
2,2014.0,10,Ed Dickson,0.0,0.0,Eagles,0.0,0.0,0.0,0.0,0.0,0.0,1.0,TE,0.0,0.0,14.5,1.5,0.0,0.0,0.0,0.0,0.0,Eagles,0.375,0.875,0.5,Panthers,256.25,22.125,13.875,DST,116.875,2.875,0.0,373.125,0.875,0.5
3,2014.0,11,Ed Dickson,0.0,0.0,Falcons,0.0,0.0,0.0,0.0,0.0,0.0,0.6666666666666666,TE,0.0,0.0,12.0,1.3333333333333333,0.0,0.0,0.0,0.0,0.3333333333333333,Falcons,0.1111111111111111,1.0,0.7777777777777778,Panthers,280.77777777777777,26.444444444444446,7.5555555555555545,DST,124.0,1.2222222222222223,0.0,404.77777777777777,0.2222222222222222,0.5555555555555556
4,2014.0,14,Ed Dickson,0.0,0.0,Saints,0.0,0.0,0.0,0.0,0.0,0.0,1.0,TE,0.0,0.0,14.0,1.5,0.0,0.0,0.0,0.0,0.25,Saints,0.0,0.4166666666666667,0.6666666666666666,Panthers,268.4166666666667,26.5,5.916666666666668,DST,122.08333333333331,2.0,0.08333333333333333,390.5,0.0,0.5
5,2014.0,16,Ed Dickson,0.0,0.0,Browns,0.0,0.0,0.0,0.0,0.0,0.0,1.0,TE,0.0,0.0,13.2,1.4,0.0,0.0,0.0,0.0,0.4,Browns,0.21428571428571427,0.5,1.4285714285714286,Panthers,221.92857142857144,21.428571428571427,10.285714285714286,DST,137.64285714285714,2.071428571428572,0.07142857142857142,359.57142857142856,0.21428571428571427,0.42857142857142855
6,2014.0,17,Ed Dickson,0.0,0.0,Falcons,0.0,0.0,0.0,0.0,0.0,0.0,1.5,TE,0.0,0.0,18.33333333333333,1.5,0.0,0.0,0.0,0.0,0.3333333333333333,Falcons,0.2,0.8,1.0666666666666669,Panthers,291.06666666666666,25.53333333333333,8.4,DST,113.33333333333331,1.4,0.0,404.4,0.2,0.5333333333333333
