,Year,Week,Name,Fumble TD,Fumbles Lost,Opponent_x,Pass 2PT,Pass Attempts,Pass Completions,Pass Interceptions,Pass TD,Pass Yards,Points_x,Position_x,Receiving 2PT,Receiving TD,Receiving Yards,Receptions,Rush 2PT,Rush Attempts,Rush TD,Rush Yards,Away Games_x,Team,Blocks,Fumble Returns,Interception,Opponent_y,Pass Yards Allowed,Point After,Points_y,Position_y,Rush Yards Allowed,Sack,Safety,Total Yards,Touchdowns,Away Games_y
0,2014.0,1,DeAngelo Williams,0.0,0.0,Buccaneers,0.0,0.0,0.0,0.0,0.0,0.0,7.0,RB,0.0,0.0,0.0,0.0,0.0,14.0,0.0,72.0,1.0,Buccaneers,0.0,0.0,0.0,Panthers,221.0,20.0,5.0,DST,113.0,1.0,0.0,334.0,0.0,0.0
1,2014.0,4,DeAngelo Williams,0.0,0.0,Ravens,0.0,0.0,0.0,0.0,0.0,0.0,7.0,RB,0.0,0.0,0.0,0.0,0.0,14.0,0.0,72.0,1.0,Ravens,0.6666666666666666,0.6666666666666666,0.3333333333333333,Panthers,264.3333333333333,16.666666666666668,8.0,DST,87.66666666666669,0.6666666666666666,0.0,352.0,0.0,0.3333333333333333
2,2014.0,9,DeAngelo Williams,0.0,0.0,Saints,0.0,0.0,0.0,0.0,0.0,0.0,5.0,RB,0.0,0.0,0.0,0.0,0.0,12.5,0.0,53.0,1.0,Saints,0.0,0.2857142857142857,0.7142857142857143,Panthers,289.2857142857143,26.857142857142854,5.571428571428571,DST,101.14285714285714,1.8571428571428568,0.14285714285714285,390.4285714285714,0.0,0.5714285714285714
3,2014.0,10,DeAngelo Williams,0.0,0.0,Eagles,0.0,0.0,0.0,0.0,0.0,0.0,5.0,RB,0.0,0.0,10.0,0.3333333333333333,0.0,10.666666666666666,0.0,42.0,0.6666666666666666,Eagles,0.375,0.875,0.5,Panthers,256.25,22.125,13.875,DST,116.875,2.875,0.0,373.125,0.875,0.5
4,2014.0,11,DeAngelo Williams,0.0,0.25,Falcons,0.0,0.0,0.0,0.0,0.0,0.0,4.5,RB,0.0,0.0,11.75,1.0,0.0,11.25,0.0,39.25,0.75,Falcons,0.1111111111111111,1.0,0.7777777777777778,Panthers,280.77777777777777,26.444444444444446,7.5555555555555545,DST,124.0,1.2222222222222223,0.0,404.77777777777777,0.2222222222222222,0.5555555555555556
