,Unnamed: 0.1_x,Unnamed: 0.1.1_x,Fumble TD,Fumbles Lost,Name,Opponent_x,Pass 2PT,Pass Attempts,Pass Completions,Pass Interceptions,Pass TD,Pass Yards,Points_x,Position_x,Receiving 2PT,Receiving TD,Receiving Yards,Receptions,Rush 2PT,Rush Attempts,Rush TD,Rush Yards,Week,Year,Unnamed: 0.1_y,Unnamed: 0.1.1_y,Blocks,Fumble Returns,Interception,Opponent_y,Pass Yards Allowed,Point After,Points_y,Position_y,Rush Yards Allowed,Sack,Safety,Team,Total Yards,Touchdowns
0,455,455.0,0.0,0.0,Dwayne Allen,Broncos,0.0,0.0,0.0,0.0,0.0,0.0,7.0,TE,0.0,1.0,11.0,1.0,0.0,0.0,0.0,0.0,10,2017.0,290,135.875,0.25,0.25,0.625,Patriots,192.375,24.75,8.0,DST,88.375,2.375,0.0,Broncos,280.75,0.25
1,511,455.0,0.0,0.0,Dwayne Allen,Raiders,0.0,0.0,0.0,0.0,0.0,0.0,7.0,TE,0.0,1.0,11.0,1.0,0.0,0.0,0.0,0.0,11,2017.0,318,142.22222222222226,0.0,0.6666666666666666,0.0,Patriots,244.55555555555557,23.777777777777782,4.777777777777779,DST,116.55555555555556,1.4444444444444444,0.0,Raiders,361.11111111111114,0.0
2,586,483.0,0.0,0.0,Dwayne Allen,Patriots,0.0,0.0,0.0,0.0,0.0,0.0,4.5,TE,0.0,0.5,17.5,1.5,0.0,0.0,0.0,0.0,12,2017.0,323,155.0,0.3,0.5,0.8,Dolphins,282.0,20.3,9.4,DST,119.9,1.7,0.1,Patriots,401.9,0.1
3,645,517.3333333333334,0.0,0.0,Dwayne Allen,Bills,0.0,0.0,0.0,0.0,0.0,0.0,3.0,TE,0.0,0.3333333333333333,12.333333333333336,1.3333333333333333,0.0,0.0,0.0,0.0,13,2017.0,367,177.45454545454547,0.0,0.6363636363636364,1.0909090909090908,Patriots,240.9090909090909,23.63636363636364,9.545454545454543,DST,114.0,1.5454545454545454,0.0,Bills,354.90909090909093,0.18181818181818185
