,Year,Week,Name,Fumble TD,Fumbles Lost,Opponent,Pass 2PT,Pass Attempts,Pass Completions,Pass Interceptions,Pass TD,Pass Yards,Points,Position,Receiving 2PT,Receiving TD,Receiving Yards,Receptions,Rush 2PT,Rush Attempts,Rush TD,Rush Yards,Away Games
5098,2011.0,3,Martellus Bennett,0.0,0.0,Redskins,0.0,0.0,0.0,0.0,0.0,0.0,0.0,TE,0.0,0.0,6.0,1.0,0.0,0.0,0.0,0.0,0.0
5132,2011.0,4,Martellus Bennett,0.0,0.0,Lions,0.0,0.0,0.0,0.0,0.0,0.0,0.0,TE,0.0,0.0,6.0,1.0,0.0,0.0,0.0,0.0,0.0
5231,2011.0,6,Martellus Bennett,0.0,0.0,Patriots,0.0,0.0,0.0,0.0,0.0,0.0,1.0,TE,0.0,0.0,14.0,1.5,0.0,0.0,0.0,0.0,0.0
5436,2011.0,10,Martellus Bennett,0.0,0.0,Bills,0.0,0.0,0.0,0.0,0.0,0.0,1.0,TE,0.0,0.0,13.666666666666666,1.6666666666666667,0.0,0.0,0.0,0.0,0.3333333333333333
5461,2011.0,11,Martellus Bennett,0.0,0.0,Redskins,0.0,0.0,0.0,0.0,0.0,0.0,0.75,TE,0.0,0.0,12.25,1.5,0.0,0.0,0.0,0.0,0.25
5534,2011.0,12,Martellus Bennett,0.0,0.0,Dolphins,0.0,0.0,0.0,0.0,0.0,0.0,1.2,TE,0.0,0.0,16.0,1.8,0.0,0.0,0.0,0.0,0.4
5664,2011.0,15,Martellus Bennett,0.0,0.0,Buccaneers,0.0,0.0,0.0,0.0,0.0,0.0,1.0,TE,0.0,0.0,14.666666666666666,1.6666666666666667,0.0,0.0,0.0,0.0,0.3333333333333333
5716,2011.0,16,Martellus Bennett,0.0,0.0,Eagles,0.0,0.0,0.0,0.0,0.0,0.0,1.1428571428571428,TE,0.0,0.0,15.857142857142858,1.8571428571428572,0.0,0.0,0.0,0.0,0.42857142857142855
5791,2011.0,17,Martellus Bennett,0.0,0.0,Giants,0.0,0.0,0.0,0.0,0.0,0.0,1.25,TE,0.0,0.0,17.375,2.0,0.0,0.0,0.0,0.0,0.375
