,Year,Week,Name,Fumble TD,Fumbles Lost,Opponent,Pass 2PT,Pass Attempts,Pass Completions,Pass Interceptions,Pass TD,Pass Yards,Points,Position,Receiving 2PT,Receiving TD,Receiving Yards,Receptions,Rush 2PT,Rush Attempts,Rush TD,Rush Yards,Away Games
1478,2016.0,1,Thomas Rawls,0.0,0.0,Dolphins,0.0,0.0,0.0,0.0,0.0,0.0,5.0,RB,0.0,0.0,26.0,3.0,0.0,12.0,0.0,32.0,0.0
1590,2016.0,2,Thomas Rawls,0.0,0.0,LA,0.0,0.0,0.0,0.0,0.0,0.0,5.0,RB,0.0,0.0,26.0,3.0,0.0,12.0,0.0,32.0,0.0
2261,2016.0,11,Thomas Rawls,0.0,0.0,Eagles,0.0,0.0,0.0,0.0,0.0,0.0,3.0,RB,0.0,0.0,20.5,3.0,0.0,9.5,0.0,12.5,0.5
2350,2016.0,12,Thomas Rawls,0.0,0.0,Buccaneers,0.0,0.0,0.0,0.0,0.0,0.0,4.666666666666667,RB,0.0,0.0,24.0,3.0,0.0,11.0,0.0,27.333333333333332,0.3333333333333333
2400,2016.0,13,Thomas Rawls,0.0,0.0,Panthers,0.0,0.0,0.0,0.0,0.0,0.0,4.25,RB,0.0,0.0,18.0,2.25,0.0,11.25,0.0,30.0,0.5
2509,2016.0,14,Thomas Rawls,0.0,0.0,Packers,0.0,0.0,0.0,0.0,0.0,0.0,8.0,RB,0.0,0.0,16.8,2.0,0.0,12.0,0.4,45.2,0.4
2610,2016.0,15,Thomas Rawls,0.0,0.0,LA,0.0,0.0,0.0,0.0,0.0,0.0,7.666666666666667,RB,0.0,0.0,15.166666666666666,1.8333333333333333,0.0,12.0,0.3333333333333333,48.833333333333336,0.5
2723,2016.0,16,Thomas Rawls,0.0,0.0,Cardinals,0.0,0.0,0.0,0.0,0.0,0.0,7.0,RB,0.0,0.0,13.714285714285714,1.8571428571428572,0.0,13.285714285714286,0.2857142857142857,46.714285714285715,0.42857142857142855
2764,2016.0,17,Thomas Rawls,0.0,0.0,49ers,0.0,0.0,0.0,0.0,0.0,0.0,6.125,RB,0.0,0.0,12.0,1.625,0.0,12.625,0.25,41.875,0.375
