,Year,Week,Name,Fumble TD,Fumbles Lost,Opponent_x,Pass 2PT,Pass Attempts,Pass Completions,Pass Interceptions,Pass TD,Pass Yards,Points_x,Position_x,Receiving 2PT,Receiving TD,Receiving Yards,Receptions,Rush 2PT,Rush Attempts,Rush TD,Rush Yards,Away Games_x,Team,Blocks,Fumble Returns,Interception,Opponent_y,Pass Yards Allowed,Point After,Points_y,Position_y,Rush Yards Allowed,Sack,Safety,Total Yards,Touchdowns,Away Games_y
0,2010.0,2,Naufahu Tahi,0.0,0.0,Dolphins,0.0,0.0,0.0,0.0,0.0,0.0,0.0,RB,0.0,0.0,0.0,0.0,0.0,1.0,0.0,1.0,0.0,Dolphins,0.0,0.0,0.0,Min,116.0,10.0,12.0,DST,50.0,3.0,1.0,166.0,0.0,1.0
1,2010.0,8,Naufahu Tahi,0.0,0.0,Patriots,0.0,0.0,0.0,0.0,0.0,0.0,0.0,RB,0.0,0.0,0.0,0.0,0.0,1.0,0.0,1.0,0.0,Patriots,0.3333333333333333,0.6666666666666666,1.3333333333333333,Min,282.0,22.66666666666667,13.833333333333336,DST,97.66666666666669,2.0,0.0,379.66666666666674,0.8333333333333334,0.5
2,2010.0,11,Naufahu Tahi,0.0,0.0,Packers,0.0,0.0,0.0,0.0,0.0,0.0,3.0,RB,0.0,0.5,4.5,1.0,0.0,0.5,0.0,0.5,0.5,Packers,0.0,0.5555555555555556,1.5555555555555556,Min,211.77777777777774,15.888888888888891,14.333333333333336,DST,114.22222222222223,3.111111111111111,0.0,326.0,0.4444444444444444,0.4444444444444444
3,2010.0,12,Naufahu Tahi,0.0,0.0,Redskins,0.0,0.0,0.0,0.0,0.0,0.0,2.333333333333333,RB,0.0,0.3333333333333333,6.333333333333332,1.0,0.0,0.3333333333333333,0.0,0.3333333333333333,0.3333333333333333,Redskins,0.2,1.1,1.0,Min,280.1,24.5,11.4,DST,131.0,2.0,0.0,411.1,0.3,0.5
4,2010.0,16,Naufahu Tahi,0.0,0.0,Eagles,0.0,0.0,0.0,0.0,0.0,0.0,1.75,RB,0.0,0.25,6.5,1.0,0.0,0.25,0.0,0.25,0.5,Eagles,0.0,0.6428571428571429,1.6428571428571428,Min,227.14285714285717,24.214285714285715,10.285714285714286,DST,103.28571428571428,2.5,0.0,330.42857142857144,0.21428571428571427,0.5714285714285714
5,2010.0,17,Naufahu Tahi,0.0,0.0,Lions,0.0,0.0,0.0,0.0,0.0,0.0,1.6,RB,0.0,0.2,7.4,1.0,0.0,0.2,0.0,0.2,0.6,Lions,0.0,1.0,0.8666666666666667,Min,224.06666666666663,23.73333333333333,10.666666666666666,DST,128.33333333333334,2.7333333333333334,0.06666666666666668,352.4,0.26666666666666666,0.5333333333333333
