,Year,Week,Name,Fumble TD,Fumbles Lost,Opponent,Pass 2PT,Pass Attempts,Pass Completions,Pass Interceptions,Pass TD,Pass Yards,Points,Position,Receiving 2PT,Receiving TD,Receiving Yards,Receptions,Rush 2PT,Rush Attempts,Rush TD,Rush Yards,Away Games
3871,2016.0,4,Brandon Tate,0.0,0.0,Patriots,0.0,0.0,0.0,0.0,0.0,0.0,0.0,WR,0.0,0.0,0.0,0.0,0.0,1.0,0.0,4.0,1.0
4147,2016.0,7,Brandon Tate,0.0,0.0,Dolphins,0.0,0.0,0.0,0.0,0.0,0.0,0.0,WR,0.0,0.0,0.0,0.0,0.0,1.0,0.0,4.0,1.0
4278,2016.0,8,Brandon Tate,0.0,0.0,Patriots,0.0,0.0,0.0,0.0,0.0,0.0,1.5,WR,0.0,0.0,15.5,1.0,0.0,0.5,0.0,2.0,1.0
4555,2016.0,11,Brandon Tate,0.0,0.0,Bengals,0.0,0.0,0.0,0.0,0.0,0.0,1.6666666666666667,WR,0.0,0.0,16.0,1.3333333333333333,0.0,0.6666666666666666,0.0,6.0,0.6666666666666666
4725,2016.0,12,Brandon Tate,0.0,0.0,Jaguars,0.0,0.0,0.0,0.0,0.0,0.0,2.25,WR,0.0,0.0,24.0,1.5,0.0,0.5,0.0,4.5,0.75
4827,2016.0,13,Brandon Tate,0.0,0.0,Raiders,0.0,0.0,0.0,0.0,0.0,0.0,1.8,WR,0.0,0.0,20.8,1.4,0.0,0.4,0.0,3.6,0.6
5034,2016.0,15,Brandon Tate,0.0,0.0,Browns,0.0,0.0,0.0,0.0,0.0,0.0,1.6666666666666667,WR,0.0,0.0,19.5,1.3333333333333333,0.0,0.3333333333333333,0.0,3.0,0.6666666666666666
