,Year,Week,Name,Fumble TD,Fumbles Lost,Opponent_x,Pass 2PT,Pass Attempts,Pass Completions,Pass Interceptions,Pass TD,Pass Yards,Points_x,Position_x,Receiving 2PT,Receiving TD,Receiving Yards,Receptions,Rush 2PT,Rush Attempts,Rush TD,Rush Yards,Away Games_x,Team,Blocks,Fumble Returns,Interception,Opponent_y,Pass Yards Allowed,Point After,Points_y,Position_y,Rush Yards Allowed,Sack,Safety,Total Yards,Touchdowns,Away Games_y
0,2012.0,1,Greg Jennings,0.0,0.0,49ers,0.0,0.0,0.0,0.0,0.0,0.0,3.0,WR,0.0,0.0,34.0,5.0,0.0,0.0,0.0,0.0,0.0,49ers,0.0,0.0,1.0,Packers,279.0,22.0,6.0,DST,45.0,3.0,0.0,324.0,0.0,1.0
1,2012.0,3,Greg Jennings,0.0,0.0,Seahawks,0.0,0.0,0.0,0.0,0.0,0.0,3.0,WR,0.0,0.0,34.0,5.0,0.0,0.0,0.0,0.0,0.0,Seahawks,0.5,1.0,1.0,Packers,228.5,13.5,14.5,DST,46.0,1.0,0.0,274.5,0.5,0.5
2,2012.0,4,Greg Jennings,0.0,0.0,Saints,0.0,0.0,0.0,0.0,0.0,0.0,3.0,WR,0.0,0.0,34.5,5.5,0.0,0.0,0.0,0.0,0.5,Saints,0.3333333333333333,1.0,0.3333333333333333,Packers,262.3333333333333,34.0,7.666666666666668,DST,215.0,2.0,0.0,477.33333333333326,0.3333333333333333,0.3333333333333333
3,2012.0,14,Greg Jennings,0.0,0.0,Lions,0.0,0.0,0.0,0.0,0.0,0.0,4.0,WR,0.0,0.25,31.0,4.0,0.0,0.0,0.0,0.0,0.25,Lions,0.08333333333333333,0.4166666666666667,0.8333333333333334,Packers,234.0,26.25,6.583333333333332,DST,119.41666666666669,2.25,0.0,353.41666666666674,0.0,0.5
4,2012.0,15,Greg Jennings,0.0,0.0,Bears,0.0,0.0,0.0,0.0,0.0,0.0,3.6,WR,0.0,0.2,30.2,3.4,0.0,0.0,0.0,0.0,0.2,Bears,0.15384615384615385,1.0769230769230769,1.6153846153846154,Packers,205.46153846153842,16.846153846153847,16.076923076923073,DST,108.69230769230771,2.5384615384615383,0.0,314.15384615384613,0.6153846153846154,0.4615384615384616
5,2012.0,16,Greg Jennings,0.0,0.0,Titans,0.0,0.0,0.0,0.0,0.0,0.0,3.8333333333333335,WR,0.0,0.16666666666666666,33.5,3.5,0.0,0.0,0.0,0.0,0.3333333333333333,Titans,0.14285714285714285,0.35714285714285715,1.1428571428571428,Packers,240.57142857142856,28.285714285714285,9.571428571428571,DST,128.28571428571428,2.2142857142857144,0.07142857142857142,368.8571428571428,0.35714285714285715,0.5
