,Year,Week,Name,Fumble TD,Fumbles Lost,Opponent_x,Pass 2PT,Pass Attempts,Pass Completions,Pass Interceptions,Pass TD,Pass Yards,Points_x,Position_x,Receiving 2PT,Receiving TD,Receiving Yards,Receptions,Rush 2PT,Rush Attempts,Rush TD,Rush Yards,Away Games_x,Team,Blocks,Fumble Returns,Interception,Opponent_y,Pass Yards Allowed,Point After,Points_y,Position_y,Rush Yards Allowed,Sack,Safety,Total Yards,Touchdowns,Away Games_y
0,2010.0,3,Lawrence Vickers,0.0,0.0,Ravens,0.0,0.0,0.0,0.0,0.0,0.0,0.0,RB,0.0,0.0,0.0,1.0,0.0,0.0,0.0,0.0,1.0,Ravens,0.0,0.5,0.0,Browns,109.5,12.0,8.0,DST,105.0,1.5,0.0,214.5,0.0,1.0
1,2010.0,5,Lawrence Vickers,0.0,0.0,Falcons,0.0,0.0,0.0,0.0,0.0,0.0,0.0,RB,0.0,0.0,0.0,1.0,0.0,0.0,0.0,0.0,1.0,Falcons,0.0,0.5,2.0,Browns,224.0,15.0,11.0,DST,96.25,2.0,0.0,320.25,0.0,0.5
2,2010.0,6,Lawrence Vickers,0.0,0.0,Steelers,0.0,0.0,0.0,0.0,0.0,0.0,0.5,RB,0.0,0.0,5.0,1.0,0.0,0.5,0.0,1.5,0.5,Steelers,0.0,1.5,1.5,Browns,226.75,12.5,18.0,DST,62.25,2.75,0.0,289.0,0.5,0.5
3,2010.0,7,Lawrence Vickers,0.0,0.0,Saints,0.0,0.0,0.0,0.0,0.0,0.0,0.3333333333333333,RB,0.0,0.0,3.6666666666666665,1.0,0.0,0.3333333333333333,0.0,1.0,0.6666666666666666,Saints,0.16666666666666666,0.8333333333333334,0.6666666666666666,Browns,195.5,18.0,9.333333333333334,DST,106.0,1.8333333333333333,0.16666666666666666,301.5,0.0,0.5
4,2010.0,9,Lawrence Vickers,0.0,0.0,Patriots,0.0,0.0,0.0,0.0,0.0,0.0,0.25,RB,0.0,0.0,3.75,1.0,0.0,0.25,0.0,0.75,0.75,Patriots,0.2857142857142857,0.5714285714285714,1.2857142857142858,Browns,282.42857142857144,22.0,12.857142857142858,DST,101.57142857142857,1.8571428571428568,0.0,384.0,0.7142857142857143,0.42857142857142855
5,2010.0,16,Lawrence Vickers,0.0,0.0,Ravens,0.0,0.0,0.0,0.0,0.0,0.0,0.2,RB,0.0,0.0,3.0,0.8,0.0,0.8,0.0,1.8,0.6,Ravens,0.0,0.2857142857142857,1.0,Browns,222.57142857142856,18.071428571428573,10.071428571428571,DST,93.64285714285714,1.9285714285714288,0.0,316.2142857142857,0.2857142857142857,0.5
