,Year,Week,Name,Fumble TD,Fumbles Lost,Opponent,Pass 2PT,Pass Attempts,Pass Completions,Pass Interceptions,Pass TD,Pass Yards,Points,Position,Receiving 2PT,Receiving TD,Receiving Yards,Receptions,Rush 2PT,Rush Attempts,Rush TD,Rush Yards,Away Games
7284,2014.0,2,Ronnie Brown,0.0,0.0,Raiders,0.0,0.0,0.0,0.0,0.0,0.0,0.0,RB,0.0,0.0,0.0,0.0,0.0,3.0,0.0,2.0,1.0
7373,2014.0,3,Ronnie Brown,0.0,0.0,Giants,0.0,0.0,0.0,0.0,0.0,0.0,0.0,RB,0.0,0.0,0.0,0.0,0.0,3.0,0.0,2.0,1.0
7591,2014.0,6,Ronnie Brown,0.0,0.0,Raiders,0.0,0.0,0.0,0.0,0.0,0.0,0.0,RB,0.0,0.0,2.5,0.5,0.0,3.0,0.0,2.0,1.0
7696,2014.0,7,Ronnie Brown,0.0,0.0,Chiefs,0.0,0.0,0.0,0.0,0.0,0.0,0.6666666666666666,RB,0.0,0.0,9.666666666666666,0.6666666666666666,0.0,2.6666666666666665,0.0,2.0,1.0
7786,2014.0,8,Ronnie Brown,0.0,0.0,Broncos,0.0,0.0,0.0,0.0,0.0,0.0,0.5,RB,0.0,0.0,8.25,0.75,0.0,2.25,0.0,2.0,0.75
7858,2014.0,9,Ronnie Brown,0.0,0.0,Dolphins,0.0,0.0,0.0,0.0,0.0,0.0,0.4,RB,0.0,0.0,7.0,0.8,0.0,2.0,0.0,3.2,0.8
8355,2014.0,15,Ronnie Brown,0.0,0.0,Broncos,0.0,0.0,0.0,0.0,0.0,0.0,0.3333333333333333,RB,0.0,0.0,5.833333333333333,0.6666666666666666,0.0,1.8333333333333333,0.0,3.5,0.8333333333333334
8407,2014.0,16,Ronnie Brown,0.0,0.0,49ers,0.0,0.0,0.0,0.0,0.0,0.0,0.2857142857142857,RB,0.0,0.0,5.0,0.5714285714285714,0.0,1.8571428571428572,0.0,4.285714285714286,0.7142857142857143
