,Year,Week,Name,Fumble TD,Fumbles Lost,Opponent,Pass 2PT,Pass Attempts,Pass Completions,Pass Interceptions,Pass TD,Pass Yards,Points,Position,Receiving 2PT,Receiving TD,Receiving Yards,Receptions,Rush 2PT,Rush Attempts,Rush TD,Rush Yards,Away Games
599,2015.0,1,Andrew Luck,0.0,0.0,Bills,1.0,49.0,26.0,2.0,2.0,243.0,21.0,QB,0.0,0.0,0.0,0.0,0.0,4.0,0.0,20.0,1.0
653,2015.0,2,Andrew Luck,0.0,0.0,Jets,1.0,49.0,26.0,2.0,2.0,243.0,21.0,QB,0.0,0.0,0.0,0.0,0.0,4.0,0.0,20.0,1.0
675,2015.0,3,Andrew Luck,0.0,0.5,Titans,0.5,43.0,23.5,2.5,1.5,246.5,16.0,QB,0.0,0.0,0.0,0.0,0.0,4.0,0.0,22.0,0.5
763,2015.0,6,Andrew Luck,0.0,0.3333333333333333,Patriots,0.3333333333333333,38.666666666666664,21.666666666666668,2.3333333333333335,1.6666666666666667,251.0,17.333333333333332,QB,0.0,0.0,0.0,0.0,0.0,4.666666666666667,0.0,21.666666666666668,0.6666666666666666
796,2015.0,7,Andrew Luck,0.0,0.25,Saints,0.25,41.5,23.75,1.75,2.0,266.25,21.25,QB,0.0,0.0,0.0,0.0,0.0,4.5,0.0,25.0,0.5
838,2015.0,8,Andrew Luck,0.0,0.2,Panthers,0.2,42.0,23.6,1.8,2.2,279.6,22.8,QB,0.0,0.0,0.0,0.0,0.0,4.2,0.0,25.4,0.4
863,2015.0,9,Andrew Luck,0.0,0.16666666666666666,Broncos,0.16666666666666666,42.833333333333336,23.5,2.0,2.1666666666666665,271.5,22.0,QB,0.0,0.0,0.0,0.0,0.0,4.5,0.0,27.0,0.5
