,Year,Week,Name,Fumble TD,Fumbles Lost,Opponent_x,Pass 2PT,Pass Attempts,Pass Completions,Pass Interceptions,Pass TD,Pass Yards,Points_x,Position_x,Receiving 2PT,Receiving TD,Receiving Yards,Receptions,Rush 2PT,Rush Attempts,Rush TD,Rush Yards,Away Games_x,Team,Blocks,Fumble Returns,Interception,Opponent_y,Pass Yards Allowed,Point After,Points_y,Position_y,Rush Yards Allowed,Sack,Safety,Total Yards,Touchdowns,Away Games_y
0,2012.0,15,Ruvell Martin,0.0,0.0,Seahawks,0.0,0.0,0.0,0.0,0.0,0.0,0.0,WR,0.0,0.0,8.0,1.0,0.0,0.0,0.0,0.0,0.0,Seahawks,0.07692307692307693,0.8461538461538461,1.0769230769230769,Bills,196.3076923076923,15.538461538461537,13.153846153846152,DST,105.3846153846154,2.4615384615384617,0.0,301.6923076923077,0.3076923076923077,0.5384615384615384
1,2012.0,16,Ruvell Martin,0.0,0.0,Dolphins,0.0,0.0,0.0,0.0,0.0,0.0,0.0,WR,0.0,0.0,8.0,1.0,0.0,0.0,0.0,0.0,0.0,Dolphins,0.21428571428571427,0.21428571428571427,0.6428571428571429,Bills,247.92857142857144,19.928571428571427,9.428571428571429,DST,100.92857142857143,2.7857142857142856,0.0,348.8571428571428,0.21428571428571427,0.5
2,2012.0,17,Ruvell Martin,0.0,0.0,Jets,0.0,0.0,0.0,0.0,0.0,0.0,1.0,WR,0.0,0.0,15.0,1.5,0.0,0.0,0.0,0.0,0.5,Jets,0.06666666666666668,0.7333333333333333,0.7333333333333333,Bills,187.4,23.13333333333333,10.0,DST,135.26666666666668,2.0,0.06666666666666668,322.6666666666667,0.3333333333333333,0.4666666666666667
