,Unnamed: 0.1_x,Unnamed: 0.1.1_x,Fumble TD,Fumbles Lost,Name,Opponent_x,Pass 2PT,Pass Attempts,Pass Completions,Pass Interceptions,Pass TD,Pass Yards,Points_x,Position_x,Receiving 2PT,Receiving TD,Receiving Yards,Receptions,Rush 2PT,Rush Attempts,Rush TD,Rush Yards,Week,Year,Unnamed: 0.1_y,Unnamed: 0.1.1_y,Blocks,Fumble Returns,Interception,Opponent_y,Pass Yards Allowed,Point After,Points_y,Position_y,Rush Yards Allowed,Sack,Safety,Team,Total Yards,Touchdowns
0,712,712.0,0.0,0.0,Travis Rudolph,Giants,0.0,0.0,0.0,0.0,0.0,0.0,3.0,WR,0.0,0.0,32.0,3.0,0.0,0.0,0.0,0.0,7,2017.0,203,96.16666666666669,0.16666666666666666,0.5,0.5,Steelers,248.33333333333331,22.0,8.166666666666666,DST,123.5,2.0,0.16666666666666666,Giants,371.83333333333326,0.16666666666666666
1,1120,712.0,0.0,0.0,Travis Rudolph,Giants,0.0,0.0,0.0,0.0,0.0,0.0,3.0,WR,0.0,0.0,32.0,3.0,0.0,0.0,0.0,0.0,11,2017.0,298,147.44444444444446,0.1111111111111111,0.5555555555555556,0.4444444444444444,Chiefs,267.77777777777777,26.444444444444446,6.333333333333332,DST,132.55555555555554,1.4444444444444444,0.1111111111111111,Giants,400.33333333333326,0.1111111111111111
