,Year,Week,Name,Fumble TD,Fumbles Lost,Opponent_x,Pass 2PT,Pass Attempts,Pass Completions,Pass Interceptions,Pass TD,Pass Yards,Points_x,Position_x,Receiving 2PT,Receiving TD,Receiving Yards,Receptions,Rush 2PT,Rush Attempts,Rush TD,Rush Yards,Away Games_x,Team,Blocks,Fumble Returns,Interception,Opponent_y,Pass Yards Allowed,Point After,Points_y,Position_y,Rush Yards Allowed,Sack,Safety,Total Yards,Touchdowns,Away Games_y
0,2016.0,11,Dion Lewis,0.0,0.0,49ers,0.0,0.0,0.0,0.0,0.0,0.0,4.0,RB,0.0,0.0,26.0,3.0,0.0,5.0,0.0,23.0,1.0,49ers,0.1111111111111111,0.8888888888888888,0.7777777777777778,Patriots,249.22222222222226,31.444444444444446,6.666666666666668,DST,180.44444444444446,1.7777777777777777,0.0,429.66666666666674,0.0,0.4444444444444444
1,2016.0,12,Dion Lewis,0.0,0.0,Jets,0.0,0.0,0.0,0.0,0.0,0.0,4.0,RB,0.0,0.0,26.0,3.0,0.0,5.0,0.0,23.0,1.0,Jets,0.0,0.3,0.6,Patriots,260.5,24.4,5.2,DST,85.4,1.9,0.0,345.9,0.0,0.6
2,2016.0,14,Dion Lewis,0.0,0.0,Ravens,0.0,0.0,0.0,0.0,0.0,0.0,4.0,RB,0.0,0.0,23.66666666666667,3.6666666666666665,0.0,5.333333333333333,0.0,24.66666666666667,0.6666666666666666,Ravens,0.3333333333333333,0.6666666666666666,1.1666666666666667,Patriots,222.25,17.25,11.75,DST,73.83333333333333,2.333333333333333,0.0,296.0833333333333,0.16666666666666666,0.4166666666666667
3,2016.0,15,Dion Lewis,0.0,0.0,Broncos,0.0,0.0,0.0,0.0,0.0,0.0,3.25,RB,0.0,0.0,19.0,3.0,0.0,4.75,0.0,22.0,0.5,Broncos,0.15384615384615385,0.8461538461538461,0.9230769230769232,Patriots,183.46153846153842,18.615384615384613,12.384615384615385,DST,127.23076923076924,2.9230769230769234,0.0,310.6923076923077,0.3076923076923077,0.5384615384615384
4,2016.0,16,Dion Lewis,0.0,0.0,Jets,0.0,0.0,0.0,0.0,0.0,0.0,4.4,RB,0.0,0.0,17.0,2.8,0.0,7.4,0.0,36.6,0.6,Jets,0.0,0.2857142857142857,0.5,Patriots,251.78571428571428,25.57142857142857,4.642857142857143,DST,99.92857142857143,1.6428571428571428,0.0,351.71428571428567,0.0,0.5
5,2016.0,17,Dion Lewis,0.0,0.0,Dolphins,0.0,0.0,0.0,0.0,0.0,0.0,4.5,RB,0.0,0.0,15.0,2.5,0.0,8.833333333333334,0.0,39.16666666666666,0.5,Dolphins,0.26666666666666666,0.6,1.0666666666666669,Patriots,239.9333333333333,23.0,9.933333333333334,DST,141.8,2.2,0.0,381.73333333333335,0.26666666666666666,0.5333333333333333
