,Year,Week,Name,Fumble TD,Fumbles Lost,Opponent_x,Pass 2PT,Pass Attempts,Pass Completions,Pass Interceptions,Pass TD,Pass Yards,Points_x,Position_x,Receiving 2PT,Receiving TD,Receiving Yards,Receptions,Rush 2PT,Rush Attempts,Rush TD,Rush Yards,Away Games_x,Team,Blocks,Fumble Returns,Interception,Opponent_y,Pass Yards Allowed,Point After,Points_y,Position_y,Rush Yards Allowed,Sack,Safety,Total Yards,Touchdowns,Away Games_y
0,2014.0,3,Patrick DiMarco,0.0,0.0,Buccaneers,0.0,0.0,0.0,0.0,0.0,0.0,3.0,RB,0.0,0.0,35.0,3.0,0.0,0.0,0.0,0.0,0.0,Buccaneers,0.0,0.5,0.0,Falcons,220.5,19.5,6.5,DST,116.0,1.5,0.0,336.5,0.0,0.0
1,2014.0,8,Patrick DiMarco,0.0,0.0,Lions,0.0,0.0,0.0,0.0,0.0,0.0,4.5,RB,0.0,0.5,18.0,2.0,0.0,0.0,0.0,0.0,0.5,Lions,0.0,0.42857142857142855,1.1428571428571428,Falcons,216.85714285714286,15.0,12.571428571428573,DST,73.42857142857143,3.0,0.14285714285714285,290.2857142857143,0.2857142857142857,0.42857142857142855
2,2014.0,11,Patrick DiMarco,0.0,0.0,Panthers,0.0,0.0,0.0,0.0,0.0,0.0,3.0,RB,0.0,0.3333333333333333,12.0,1.6666666666666667,0.0,0.0,0.0,0.0,0.3333333333333333,Panthers,0.0,0.7,0.9,Falcons,254.4,28.1,7.8,DST,122.4,2.1,0.0,376.8,0.1,0.5
3,2014.0,14,Patrick DiMarco,0.0,0.0,Packers,0.0,0.0,0.0,0.0,0.0,0.0,2.5,RB,0.0,0.25,12.5,1.75,0.0,0.0,0.0,0.0,0.5,Packers,0.0,0.6666666666666666,1.25,Falcons,234.5,22.25,11.25,DST,132.33333333333334,2.333333333333333,0.0,366.83333333333326,0.4166666666666667,0.5
4,2014.0,16,Patrick DiMarco,0.0,0.0,Saints,0.0,0.0,0.0,0.0,0.0,0.0,2.0,RB,0.0,0.2,11.8,1.6,0.0,0.0,0.0,0.0,0.6,Saints,0.0,0.35714285714285715,0.7857142857142857,Falcons,257.14285714285717,26.714285714285715,6.2857142857142865,DST,132.92857142857142,2.2142857142857144,0.07142857142857142,390.07142857142856,0.0,0.5
