,Year,Week,Name,Fumble TD,Fumbles Lost,Opponent_x,Pass 2PT,Pass Attempts,Pass Completions,Pass Interceptions,Pass TD,Pass Yards,Points_x,Position_x,Receiving 2PT,Receiving TD,Receiving Yards,Receptions,Rush 2PT,Rush Attempts,Rush TD,Rush Yards,Away Games_x,Team,Blocks,Fumble Returns,Interception,Opponent_y,Pass Yards Allowed,Point After,Points_y,Position_y,Rush Yards Allowed,Sack,Safety,Total Yards,Touchdowns,Away Games_y
0,2014.0,2,Kirk Cousins,0.0,0.0,Jaguars,0.0,33.0,22.0,0.0,2.0,250.0,22.0,QB,0.0,0.0,0.0,0.0,0.0,1.0,0.0,-1.0,0.0,Jaguars,0.0,2.0,1.0,Redskins,275.0,34.0,11.0,DST,145.0,5.0,0.0,420.0,0.0,1.0
1,2014.0,3,Kirk Cousins,0.0,0.0,Eagles,0.0,33.0,22.0,0.0,2.0,250.0,22.0,QB,0.0,0.0,0.0,0.0,0.0,1.0,0.0,-1.0,0.0,Eagles,0.5,1.0,0.5,Redskins,207.0,22.0,11.0,DST,116.5,1.5,0.0,323.5,0.5,0.5
2,2014.0,4,Kirk Cousins,0.0,0.0,Giants,0.0,40.5,26.0,0.5,2.5,338.5,27.5,QB,0.0,0.0,0.0,0.0,0.0,2.0,0.0,2.0,0.5,Giants,0.3333333333333333,0.0,1.0,Redskins,258.3333333333333,25.66666666666667,6.666666666666668,DST,106.33333333333331,2.333333333333333,0.0,364.66666666666674,0.0,0.3333333333333333
3,2014.0,5,Kirk Cousins,0.0,0.3333333333333333,Seahawks,0.0,38.0,23.66666666666667,1.6666666666666667,2.0,311.3333333333333,21.0,QB,0.0,0.0,0.0,0.0,0.0,1.6666666666666667,0.0,5.333333333333333,0.3333333333333333,Seahawks,0.0,0.3333333333333333,0.6666666666666666,Redskins,249.0,22.0,7.0,DST,72.33333333333333,1.6666666666666667,0.3333333333333333,321.3333333333333,0.0,0.3333333333333333
4,2014.0,6,Kirk Cousins,0.0,0.25,Cardinals,0.0,37.5,23.0,1.25,2.0,304.25,21.5,QB,0.0,0.0,0.0,0.0,0.0,1.75,0.0,5.0,0.25,Cardinals,0.25,0.5,1.25,Redskins,302.5,21.5,9.5,DST,76.75,1.0,0.0,379.25,0.25,0.5
5,2014.0,7,Kirk Cousins,0.0,0.2,Titans,0.0,37.6,23.2,1.6,2.0,314.2,21.2,QB,0.0,0.0,0.0,0.0,0.0,1.4,0.0,4.0,0.4,Titans,0.16666666666666666,0.3333333333333333,1.1666666666666667,Redskins,247.33333333333331,25.5,7.833333333333332,DST,127.66666666666669,2.5,0.0,375.0,0.0,0.5
