,Year,Week,Name,Fumble TD,Fumbles Lost,Opponent_x,Pass 2PT,Pass Attempts,Pass Completions,Pass Interceptions,Pass TD,Pass Yards,Points_x,Position_x,Receiving 2PT,Receiving TD,Receiving Yards,Receptions,Rush 2PT,Rush Attempts,Rush TD,Rush Yards,Away Games_x,Team,Blocks,Fumble Returns,Interception,Opponent_y,Pass Yards Allowed,Point After,Points_y,Position_y,Rush Yards Allowed,Sack,Safety,Total Yards,Touchdowns,Away Games_y
0,2013.0,7,Matt Barkley,0.0,0.0,Cowboys,0.0,20.0,11.0,3.0,0.0,129.0,-1.0,QB,0.0,0.0,0.0,0.0,0.0,0.0,0.0,0.0,0.0,Cowboys,0.16666666666666666,1.0,1.0,Eagles,308.1666666666667,25.33333333333333,13.666666666666664,DST,105.0,2.833333333333333,0.0,413.16666666666674,0.6666666666666666,0.3333333333333333
1,2013.0,8,Matt Barkley,0.0,0.0,Giants,0.0,20.0,11.0,3.0,0.0,129.0,-1.0,QB,0.0,0.0,0.0,0.0,0.0,0.0,0.0,0.0,0.0,Giants,0.0,0.7142857142857143,0.7142857142857143,Eagles,254.85714285714286,30.857142857142854,4.857142857142857,DST,110.0,0.8571428571428571,0.0,364.8571428571428,0.0,0.5714285714285714
2,2013.0,9,Matt Barkley,0.0,0.5,Raiders,0.0,23.0,14.0,2.0,0.0,143.5,1.0,QB,0.0,0.0,0.0,0.0,0.0,0.0,0.0,0.0,0.0,Raiders,0.2857142857142857,0.8571428571428571,0.7142857142857143,Eagles,241.0,21.428571428571427,11.0,DST,89.85714285714286,3.0,0.0,330.85714285714283,0.2857142857142857,0.42857142857142855
