,Year,Week,Name,Fumble TD,Fumbles Lost,Opponent_x,Pass 2PT,Pass Attempts,Pass Completions,Pass Interceptions,Pass TD,Pass Yards,Points_x,Position_x,Receiving 2PT,Receiving TD,Receiving Yards,Receptions,Rush 2PT,Rush Attempts,Rush TD,Rush Yards,Away Games_x,Team,Blocks,Fumble Returns,Interception,Opponent_y,Pass Yards Allowed,Point After,Points_y,Position_y,Rush Yards Allowed,Sack,Safety,Total Yards,Touchdowns,Away Games_y
0,2015.0,8,Kendall Gaskins,0.0,0.0,Rams,0.0,0.0,0.0,0.0,0.0,0.0,1.0,RB,0.0,0.0,17.0,2.0,0.0,5.0,0.0,6.0,1.0,Rams,0.0,1.3333333333333333,0.8333333333333334,49ers,243.16666666666663,19.83333333333333,13.5,DST,108.16666666666669,3.8333333333333335,0.0,351.33333333333326,0.3333333333333333,0.5
1,2015.0,9,Kendall Gaskins,0.0,0.0,Falcons,0.0,0.0,0.0,0.0,0.0,0.0,1.0,RB,0.0,0.0,17.0,2.0,0.0,5.0,0.0,6.0,1.0,Falcons,0.0,0.5,1.0,49ers,262.0,21.625,9.5,DST,83.375,1.25,0.0,345.375,0.5,0.5
2,2015.0,15,Kendall Gaskins,0.0,0.0,Bengals,0.0,0.0,0.0,0.0,0.0,0.0,1.5,RB,0.0,0.0,8.5,1.0,0.0,6.0,0.0,13.0,0.5,Bengals,0.07692307692307693,0.38461538461538464,1.2307692307692308,49ers,242.61538461538458,17.615384615384613,10.538461538461537,DST,96.15384615384615,2.6153846153846154,0.0,338.76923076923083,0.07692307692307693,0.4615384615384616
3,2015.0,16,Kendall Gaskins,0.0,0.0,Lions,0.0,0.0,0.0,0.0,0.0,0.0,2.6666666666666665,RB,0.0,0.0,23.0,2.6666666666666665,0.0,4.666666666666667,0.0,8.666666666666666,0.3333333333333333,Lions,0.0,0.5714285714285714,0.42857142857142855,49ers,239.57142857142856,25.92857142857143,7.571428571428571,DST,112.57142857142857,2.5,0.14285714285714285,352.1428571428572,0.14285714285714285,0.5
