,Year,Week,Name,Fumble TD,Fumbles Lost,Opponent_x,Pass 2PT,Pass Attempts,Pass Completions,Pass Interceptions,Pass TD,Pass Yards,Points_x,Position_x,Receiving 2PT,Receiving TD,Receiving Yards,Receptions,Rush 2PT,Rush Attempts,Rush TD,Rush Yards,Away Games_x,Team,Blocks,Fumble Returns,Interception,Opponent_y,Pass Yards Allowed,Point After,Points_y,Position_y,Rush Yards Allowed,Sack,Safety,Total Yards,Touchdowns,Away Games_y
0,2012.0,1,David Thomas,0.0,0.0,Redskins,0.0,0.0,0.0,0.0,0.0,0.0,0.0,TE,0.0,0.0,5.0,1.0,0.0,0.0,0.0,0.0,0.0,Redskins,0.0,0.0,2.0,Saints,326.0,32.0,6.0,DST,32.0,2.0,0.0,358.0,0.0,1.0
1,2012.0,4,David Thomas,0.0,0.0,Packers,0.0,0.0,0.0,0.0,0.0,0.0,0.0,TE,0.0,0.0,5.0,1.0,0.0,0.0,0.0,0.0,0.0,Packers,0.0,0.0,1.3333333333333333,Saints,125.33333333333331,18.0,12.333333333333336,DST,135.66666666666666,4.0,0.0,261.0,0.3333333333333333,0.3333333333333333
2,2012.0,7,David Thomas,0.0,0.0,Buccaneers,0.0,0.0,0.0,0.0,0.0,0.0,0.0,TE,0.0,0.0,5.5,1.0,0.0,0.0,0.0,0.0,0.5,Buccaneers,0.2,0.4,1.6,Saints,312.2,20.2,12.2,DST,75.0,1.6,0.0,387.2,0.4,0.4
3,2012.0,12,David Thomas,0.0,0.0,49ers,0.0,0.0,0.0,0.0,0.0,0.0,2.6666666666666665,TE,0.0,0.3333333333333333,12.666666666666664,1.3333333333333333,0.0,0.0,0.0,0.0,0.6666666666666666,49ers,0.2,0.7,0.8,Saints,182.9,13.4,12.0,DST,94.3,2.3,0.1,277.2,0.1,0.4
4,2012.0,15,David Thomas,0.0,0.0,Buccaneers,0.0,0.0,0.0,0.0,0.0,0.0,4.0,TE,0.0,0.5,15.5,2.0,0.0,0.0,0.0,0.0,0.5,Buccaneers,0.15384615384615385,0.5384615384615384,1.3076923076923077,Saints,311.61538461538464,23.69230769230769,9.76923076923077,DST,78.23076923076924,1.8461538461538465,0.0,389.8461538461538,0.3076923076923077,0.4615384615384616
5,2012.0,16,David Thomas,0.0,0.0,Cowboys,0.0,0.0,0.0,0.0,0.0,0.0,4.8,TE,0.0,0.6,16.6,2.0,0.0,0.0,0.0,0.0,0.4,Cowboys,0.0,0.6428571428571429,0.5,Saints,225.07142857142856,24.142857142857146,8.5,DST,115.21428571428572,2.357142857142857,0.0,340.2857142857143,0.2857142857142857,0.5
