,Year,Week,Name,Fumble TD,Fumbles Lost,Opponent,Pass 2PT,Pass Attempts,Pass Completions,Pass Interceptions,Pass TD,Pass Yards,Points,Position,Receiving 2PT,Receiving TD,Receiving Yards,Receptions,Rush 2PT,Rush Attempts,Rush TD,Rush Yards,Away Games
8131,2015.0,10,Wes Welker,0.0,0.0,Bears,0.0,0.0,0.0,0.0,0.0,0.0,3.0,WR,0.0,0.0,32.0,3.0,0.0,0.0,0.0,0.0,0.0
8254,2015.0,11,Wes Welker,0.0,0.0,Ravens,0.0,0.0,0.0,0.0,0.0,0.0,3.0,WR,0.0,0.0,32.0,3.0,0.0,0.0,0.0,0.0,0.0
8364,2015.0,12,Wes Welker,0.0,0.0,Bengals,0.0,0.0,0.0,0.0,0.0,0.0,2.0,WR,0.0,0.0,22.5,2.5,0.0,0.0,0.0,0.0,0.5
8476,2015.0,13,Wes Welker,0.0,0.0,Cardinals,0.0,0.0,0.0,0.0,0.0,0.0,1.6666666666666667,WR,0.0,0.0,19.0,2.3333333333333335,0.0,0.0,0.0,0.0,0.6666666666666666
8598,2015.0,14,Wes Welker,0.0,0.0,Lions,0.0,0.0,0.0,0.0,0.0,0.0,1.5,WR,0.0,0.0,18.0,2.25,0.0,0.0,0.0,0.0,0.5
8844,2015.0,16,Wes Welker,0.0,0.0,Seahawks,0.0,0.0,0.0,0.0,0.0,0.0,1.4,WR,0.0,0.0,16.6,2.0,0.0,0.0,0.0,0.0,0.4
8945,2015.0,17,Wes Welker,0.0,0.0,49ers,0.0,0.0,0.0,0.0,0.0,0.0,1.1666666666666667,WR,0.0,0.0,14.333333333333334,1.8333333333333333,0.0,0.0,0.0,0.0,0.5
