,Year,Week,Name,Fumble TD,Fumbles Lost,Opponent_x,Pass 2PT,Pass Attempts,Pass Completions,Pass Interceptions,Pass TD,Pass Yards,Points_x,Position_x,Receiving 2PT,Receiving TD,Receiving Yards,Receptions,Rush 2PT,Rush Attempts,Rush TD,Rush Yards,Away Games_x,Team,Blocks,Fumble Returns,Interception,Opponent_y,Pass Yards Allowed,Point After,Points_y,Position_y,Rush Yards Allowed,Sack,Safety,Total Yards,Touchdowns,Away Games_y
0,2015.0,10,Wes Welker,0.0,0.0,Bears,0.0,0.0,0.0,0.0,0.0,0.0,3.0,WR,0.0,0.0,32.0,3.0,0.0,0.0,0.0,0.0,0.0,Bears,0.125,0.625,0.5,Rams,220.25,27.625,6.0,DST,121.625,1.75,0.0,341.875,0.0,0.5
1,2015.0,11,Wes Welker,0.0,0.0,Ravens,0.0,0.0,0.0,0.0,0.0,0.0,3.0,WR,0.0,0.0,32.0,3.0,0.0,0.0,0.0,0.0,0.0,Ravens,0.3333333333333333,0.1111111111111111,0.4444444444444444,Rams,271.0,26.222222222222218,7.111111111111112,DST,98.66666666666669,2.6666666666666665,0.0,369.66666666666674,0.2222222222222222,0.5555555555555556
2,2015.0,12,Wes Welker,0.0,0.0,Bengals,0.0,0.0,0.0,0.0,0.0,0.0,2.0,WR,0.0,0.0,22.5,2.5,0.0,0.0,0.0,0.0,0.5,Bengals,0.0,0.4,1.1,Rams,242.8,18.6,9.4,DST,100.4,2.8,0.0,343.2,0.0,0.5
3,2015.0,13,Wes Welker,0.0,0.0,Cardinals,0.0,0.0,0.0,0.0,0.0,0.0,1.6666666666666667,WR,0.0,0.0,19.0,2.333333333333333,0.0,0.0,0.0,0.0,0.6666666666666666,Cardinals,0.0,0.5454545454545454,1.3636363636363635,Rams,235.27272727272728,20.818181818181817,11.272727272727273,DST,91.0909090909091,1.9090909090909087,0.18181818181818185,326.3636363636364,0.3636363636363637,0.5454545454545454
4,2015.0,14,Wes Welker,0.0,0.0,Lions,0.0,0.0,0.0,0.0,0.0,0.0,1.5,WR,0.0,0.0,18.0,2.25,0.0,0.0,0.0,0.0,0.5,Lions,0.0,0.6666666666666666,0.4166666666666667,Rams,242.5,26.25,8.333333333333334,DST,108.66666666666669,2.75,0.16666666666666666,351.16666666666674,0.16666666666666666,0.4166666666666667
5,2015.0,16,Wes Welker,0.0,0.0,Seahawks,0.0,0.0,0.0,0.0,0.0,0.0,1.4,WR,0.0,0.0,16.6,2.0,0.0,0.0,0.0,0.0,0.4,Seahawks,0.0,0.5714285714285714,0.7857142857142857,Rams,218.28571428571428,17.714285714285715,12.214285714285715,DST,83.92857142857143,2.5,0.0,302.2142857142857,0.35714285714285715,0.5
6,2015.0,17,Wes Welker,0.0,0.0,49ers,0.0,0.0,0.0,0.0,0.0,0.0,1.1666666666666667,WR,0.0,0.0,14.333333333333336,1.8333333333333333,0.0,0.0,0.0,0.0,0.5,49ers,0.2,0.2,0.6,Rams,263.2,24.73333333333333,6.7333333333333325,DST,125.8,1.8666666666666667,0.0,389.0,0.06666666666666668,0.5333333333333333
