,Year,Week,Name,Fumble TD,Fumbles Lost,Opponent_x,Pass 2PT,Pass Attempts,Pass Completions,Pass Interceptions,Pass TD,Pass Yards,Points_x,Position_x,Receiving 2PT,Receiving TD,Receiving Yards,Receptions,Rush 2PT,Rush Attempts,Rush TD,Rush Yards,Away Games_x,Team,Blocks,Fumble Returns,Interception,Opponent_y,Pass Yards Allowed,Point After,Points_y,Position_y,Rush Yards Allowed,Sack,Safety,Total Yards,Touchdowns,Away Games_y
0,2016.0,3,Trevone Boykin,0.0,0.0,49ers,0.0,9.0,7.0,1.0,1.0,65.0,6.0,QB,0.0,0.0,0.0,0.0,0.0,2.0,0.0,-2.0,0.0,49ers,0.5,1.5,1.5,Seahawks,236.5,23.0,13.5,DST,120.5,1.5,0.0,357.0,0.0,0.5
1,2016.0,11,Trevone Boykin,0.0,0.0,Eagles,0.0,9.0,7.0,1.0,1.0,65.0,6.0,QB,0.0,0.0,0.0,0.0,0.0,2.0,0.0,-2.0,0.0,Eagles,0.1111111111111111,0.7777777777777778,1.0,Seahawks,222.44444444444446,17.777777777777782,12.555555555555555,DST,100.55555555555556,2.7777777777777777,0.1111111111111111,323.0,0.3333333333333333,0.5555555555555556
2,2016.0,13,Trevone Boykin,0.0,0.0,Panthers,0.0,4.5,3.5,0.5,0.5,32.5,3.0,QB,0.0,0.0,0.0,0.0,0.0,1.5,0.0,-3.5,0.0,Panthers,0.09090909090909093,0.4545454545454545,1.0,Seahawks,275.1818181818182,25.54545454545455,9.909090909090908,DST,79.45454545454545,2.8181818181818183,0.0,354.6363636363636,0.2727272727272727,0.4545454545454545
3,2016.0,17,Trevone Boykin,0.0,0.0,49ers,0.0,4.0,3.0,0.3333333333333333,0.3333333333333333,34.333333333333336,2.333333333333333,QB,0.0,0.0,0.0,0.0,0.0,1.3333333333333333,0.0,-2.0,0.0,49ers,0.06666666666666668,0.6666666666666666,0.6666666666666666,Seahawks,237.26666666666668,30.33333333333333,5.866666666666666,DST,171.13333333333333,2.066666666666667,0.0,408.4,0.0,0.5333333333333333
