,Unnamed: 0,Unnamed: 0.1,Fumble TD,Fumbles Lost,Name,Opponent,Pass 2PT,Pass Attempts,Pass Completions,Pass Interceptions,Pass TD,Pass Yards,Points,Position,Receiving 2PT,Receiving TD,Receiving Yards,Receptions,Rush 2PT,Rush Attempts,Rush TD,Rush Yards,Week,Year
2,2,2.0,0.0,0.0,Kenny Golladay,Lions,0.0,0.0,0.0,0.0,0.0,0.0,18.0,WR,0.0,2.0,69.0,4.0,0.0,0.0,0.0,0.0,1,2017.0
211,211,2.0,0.0,0.0,Kenny Golladay,Giants,0.0,0.0,0.0,0.0,0.0,0.0,18.0,WR,0.0,2.0,69.0,4.0,0.0,0.0,0.0,0.0,2,2017.0
297,297,106.5,0.0,0.0,Kenny Golladay,Lions,0.0,0.0,0.0,0.0,0.0,0.0,9.0,WR,0.0,1.0,38.5,2.5,0.0,0.0,0.0,0.0,3,2017.0
997,997,170.0,0.0,0.0,Kenny Golladay,Lions,0.0,0.0,0.0,0.0,0.0,0.0,6.666666666666667,WR,0.0,0.6666666666666666,34.0,2.3333333333333335,0.0,0.0,0.0,0.0,10,2017.0
1108,1108,376.75,0.0,0.0,Kenny Golladay,Bears,0.0,0.0,0.0,0.0,0.0,0.0,6.5,WR,0.0,0.5,41.5,2.25,0.0,0.0,0.0,0.0,11,2017.0
1212,1212,523.0,0.0,0.0,Kenny Golladay,Lions,0.0,0.0,0.0,0.0,0.0,0.0,6.2,WR,0.0,0.4,43.6,2.2,0.0,0.0,0.0,0.0,12,2017.0
1335,1335,637.8333333333334,0.0,0.0,Kenny Golladay,Ravens,0.0,0.0,0.0,0.0,0.0,0.0,6.166666666666667,WR,0.0,0.3333333333333333,46.5,2.1666666666666665,0.0,0.0,0.0,0.0,13,2017.0
