,Year,Week,Name,Fumble TD,Fumbles Lost,Opponent_x,Pass 2PT,Pass Attempts,Pass Completions,Pass Interceptions,Pass TD,Pass Yards,Points_x,Position_x,Receiving 2PT,Receiving TD,Receiving Yards,Receptions,Rush 2PT,Rush Attempts,Rush TD,Rush Yards,Away Games_x,Team,Blocks,Fumble Returns,Interception,Opponent_y,Pass Yards Allowed,Point After,Points_y,Position_y,Rush Yards Allowed,Sack,Safety,Total Yards,Touchdowns,Away Games_y
0,2016.0,2,Darren Fells,0.0,0.0,Buccaneers,0.0,0.0,0.0,0.0,0.0,0.0,3.0,TE,0.0,0.0,31.0,4.0,0.0,0.0,0.0,0.0,0.0,Buccaneers,0.0,0.0,0.0,Cardinals,322.0,24.0,4.0,DST,52.0,3.0,0.0,374.0,0.0,1.0
1,2016.0,3,Darren Fells,0.0,0.0,Bills,0.0,0.0,0.0,0.0,0.0,0.0,3.0,TE,0.0,0.0,31.0,4.0,0.0,0.0,0.0,0.0,0.0,Bills,0.0,1.0,0.0,Cardinals,297.5,25.0,11.0,DST,103.0,2.5,0.0,400.5,0.5,0.5
2,2016.0,6,Darren Fells,0.0,0.0,Jets,0.0,0.0,0.0,0.0,0.0,0.0,1.3333333333333333,TE,0.0,0.0,17.666666666666668,2.6666666666666665,0.0,0.0,0.0,0.0,0.3333333333333333,Jets,0.0,0.4,0.4,Cardinals,303.0,27.2,4.6,DST,68.4,2.4,0.0,371.4,0.0,0.6
3,2016.0,13,Darren Fells,0.0,0.0,Redskins,0.0,0.0,0.0,0.0,0.0,0.0,1.2,TE,0.0,0.0,16.6,2.0,0.0,0.0,0.0,0.0,0.4,Redskins,0.0,0.6363636363636364,0.6363636363636364,Cardinals,252.9090909090909,24.0,8.090909090909092,DST,116.72727272727272,2.5454545454545454,0.0,369.6363636363636,0.09090909090909093,0.4545454545454545
4,2016.0,14,Darren Fells,0.0,0.0,Dolphins,0.0,0.0,0.0,0.0,0.0,0.0,1.0,TE,0.0,0.0,15.333333333333336,1.8333333333333333,0.0,0.0,0.0,0.0,0.3333333333333333,Dolphins,0.16666666666666666,0.5,0.9166666666666666,Cardinals,242.75,23.16666666666667,8.75,DST,130.33333333333334,2.083333333333333,0.0,373.08333333333326,0.25,0.5
5,2016.0,15,Darren Fells,0.0,0.0,Saints,0.0,0.0,0.0,0.0,0.0,0.0,1.0,TE,0.0,0.0,14.857142857142858,1.7142857142857142,0.0,0.0,0.0,0.0,0.42857142857142855,Saints,0.0,0.7692307692307693,0.5384615384615384,Cardinals,268.3076923076923,27.0,6.0769230769230775,DST,98.3846153846154,2.0,0.07692307692307693,366.6923076923077,0.0,0.4615384615384616
