,Year,Week,Name,Fumble TD,Fumbles Lost,Opponent,Pass 2PT,Pass Attempts,Pass Completions,Pass Interceptions,Pass TD,Pass Yards,Points,Position,Receiving 2PT,Receiving TD,Receiving Yards,Receptions,Rush 2PT,Rush Attempts,Rush TD,Rush Yards,Away Games
4195,2016.0,2,Darren Fells,0.0,0.0,Buccaneers,0.0,0.0,0.0,0.0,0.0,0.0,3.0,TE,0.0,0.0,31.0,4.0,0.0,0.0,0.0,0.0,0.0
4259,2016.0,3,Darren Fells,0.0,0.0,Bills,0.0,0.0,0.0,0.0,0.0,0.0,3.0,TE,0.0,0.0,31.0,4.0,0.0,0.0,0.0,0.0,0.0
4314,2016.0,4,Darren Fells,0.0,0.0,LA,0.0,0.0,0.0,0.0,0.0,0.0,2.0,TE,0.0,0.0,23.0,3.0,0.0,0.0,0.0,0.0,0.5
4409,2016.0,6,Darren Fells,0.0,0.0,Jets,0.0,0.0,0.0,0.0,0.0,0.0,1.3333333333333333,TE,0.0,0.0,17.666666666666668,2.6666666666666665,0.0,0.0,0.0,0.0,0.3333333333333333
4625,2016.0,11,Darren Fells,0.0,0.0,Min,0.0,0.0,0.0,0.0,0.0,0.0,1.0,TE,0.0,0.0,15.25,2.25,0.0,0.0,0.0,0.0,0.25
4734,2016.0,13,Darren Fells,0.0,0.0,Redskins,0.0,0.0,0.0,0.0,0.0,0.0,1.2,TE,0.0,0.0,16.6,2.0,0.0,0.0,0.0,0.0,0.4
4775,2016.0,14,Darren Fells,0.0,0.0,Dolphins,0.0,0.0,0.0,0.0,0.0,0.0,1.0,TE,0.0,0.0,15.333333333333334,1.8333333333333333,0.0,0.0,0.0,0.0,0.3333333333333333
4832,2016.0,15,Darren Fells,0.0,0.0,Saints,0.0,0.0,0.0,0.0,0.0,0.0,1.0,TE,0.0,0.0,14.857142857142858,1.7142857142857142,0.0,0.0,0.0,0.0,0.42857142857142855
4910,2016.0,17,Darren Fells,0.0,0.0,LA,0.0,0.0,0.0,0.0,0.0,0.0,1.0,TE,0.0,0.0,14.625,1.625,0.0,0.0,0.0,0.0,0.375
