,Unnamed: 0,Unnamed: 0.1,Fumble TD,Fumbles Lost,Name,Opponent,Pass 2PT,Pass Attempts,Pass Completions,Pass Interceptions,Pass TD,Pass Yards,Points,Position,Receiving 2PT,Receiving TD,Receiving Yards,Receptions,Rush 2PT,Rush Attempts,Rush TD,Rush Yards,Week,Year
93,93,93.0,0.0,0.0,Aldrick Robinson,49ers,0.0,0.0,0.0,0.0,0.0,0.0,0.0,WR,0.0,0.0,7.0,1.0,0.0,0.0,0.0,0.0,1,2017.0
294,294,93.0,0.0,0.0,Aldrick Robinson,49ers,0.0,0.0,0.0,0.0,0.0,0.0,0.0,WR,0.0,0.0,7.0,1.0,0.0,0.0,0.0,0.0,3,2017.0
382,382,193.5,0.0,0.0,Aldrick Robinson,Cardinals,0.0,0.0,0.0,0.0,0.0,0.0,1.0,WR,0.0,0.0,15.0,1.5,0.0,0.0,0.0,0.0,4,2017.0
545,545,256.3333333333333,0.0,0.0,Aldrick Robinson,Colts,0.0,0.0,0.0,0.0,0.0,0.0,2.3333333333333335,WR,0.0,0.0,27.333333333333332,2.0,0.0,0.0,0.0,0.0,5,2017.0
568,568,328.5,0.0,0.0,Aldrick Robinson,Redskins,0.0,0.0,0.0,0.0,0.0,0.0,1.75,WR,0.0,0.0,21.75,1.75,0.0,0.0,0.0,0.0,6,2017.0
743,743,376.4,0.0,0.0,Aldrick Robinson,49ers,0.0,0.0,0.0,0.0,0.0,0.0,3.8,WR,0.0,0.2,30.6,1.8,0.0,0.0,0.0,0.0,7,2017.0
935,935,437.5,0.0,0.0,Aldrick Robinson,49ers,0.0,0.0,0.0,0.0,0.0,0.0,3.3333333333333335,WR,0.0,0.16666666666666666,28.0,1.6666666666666667,0.0,0.0,0.0,0.0,9,2017.0
1041,1041,508.57142857142856,0.0,0.0,Aldrick Robinson,49ers,0.0,0.0,0.0,0.0,0.0,0.0,3.0,WR,0.0,0.14285714285714285,26.571428571428573,1.7142857142857142,0.0,0.0,0.0,0.0,10,2017.0
1278,1278,575.125,0.0,0.0,Aldrick Robinson,49ers,0.0,0.0,0.0,0.0,0.0,0.0,2.75,WR,0.0,0.125,24.75,1.625,0.0,0.0,0.0,0.0,12,2017.0
