,Unnamed: 0,50+,FGA,FGM,Name,Opponent,Points,Position,Week,XPA,XPM,Year,Away Games
2960,351.0,0.0,1.0,1.0,Graham Gano,Eagles,6.0,K,12,4.0,3.0,2012.0,1.0
3001,351.0,0.0,1.0,1.0,Graham Gano,Chiefs,6.0,K,13,4.0,3.0,2012.0,1.0
3009,371.5,0.0,0.5,0.5,Graham Gano,Falcons,4.5,K,14,3.5,3.0,2012.0,1.0
3052,381.0,0.0,1.3333333333333333,1.3333333333333333,Graham Gano,Chargers,7.0,K,15,3.3333333333333335,3.0,2012.0,0.6666666666666666
3083,396.5,0.0,1.25,1.25,Graham Gano,Raiders,7.0,K,16,3.5,3.25,2012.0,0.75
3101,412.0,0.2,1.4,1.2,Graham Gano,Saints,7.0,K,17,3.2,3.0,2012.0,0.6
