,Year,Week,Name,Fumble TD,Fumbles Lost,Opponent_x,Pass 2PT,Pass Attempts,Pass Completions,Pass Interceptions,Pass TD,Pass Yards,Points_x,Position_x,Receiving 2PT,Receiving TD,Receiving Yards,Receptions,Rush 2PT,Rush Attempts,Rush TD,Rush Yards,Away Games_x,Team,Blocks,Fumble Returns,Interception,Opponent_y,Pass Yards Allowed,Point After,Points_y,Position_y,Rush Yards Allowed,Sack,Safety,Total Yards,Touchdowns,Away Games_y
0,2013.0,6,Austin Collie,0.0,0.0,Saints,0.0,0.0,0.0,0.0,0.0,0.0,2.0,WR,0.0,0.0,24.0,2.0,0.0,0.0,0.0,0.0,0.0,Saints,0.0,0.8,1.4,Patriots,221.8,14.6,12.0,DST,108.6,3.0,0.0,330.4,0.0,0.4
1,2013.0,7,Austin Collie,0.0,0.0,Jets,0.0,0.0,0.0,0.0,0.0,0.0,2.0,WR,0.0,0.0,24.0,2.0,0.0,0.0,0.0,0.0,0.0,Jets,0.0,0.3333333333333333,0.16666666666666666,Patriots,228.16666666666663,22.5,7.833333333333332,DST,75.66666666666667,3.333333333333333,0.16666666666666666,303.8333333333333,0.0,0.5
2,2013.0,14,Austin Collie,0.0,0.0,Browns,0.0,0.0,0.0,0.0,0.0,0.0,1.5,WR,0.0,0.0,17.0,1.5,0.0,0.0,0.0,0.0,0.5,Browns,0.0,0.4166666666666667,0.75,Patriots,207.83333333333331,24.75,8.5,DST,98.91666666666669,2.75,0.0,306.75,0.25,0.4166666666666667
3,2013.0,15,Austin Collie,0.0,0.0,Dolphins,0.0,0.0,0.0,0.0,0.0,0.0,1.0,WR,0.0,0.0,12.666666666666664,1.3333333333333333,0.0,0.0,0.0,0.0,0.3333333333333333,Dolphins,0.15384615384615385,0.4615384615384616,1.2307692307692308,Patriots,229.84615384615384,21.23076923076923,10.769230769230768,DST,118.84615384615385,3.0769230769230766,0.07692307692307693,348.6923076923077,0.15384615384615385,0.5384615384615384
