,Year,Week,Name,Fumble TD,Fumbles Lost,Opponent,Pass 2PT,Pass Attempts,Pass Completions,Pass Interceptions,Pass TD,Pass Yards,Points,Position,Receiving 2PT,Receiving TD,Receiving Yards,Receptions,Rush 2PT,Rush Attempts,Rush TD,Rush Yards,Away Games
3665,2016.0,2,Drew Stanton,0.0,0.0,Buccaneers,0.0,4.0,1.0,0.0,0.0,11.0,0.0,QB,0.0,0.0,0.0,0.0,0.0,0.0,0.0,0.0,0.0
3737,2016.0,4,Drew Stanton,0.0,0.0,LA,0.0,4.0,1.0,0.0,0.0,11.0,0.0,QB,0.0,0.0,0.0,0.0,0.0,0.0,0.0,0.0,0.0
3754,2016.0,5,Drew Stanton,0.0,0.0,49ers,0.0,7.5,2.5,1.0,0.0,24.0,-1.5,QB,0.0,0.0,0.0,0.0,0.0,0.0,0.0,0.0,0.0
3800,2016.0,6,Drew Stanton,0.0,0.0,Jets,0.0,14.333333333333334,5.333333333333333,0.6666666666666666,0.6666666666666666,57.333333333333336,4.333333333333333,QB,0.0,0.0,0.0,0.0,0.0,0.6666666666666666,0.0,-0.6666666666666666,0.3333333333333333
4186,2016.0,17,Drew Stanton,0.0,0.0,LA,0.0,11.0,4.25,0.5,0.5,46.0,3.25,QB,0.0,0.0,0.0,0.0,0.0,0.75,0.0,-0.75,0.25
