,Year,Week,Name,Fumble TD,Fumbles Lost,Opponent_x,Pass 2PT,Pass Attempts,Pass Completions,Pass Interceptions,Pass TD,Pass Yards,Points_x,Position_x,Receiving 2PT,Receiving TD,Receiving Yards,Receptions,Rush 2PT,Rush Attempts,Rush TD,Rush Yards,Away Games_x,Team,Blocks,Fumble Returns,Interception,Opponent_y,Pass Yards Allowed,Point After,Points_y,Position_y,Rush Yards Allowed,Sack,Safety,Total Yards,Touchdowns,Away Games_y
0,2014.0,12,Josh Gordon,0.0,0.0,Falcons,0.0,1.0,0.0,0.0,0.0,0.0,12.0,WR,0.0,0.0,120.0,8.0,0.0,0.0,0.0,0.0,1.0,Falcons,0.2,0.9,0.9,Browns,281.2,25.5,8.0,DST,122.2,1.3,0.0,403.4,0.2,0.6
1,2014.0,13,Josh Gordon,0.0,0.0,Bills,0.0,1.0,0.0,0.0,0.0,0.0,12.0,WR,0.0,0.0,120.0,8.0,0.0,0.0,0.0,0.0,1.0,Bills,0.18181818181818185,0.8181818181818182,1.181818181818182,Browns,213.8181818181818,18.818181818181817,13.0,DST,98.36363636363636,4.181818181818182,0.0,312.1818181818182,0.18181818181818185,0.4545454545454545
2,2014.0,14,Josh Gordon,0.0,0.0,Colts,0.0,0.5,0.0,0.0,0.0,0.0,9.5,WR,0.0,0.0,97.5,7.5,0.0,0.0,0.0,0.0,1.0,Colts,0.08333333333333333,0.9166666666666666,0.75,Browns,257.0,23.58333333333333,10.416666666666666,DST,107.75,2.833333333333333,0.0,364.75,0.16666666666666666,0.4166666666666667
3,2014.0,15,Josh Gordon,0.0,0.0,Bengals,0.0,0.3333333333333333,0.0,0.0,0.0,0.0,6.666666666666668,WR,0.0,0.0,70.0,5.666666666666668,0.0,0.0,0.0,0.0,0.6666666666666666,Bengals,0.07692307692307693,0.38461538461538464,0.9230769230769232,Browns,247.46153846153842,22.23076923076923,7.6923076923076925,DST,130.30769230769232,1.1538461538461535,0.2307692307692308,377.76923076923083,0.0,0.4615384615384616
4,2014.0,16,Josh Gordon,0.0,0.0,Panthers,0.0,0.25,0.0,0.0,0.0,0.0,6.0,WR,0.0,0.0,64.5,5.0,0.0,0.0,0.0,0.0,0.5,Panthers,0.0,0.7857142857142857,0.7857142857142857,Browns,234.0,25.57142857142857,8.214285714285714,DST,117.5,2.2142857142857144,0.0,351.5,0.07142857142857142,0.5
