,Year,Week,Name,Fumble TD,Fumbles Lost,Opponent_x,Pass 2PT,Pass Attempts,Pass Completions,Pass Interceptions,Pass TD,Pass Yards,Points_x,Position_x,Receiving 2PT,Receiving TD,Receiving Yards,Receptions,Rush 2PT,Rush Attempts,Rush TD,Rush Yards,Away Games_x,Team,Blocks,Fumble Returns,Interception,Opponent_y,Pass Yards Allowed,Point After,Points_y,Position_y,Rush Yards Allowed,Sack,Safety,Total Yards,Touchdowns,Away Games_y
0,2015.0,1,Bobby Rainey,0.0,0.0,Titans,0.0,0.0,0.0,0.0,0.0,0.0,1.0,RB,0.0,0.0,4.0,1.0,0.0,3.0,0.0,10.0,0.0,Titans,0.0,0.0,2.0,Buccaneers,181.0,14.0,18.0,DST,92.0,4.0,0.0,273.0,1.0,1.0
1,2015.0,2,Bobby Rainey,0.0,0.0,Saints,0.0,0.0,0.0,0.0,0.0,0.0,1.0,RB,0.0,0.0,4.0,1.0,0.0,3.0,0.0,10.0,0.0,Saints,0.0,1.0,0.0,Buccaneers,307.0,31.0,2.0,DST,120.0,0.0,0.0,427.0,0.0,1.0
2,2015.0,7,Bobby Rainey,0.0,0.0,Redskins,0.0,0.0,0.0,0.0,0.0,0.0,0.5,RB,0.0,0.0,6.0,1.0,0.0,1.5,0.0,5.0,0.5,Redskins,0.16666666666666666,1.0,0.5,Buccaneers,222.5,23.0,10.0,DST,118.16666666666669,2.0,0.0,340.6666666666667,0.3333333333333333,0.5
3,2015.0,9,Bobby Rainey,0.0,0.0,Giants,0.0,0.0,0.0,0.0,0.0,0.0,0.3333333333333333,RB,0.0,0.0,5.333333333333333,1.0,0.0,1.0,0.0,3.333333333333333,0.6666666666666666,Giants,0.125,0.5,1.625,Buccaneers,315.375,26.0,10.875,DST,112.125,1.125,0.125,427.5,0.5,0.5
4,2015.0,11,Bobby Rainey,0.0,0.0,Eagles,0.0,0.0,0.0,0.0,0.0,0.0,0.25,RB,0.0,0.0,4.0,0.75,0.0,1.0,0.0,3.25,0.5,Eagles,0.0,0.8888888888888888,1.3333333333333333,Buccaneers,246.77777777777774,20.444444444444443,12.222222222222221,DST,111.33333333333331,2.555555555555556,0.1111111111111111,358.11111111111114,0.3333333333333333,0.5555555555555556
5,2015.0,17,Bobby Rainey,0.0,0.0,Panthers,0.0,0.0,0.0,0.0,0.0,0.0,0.2,RB,0.0,0.0,3.2,0.6,0.0,1.0,0.0,3.6,0.6,Panthers,0.0,0.9333333333333332,1.4666666666666666,Buccaneers,229.53333333333333,19.866666666666667,12.8,DST,89.2,2.8,0.0,318.73333333333335,0.3333333333333333,0.5333333333333333
