,Unnamed: 0.1_x,Unnamed: 0.1.1_x,Fumble TD,Fumbles Lost,Name,Opponent_x,Pass 2PT,Pass Attempts,Pass Completions,Pass Interceptions,Pass TD,Pass Yards,Points_x,Position_x,Receiving 2PT,Receiving TD,Receiving Yards,Receptions,Rush 2PT,Rush Attempts,Rush TD,Rush Yards,Week,Year,Unnamed: 0.1_y,Unnamed: 0.1.1_y,Blocks,Fumble Returns,Interception,Opponent_y,Pass Yards Allowed,Point After,Points_y,Position_y,Rush Yards Allowed,Sack,Safety,Team,Total Yards,Touchdowns
0,187,187.0,0.0,0.0,C.J. Beathard,Redskins,0.0,36.0,19.0,1.0,1.0,245.0,14.0,QB,0.0,0.0,0.0,0.0,0.0,1.0,0.0,14.0,6,2017.0,177,60.0,0.0,0.75,1.0,49ers,222.5,22.25,10.75,DST,88.75,3.0,0.0,Redskins,311.25,0.25
1,217,187.0,0.0,0.0,C.J. Beathard,49ers,0.0,36.0,19.0,1.0,1.0,245.0,14.0,QB,0.0,0.0,0.0,0.0,0.0,1.0,0.0,14.0,7,2017.0,211,96.33333333333331,0.0,0.6666666666666666,0.6666666666666666,Cowboys,262.3333333333333,24.33333333333333,7.333333333333332,DST,112.83333333333331,2.333333333333333,0.0,49ers,375.16666666666674,0.0
2,254,202.0,0.0,1.0,C.J. Beathard,Eagles,0.0,37.0,20.5,0.5,0.5,240.0,15.0,QB,0.0,0.0,0.0,0.0,0.0,3.0,0.5,22.0,8,2017.0,214,107.85714285714286,0.14285714285714285,0.7142857142857143,1.0,49ers,272.85714285714283,20.857142857142858,9.428571428571429,DST,67.0,2.571428571428572,0.0,Eagles,339.85714285714283,0.14285714285714285
3,284,219.33333333333331,0.0,0.6666666666666666,C.J. Beathard,49ers,0.0,36.66666666666666,19.33333333333333,1.0,0.6666666666666666,215.66666666666663,14.0,QB,0.0,0.0,0.0,0.0,0.0,4.0,0.3333333333333333,28.0,9,2017.0,254,127.625,0.0,0.5,0.625,Cardinals,250.25,27.375,6.125,DST,131.75,2.125,0.0,49ers,382.0,0.0
4,299,235.5,0.0,0.5,C.J. Beathard,49ers,0.0,40.25,20.5,1.0,0.5,235.25,14.5,QB,0.0,0.0,0.0,0.0,0.0,3.75,0.5,25.0,10,2017.0,281,141.66666666666666,0.0,0.5555555555555556,0.6666666666666666,Giants,244.77777777777774,26.555555555555557,6.333333333333332,DST,135.66666666666666,1.8888888888888888,0.0,49ers,380.4444444444445,0.0
5,386,248.2,0.0,0.4,C.J. Beathard,49ers,0.0,37.2,20.2,1.0,0.8,245.8,17.2,QB,0.0,0.0,0.0,0.0,0.0,4.0,0.6,23.0,12,2017.0,347,155.6,0.0,0.6,0.6,Steelers,246.3,26.0,6.3,DST,133.5,2.0,0.0,49ers,379.8,0.0
