,Year,Week,Name,Fumble TD,Fumbles Lost,Opponent_x,Pass 2PT,Pass Attempts,Pass Completions,Pass Interceptions,Pass TD,Pass Yards,Points_x,Position_x,Receiving 2PT,Receiving TD,Receiving Yards,Receptions,Rush 2PT,Rush Attempts,Rush TD,Rush Yards,Away Games_x,Team,Blocks,Fumble Returns,Interception,Opponent_y,Pass Yards Allowed,Point After,Points_y,Position_y,Rush Yards Allowed,Sack,Safety,Total Yards,Touchdowns,Away Games_y
0,2010.0,1,Matthew Stafford,0.0,1.0,Bears,0.0,15.0,11.0,0.0,0.0,83.0,2.0,QB,0.0,0.0,0.0,0.0,0.0,0.0,0.0,0.0,1.0,Bears,0.0,2.0,1.0,Lions,148.0,14.0,12.0,DST,20.0,2.0,0.0,168.0,0.0,0.0
1,2010.0,8,Matthew Stafford,0.0,1.0,Redskins,0.0,15.0,11.0,0.0,0.0,83.0,2.0,QB,0.0,0.0,0.0,0.0,0.0,0.0,0.0,0.0,1.0,Redskins,0.2857142857142857,1.2857142857142858,1.1428571428571428,Lions,292.14285714285717,19.0,13.285714285714285,DST,113.85714285714286,2.4285714285714284,0.0,406.0,0.2857142857142857,0.42857142857142855
2,2010.0,9,Matthew Stafford,0.0,0.5,Jets,0.5,30.0,18.5,0.5,2.0,147.5,17.0,QB,0.0,0.0,0.0,0.0,0.0,0.0,0.0,0.0,0.5,Jets,0.14285714285714285,1.2857142857142858,0.7142857142857143,Lions,218.57142857142856,15.714285714285715,11.714285714285715,DST,88.7142857142857,2.142857142857143,0.0,307.2857142857143,0.14285714285714285,0.42857142857142855
