,Unnamed: 0.1,50+,FGA,FGM,Name,Opponent_x,Points_x,Position_x,Week,XPA,XPM,Year,Away Games_x,Team,Blocks,Fumble Returns,Interception,Opponent_y,Pass Yards Allowed,Point After,Points_y,Position_y,Rush Yards Allowed,Sack,Safety,Total Yards,Touchdowns,Away Games_y
0,492,0,0,0,Donnie Jones,Steelers,0.0,K,16,0,0,2011,1,Steelers,0.07142857142857142,0.2857142857142857,0.7142857142857143,Rams,179.64285714285714,15.571428571428573,10.428571428571429,DST,97.21428571428572,2.142857142857143,0.14285714285714285,276.85714285714283,0.14285714285714285,0.5
1,427,0,0,0,Donnie Jones,Redskins,0.0,K,14,0,0,2016,0,Redskins,0.0,0.5833333333333334,0.5833333333333334,Eagles,255.25,24.58333333333333,7.583333333333332,DST,114.33333333333331,2.5,0.0,369.58333333333326,0.08333333333333333,0.5
