,Year,Week,Name,Fumble TD,Fumbles Lost,Opponent_x,Pass 2PT,Pass Attempts,Pass Completions,Pass Interceptions,Pass TD,Pass Yards,Points_x,Position_x,Receiving 2PT,Receiving TD,Receiving Yards,Receptions,Rush 2PT,Rush Attempts,Rush TD,Rush Yards,Away Games_x,Team,Blocks,Fumble Returns,Interception,Opponent_y,Pass Yards Allowed,Point After,Points_y,Position_y,Rush Yards Allowed,Sack,Safety,Total Yards,Touchdowns,Away Games_y
0,2013.0,5,Colt McCoy,0.0,0.0,Texans,0.0,0.0,0.0,0.0,0.0,0.0,0.0,QB,0.0,0.0,0.0,0.0,0.0,3.0,0.0,-3.0,0.0,Texans,0.0,0.25,0.5,49ers,141.0,26.25,7.25,DST,113.25,3.25,0.25,254.25,0.25,0.5
1,2013.0,8,Colt McCoy,0.0,0.0,Jaguars,0.0,0.0,0.0,0.0,0.0,0.0,0.0,QB,0.0,0.0,0.0,0.0,0.0,3.0,0.0,-3.0,0.0,Jaguars,0.14285714285714285,0.5714285714285714,0.42857142857142855,49ers,238.14285714285717,31.714285714285715,5.7142857142857135,DST,153.28571428571428,1.5714285714285714,0.14285714285714285,391.4285714285714,0.14285714285714285,0.5714285714285714
2,2013.0,15,Colt McCoy,0.0,0.0,Buccaneers,0.0,0.5,0.5,0.0,0.0,6.5,0.0,QB,0.0,0.0,0.0,0.0,0.0,1.5,0.0,-1.5,0.5,Buccaneers,0.15384615384615385,0.6153846153846154,1.6153846153846154,49ers,238.38461538461542,22.384615384615387,11.230769230769232,DST,103.69230769230771,2.3846153846153846,0.07692307692307693,342.07692307692315,0.2307692307692308,0.4615384615384616
