,Unnamed: 0,Unnamed: 0.1,Fumble TD,Fumbles Lost,Name,Opponent,Pass 2PT,Pass Attempts,Pass Completions,Pass Interceptions,Pass TD,Pass Yards,Points,Position,Receiving 2PT,Receiving TD,Receiving Yards,Receptions,Rush 2PT,Rush Attempts,Rush TD,Rush Yards,Week,Year
20,20,20.0,0.0,0.0,Pierre Garcon,49ers,0.0,0.0,0.0,0.0,0.0,0.0,8.0,WR,0.0,0.0,81.0,6.0,0.0,0.0,0.0,0.0,1,2017.0
180,180,20.0,0.0,0.0,Pierre Garcon,Steelers,0.0,0.0,0.0,0.0,0.0,0.0,8.0,WR,0.0,0.0,81.0,6.0,0.0,0.0,0.0,0.0,2,2017.0
239,239,100.0,0.0,0.0,Pierre Garcon,49ers,0.0,0.0,0.0,0.0,0.0,0.0,5.0,WR,0.0,0.0,53.5,4.5,0.0,0.0,0.0,0.0,3,2017.0
409,409,146.33333333333334,0.0,0.0,Pierre Garcon,Cardinals,0.0,0.0,0.0,0.0,0.0,0.0,8.0,WR,0.0,0.0,83.0,5.333333333333333,0.0,0.0,0.0,0.0,4,2017.0
476,476,212.0,0.0,0.0,Pierre Garcon,Colts,0.0,0.0,0.0,0.0,0.0,0.0,6.75,WR,0.0,0.0,71.25,5.0,0.0,0.0,0.0,0.0,5,2017.0
601,601,264.8,0.0,0.0,Pierre Garcon,Redskins,0.0,0.0,0.0,0.0,0.0,0.0,7.2,WR,0.0,0.0,75.8,5.6,0.0,0.0,0.0,0.0,6,2017.0
707,707,320.8333333333333,0.0,0.0,Pierre Garcon,49ers,0.0,0.0,0.0,0.0,0.0,0.0,6.833333333333333,WR,0.0,0.0,72.33333333333333,5.5,0.0,0.0,0.0,0.0,7,2017.0
839,839,376.0,0.0,0.0,Pierre Garcon,Eagles,0.0,0.0,0.0,0.0,0.0,0.0,6.428571428571429,WR,0.0,0.0,69.0,5.428571428571429,0.0,0.0,0.0,0.0,8,2017.0
