,Year,Week,Name,Fumble TD,Fumbles Lost,Opponent_x,Pass 2PT,Pass Attempts,Pass Completions,Pass Interceptions,Pass TD,Pass Yards,Points_x,Position_x,Receiving 2PT,Receiving TD,Receiving Yards,Receptions,Rush 2PT,Rush Attempts,Rush TD,Rush Yards,Away Games_x,Team,Blocks,Fumble Returns,Interception,Opponent_y,Pass Yards Allowed,Point After,Points_y,Position_y,Rush Yards Allowed,Sack,Safety,Total Yards,Touchdowns,Away Games_y
0,2010.0,2,Billy Volek,0.0,0.0,Jaguars,0.0,0.0,0.0,0.0,0.0,0.0,0.0,QB,0.0,0.0,0.0,0.0,0.0,1.0,0.0,-1.0,0.0,Jaguars,0.0,1.0,1.0,Chargers,274.0,17.0,11.0,DST,89.0,3.0,0.0,363.0,0.0,0.0
1,2010.0,4,Billy Volek,0.0,0.0,Cardinals,0.0,0.0,0.0,0.0,0.0,0.0,0.0,QB,0.0,0.0,0.0,0.0,0.0,1.0,0.0,-1.0,0.0,Cardinals,0.3333333333333333,0.6666666666666666,1.3333333333333333,Chargers,231.33333333333331,25.66666666666667,11.333333333333336,DST,146.33333333333334,2.0,0.0,377.66666666666674,0.3333333333333333,0.6666666666666666
2,2010.0,15,Billy Volek,0.0,0.0,49ers,0.0,0.5,0.5,0.0,0.0,4.0,0.0,QB,0.0,0.0,0.0,0.0,0.0,1.5,0.0,-1.5,0.0,49ers,0.07692307692307693,0.4615384615384616,1.0,Chargers,227.3076923076923,21.538461538461537,9.23076923076923,DST,100.07692307692308,2.1538461538461537,0.0,327.38461538461536,0.2307692307692308,0.4615384615384616
