,Year,Week,Name,Fumble TD,Fumbles Lost,Opponent_x,Pass 2PT,Pass Attempts,Pass Completions,Pass Interceptions,Pass TD,Pass Yards,Points_x,Position_x,Receiving 2PT,Receiving TD,Receiving Yards,Receptions,Rush 2PT,Rush Attempts,Rush TD,Rush Yards,Away Games_x,Team,Blocks,Fumble Returns,Interception,Opponent_y,Pass Yards Allowed,Point After,Points_y,Position_y,Rush Yards Allowed,Sack,Safety,Total Yards,Touchdowns,Away Games_y
0,2014.0,4,Peyton Hillis,0.0,0.0,Redskins,0.0,0.0,0.0,0.0,0.0,0.0,3.0,RB,0.0,0.0,0.0,0.0,0.0,8.0,0.0,31.0,1.0,Redskins,0.0,0.6666666666666666,0.3333333333333333,Giants,218.0,21.33333333333333,9.0,DST,64.66666666666667,3.333333333333333,0.0,282.6666666666667,0.0,0.6666666666666666
1,2014.0,5,Peyton Hillis,0.0,0.0,Falcons,0.0,0.0,0.0,0.0,0.0,0.0,3.0,RB,0.0,0.0,0.0,0.0,0.0,8.0,0.0,31.0,1.0,Falcons,0.0,1.25,0.5,Giants,276.25,28.25,8.5,DST,153.5,0.75,0.0,429.75,0.5,0.5
2,2014.0,6,Peyton Hillis,0.0,0.0,Eagles,0.0,0.0,0.0,0.0,0.0,0.0,1.5,RB,0.0,0.0,0.0,0.0,0.0,5.0,0.0,19.0,0.5,Eagles,0.6,1.0,0.6,Giants,274.2,26.4,16.2,DST,132.0,2.2,0.0,406.2,1.4,0.4
3,2014.0,7,Peyton Hillis,0.0,0.0,Cowboys,0.0,0.0,0.0,0.0,0.0,0.0,2.333333333333333,RB,0.0,0.0,9.333333333333334,1.0,0.0,5.0,0.0,20.666666666666668,0.6666666666666666,Cowboys,0.0,0.5,1.1666666666666667,Giants,227.5,21.0,8.166666666666666,DST,115.0,1.1666666666666667,0.0,342.5,0.16666666666666666,0.5
4,2014.0,9,Peyton Hillis,0.0,0.0,Colts,0.0,0.0,0.0,0.0,0.0,0.0,2.25,RB,0.0,0.0,8.0,1.0,0.0,5.25,0.0,22.75,0.75,Colts,0.125,1.0,0.75,Giants,252.875,23.375,10.25,DST,99.25,2.625,0.0,352.125,0.125,0.5
5,2014.0,10,Peyton Hillis,0.0,0.0,Seahawks,0.0,0.0,0.0,0.0,0.0,0.0,3.2,RB,0.0,0.0,16.4,1.8,0.0,5.0,0.0,22.2,0.6,Seahawks,0.125,0.625,0.625,Giants,221.875,21.75,8.375,DST,83.0,1.375,0.125,304.875,0.25,0.5
