,Year,Week,Name,Fumble TD,Fumbles Lost,Opponent_x,Pass 2PT,Pass Attempts,Pass Completions,Pass Interceptions,Pass TD,Pass Yards,Points_x,Position_x,Receiving 2PT,Receiving TD,Receiving Yards,Receptions,Rush 2PT,Rush Attempts,Rush TD,Rush Yards,Away Games_x,Team,Blocks,Fumble Returns,Interception,Opponent_y,Pass Yards Allowed,Point After,Points_y,Position_y,Rush Yards Allowed,Sack,Safety,Total Yards,Touchdowns,Away Games_y
0,2012.0,6,Lance Dunbar,0.0,0.0,Ravens,0.0,0.0,0.0,0.0,0.0,0.0,1.0,RB,0.0,0.0,0.0,0.0,0.0,1.0,0.0,11.0,1.0,Ravens,0.0,1.2,1.2,Cowboys,261.4,17.8,13.4,DST,118.4,1.8,0.0,379.8,0.4,0.4
1,2012.0,9,Lance Dunbar,0.0,0.0,Falcons,0.0,0.0,0.0,0.0,0.0,0.0,1.0,RB,0.0,0.0,0.0,0.0,0.0,1.0,0.0,11.0,1.0,Falcons,0.0,1.0,1.4285714285714286,Cowboys,216.85714285714286,18.571428571428573,11.857142857142858,DST,136.42857142857142,2.7142857142857144,0.0,353.28571428571433,0.14285714285714285,0.5714285714285714
2,2012.0,10,Lance Dunbar,0.0,0.0,Eagles,0.0,0.0,0.0,0.0,0.0,0.0,1.5,RB,0.0,0.0,0.0,0.0,0.0,4.5,0.0,18.5,1.0,Eagles,0.125,0.375,0.875,Cowboys,229.375,22.875,6.0,DST,114.125,1.375,0.0,343.5,0.0,0.5
3,2012.0,11,Lance Dunbar,0.0,0.0,Browns,0.0,0.0,0.0,0.0,0.0,0.0,1.6666666666666667,RB,0.0,0.0,0.0,0.0,0.0,5.0,0.0,19.0,1.0,Browns,0.0,0.6666666666666666,1.1111111111111112,Cowboys,247.88888888888889,23.444444444444446,9.555555555555557,DST,132.22222222222223,2.2222222222222223,0.0,380.11111111111114,0.2222222222222222,0.4444444444444444
4,2012.0,12,Lance Dunbar,0.0,0.0,Redskins,0.0,0.0,0.0,0.0,0.0,0.0,1.5,RB,0.0,0.0,1.5,0.5,0.0,5.0,0.0,16.75,0.75,Redskins,0.0,0.6,1.2,Cowboys,289.2,25.4,10.0,DST,94.6,1.8,0.0,383.8,0.5,0.5
5,2012.0,14,Lance Dunbar,0.0,0.0,Bengals,0.0,0.0,0.0,0.0,0.0,0.0,1.6,RB,0.0,0.0,5.4,1.0,0.0,4.2,0.0,15.0,0.6,Bengals,0.0,0.9166666666666666,0.75,Cowboys,221.08333333333331,21.66666666666667,10.75,DST,110.25,3.25,0.0,331.3333333333333,0.08333333333333333,0.5
