,Year,Week,Name,Fumble TD,Fumbles Lost,Opponent_x,Pass 2PT,Pass Attempts,Pass Completions,Pass Interceptions,Pass TD,Pass Yards,Points_x,Position_x,Receiving 2PT,Receiving TD,Receiving Yards,Receptions,Rush 2PT,Rush Attempts,Rush TD,Rush Yards,Away Games_x,Team,Blocks,Fumble Returns,Interception,Opponent_y,Pass Yards Allowed,Point After,Points_y,Position_y,Rush Yards Allowed,Sack,Safety,Total Yards,Touchdowns,Away Games_y
0,2016.0,2,Blake Bell,0.0,0.0,Panthers,0.0,0.0,0.0,0.0,0.0,0.0,0.0,TE,0.0,0.0,6.0,1.0,0.0,0.0,0.0,0.0,1.0,Panthers,0.0,1.0,2.0,49ers,159.0,21.0,9.0,DST,148.0,2.0,0.0,307.0,0.0,1.0
1,2016.0,5,Blake Bell,0.0,0.0,Cardinals,0.0,0.0,0.0,0.0,0.0,0.0,0.0,TE,0.0,0.0,6.0,1.0,0.0,0.0,0.0,0.0,1.0,Cardinals,0.0,1.0,1.25,49ers,203.5,20.0,12.25,DST,110.0,2.75,0.25,313.5,0.25,0.25
2,2016.0,14,Blake Bell,0.0,0.0,Jets,0.0,0.0,0.0,0.0,0.0,0.0,0.0,TE,0.0,0.0,5.0,1.0,0.0,0.0,0.0,0.0,0.5,Jets,0.0,0.3333333333333333,0.5,49ers,264.4166666666667,25.58333333333333,4.666666666666667,DST,90.33333333333331,1.6666666666666667,0.0,354.75,0.0,0.5
3,2016.0,15,Blake Bell,0.0,0.0,Falcons,0.0,0.0,0.0,0.0,0.0,0.0,1.0,TE,0.0,0.0,13.333333333333336,1.0,0.0,0.0,0.0,0.0,0.3333333333333333,Falcons,0.15384615384615385,0.6923076923076923,0.6923076923076923,49ers,275.23076923076917,26.538461538461537,8.615384615384615,DST,101.07692307692308,2.1538461538461537,0.0,376.3076923076923,0.38461538461538464,0.5384615384615384
