,Year,Week,Name,Fumble TD,Fumbles Lost,Opponent_x,Pass 2PT,Pass Attempts,Pass Completions,Pass Interceptions,Pass TD,Pass Yards,Points_x,Position_x,Receiving 2PT,Receiving TD,Receiving Yards,Receptions,Rush 2PT,Rush Attempts,Rush TD,Rush Yards,Away Games_x,Team,Blocks,Fumble Returns,Interception,Opponent_y,Pass Yards Allowed,Point After,Points_y,Position_y,Rush Yards Allowed,Sack,Safety,Total Yards,Touchdowns,Away Games_y
0,2013.0,16,Lamaar Thomas,0.0,0.0,Titans,0.0,0.0,0.0,0.0,0.0,0.0,1.0,WR,0.0,0.0,13.0,1.0,0.0,0.0,0.0,0.0,0.0,Titans,0.07142857142857142,0.7142857142857143,0.7142857142857143,Jaguars,225.92857142857144,25.357142857142854,8.714285714285714,DST,119.07142857142857,2.357142857142857,0.0,345.0,0.21428571428571427,0.5
1,2013.0,17,Lamaar Thomas,0.0,0.0,Colts,0.0,0.0,0.0,0.0,0.0,0.0,1.0,WR,0.0,0.0,13.0,1.0,0.0,0.0,0.0,0.0,0.0,Colts,0.13333333333333333,0.7333333333333333,0.9333333333333332,Jaguars,226.86666666666667,21.73333333333333,10.533333333333333,DST,130.66666666666666,2.6,0.13333333333333333,357.53333333333336,0.13333333333333333,0.5333333333333333
