,Year,Week,Name,Fumble TD,Fumbles Lost,Opponent,Pass 2PT,Pass Attempts,Pass Completions,Pass Interceptions,Pass TD,Pass Yards,Points,Position,Receiving 2PT,Receiving TD,Receiving Yards,Receptions,Rush 2PT,Rush Attempts,Rush TD,Rush Yards,Away Games
9048,2012.0,6,Delone Carter,0.0,0.0,Jets,0.0,0.0,0.0,0.0,0.0,0.0,1.0,RB,0.0,0.0,0.0,0.0,0.0,4.0,0.0,13.0,1.0
9101,2012.0,7,Delone Carter,0.0,0.0,Browns,0.0,0.0,0.0,0.0,0.0,0.0,1.0,RB,0.0,0.0,0.0,0.0,0.0,4.0,0.0,13.0,1.0
9166,2012.0,8,Delone Carter,0.0,0.0,Titans,0.0,0.0,0.0,0.0,0.0,0.0,2.5,RB,0.0,0.0,0.0,0.0,0.0,7.5,0.0,27.0,0.5
9256,2012.0,9,Delone Carter,0.0,0.0,Dolphins,0.0,0.0,0.0,0.0,0.0,0.0,3.6666666666666665,RB,0.0,0.0,0.0,0.0,0.0,5.666666666666667,0.3333333333333333,20.666666666666668,0.6666666666666666
9371,2012.0,10,Delone Carter,0.0,0.0,Jaguars,0.0,0.0,0.0,0.0,0.0,0.0,3.5,RB,0.0,0.0,0.0,0.0,0.0,6.25,0.25,23.25,0.5
9395,2012.0,11,Delone Carter,0.0,0.0,Patriots,0.0,0.0,0.0,0.0,0.0,0.0,2.8,RB,0.0,0.0,0.0,0.0,0.0,5.4,0.2,20.0,0.6
9653,2012.0,14,Delone Carter,0.0,0.0,Titans,0.0,0.0,0.0,0.0,0.0,0.0,3.6666666666666665,RB,0.0,0.0,0.0,0.0,0.0,4.833333333333333,0.3333333333333333,20.166666666666668,0.6666666666666666
