,Unnamed: 0.1_x,Unnamed: 0.1.1_x,Fumble TD,Fumbles Lost,Name,Opponent_x,Pass 2PT,Pass Attempts,Pass Completions,Pass Interceptions,Pass TD,Pass Yards,Points_x,Position_x,Receiving 2PT,Receiving TD,Receiving Yards,Receptions,Rush 2PT,Rush Attempts,Rush TD,Rush Yards,Week,Year,Unnamed: 0.1_y,Unnamed: 0.1.1_y,Blocks,Fumble Returns,Interception,Opponent_y,Pass Yards Allowed,Point After,Points_y,Position_y,Rush Yards Allowed,Sack,Safety,Team,Total Yards,Touchdowns
0,18,18.0,0.0,0.0,Jordan Reed,Redskins,0.0,0.0,0.0,0.0,0.0,0.0,3.0,TE,0.0,0.0,36.0,5.0,0.0,0.0,0.0,0.0,1,2017.0,10,10.0,0.0,1.0,1.0,Eagles,298.0,30.0,12.0,DST,58.0,2.0,0.0,Redskins,356.0,1.0
1,61,18.0,0.0,0.0,Jordan Reed,Rams,0.0,0.0,0.0,0.0,0.0,0.0,3.0,TE,0.0,0.0,36.0,5.0,0.0,0.0,0.0,0.0,2,2017.0,58,1.0,0.0,1.0,2.0,Redskins,150.0,9.0,31.0,DST,75.0,4.0,1.0,Rams,225.0,2.0
2,185,39.5,0.0,0.0,Jordan Reed,Chiefs,0.0,0.0,0.0,0.0,0.0,0.0,3.5,TE,0.0,0.0,42.0,5.5,0.0,0.0,0.0,0.0,4,2017.0,103,42.0,0.0,0.3333333333333333,1.3333333333333333,Redskins,257.3333333333333,19.0,11.0,DST,111.66666666666669,3.6666666666666665,0.0,Chiefs,369.0,0.0
3,272,88.0,0.0,0.0,Jordan Reed,Redskins,0.0,0.0,0.0,0.0,0.0,0.0,3.0,TE,0.0,0.0,35.0,4.666666666666667,0.0,0.0,0.0,0.0,6,2017.0,177,60.0,0.0,0.75,1.0,49ers,222.5,22.25,10.75,DST,88.75,3.0,0.0,Redskins,311.25,0.25
4,300,134.0,0.0,0.0,Jordan Reed,Eagles,0.0,0.0,0.0,0.0,0.0,0.0,3.0,TE,0.0,0.0,35.5,4.5,0.0,0.0,0.0,0.0,7,2017.0,199,92.66666666666669,0.16666666666666666,0.8333333333333334,1.0,Redskins,273.5,20.33333333333333,9.833333333333334,DST,65.66666666666667,2.333333333333333,0.0,Eagles,339.1666666666667,0.16666666666666666
5,398,167.2,0.0,0.0,Jordan Reed,Redskins,0.0,0.0,0.0,0.0,0.0,0.0,6.0,TE,0.0,0.4,41.2,5.2,0.0,0.0,0.0,0.0,8,2017.0,235,103.0,0.0,0.5,1.0,Cowboys,230.66666666666663,24.5,9.0,DST,94.5,3.0,0.0,Redskins,325.1666666666667,0.16666666666666666
