,Year,Week,Name,Fumble TD,Fumbles Lost,Opponent,Pass 2PT,Pass Attempts,Pass Completions,Pass Interceptions,Pass TD,Pass Yards,Points,Position,Receiving 2PT,Receiving TD,Receiving Yards,Receptions,Rush 2PT,Rush Attempts,Rush TD,Rush Yards,Away Games
5232,2011.0,6,Jacob Tamme,0.0,0.0,Bengals,0.0,0.0,0.0,0.0,0.0,0.0,0.0,TE,0.0,0.0,1.0,1.0,0.0,0.0,0.0,0.0,1.0
5370,2011.0,9,Jacob Tamme,0.0,0.0,Falcons,0.0,0.0,0.0,0.0,0.0,0.0,0.0,TE,0.0,0.0,1.0,1.0,0.0,0.0,0.0,0.0,1.0
5393,2011.0,10,Jacob Tamme,0.0,0.0,Jaguars,0.0,0.0,0.0,0.0,0.0,0.0,0.0,TE,0.0,0.0,3.5,1.5,0.0,0.0,0.0,0.0,0.5
5506,2011.0,12,Jacob Tamme,0.0,0.0,Panthers,0.0,0.0,0.0,0.0,0.0,0.0,2.3333333333333335,TE,0.0,0.0,27.333333333333332,3.0,0.0,0.0,0.0,0.0,0.3333333333333333
5549,2011.0,13,Jacob Tamme,0.0,0.0,Patriots,0.0,0.0,0.0,0.0,0.0,0.0,2.25,TE,0.0,0.0,25.5,2.75,0.0,0.0,0.0,0.0,0.25
5598,2011.0,14,Jacob Tamme,0.0,0.0,Ravens,0.0,0.0,0.0,0.0,0.0,0.0,2.6,TE,0.0,0.0,30.2,3.2,0.0,0.0,0.0,0.0,0.4
5675,2011.0,15,Jacob Tamme,0.0,0.0,Titans,0.0,0.0,0.0,0.0,0.0,0.0,3.3333333333333335,TE,0.0,0.16666666666666666,27.333333333333332,2.8333333333333335,0.0,0.0,0.0,0.0,0.5
5717,2011.0,16,Jacob Tamme,0.0,0.0,Texans,0.0,0.0,0.0,0.0,0.0,0.0,2.857142857142857,TE,0.0,0.14285714285714285,23.857142857142858,2.5714285714285716,0.0,0.0,0.0,0.0,0.42857142857142855
