,Year,Week,Name,Fumble TD,Fumbles Lost,Opponent_x,Pass 2PT,Pass Attempts,Pass Completions,Pass Interceptions,Pass TD,Pass Yards,Points_x,Position_x,Receiving 2PT,Receiving TD,Receiving Yards,Receptions,Rush 2PT,Rush Attempts,Rush TD,Rush Yards,Away Games_x,Team,Blocks,Fumble Returns,Interception,Opponent_y,Pass Yards Allowed,Point After,Points_y,Position_y,Rush Yards Allowed,Sack,Safety,Total Yards,Touchdowns,Away Games_y
0,2011.0,8,Chris Pressley,0.0,0.0,Seahawks,0.0,0.0,0.0,0.0,0.0,0.0,0.0,RB,0.0,0.0,6.0,1.0,0.0,0.0,0.0,0.0,1.0,Seahawks,0.3333333333333333,0.3333333333333333,1.0,Bengals,250.0,21.33333333333333,9.833333333333334,DST,104.66666666666669,2.0,0.16666666666666666,354.66666666666674,0.16666666666666666,0.6666666666666666
1,2011.0,9,Chris Pressley,0.0,0.0,Titans,0.0,0.0,0.0,0.0,0.0,0.0,0.0,RB,0.0,0.0,6.0,1.0,0.0,0.0,0.0,0.0,1.0,Titans,0.2857142857142857,0.2857142857142857,1.1428571428571428,Bengals,234.57142857142856,20.714285714285715,11.142857142857142,DST,129.28571428571428,1.8571428571428568,0.0,363.8571428571428,0.2857142857142857,0.42857142857142855
