,Year,Week,Name,Fumble TD,Fumbles Lost,Opponent_x,Pass 2PT,Pass Attempts,Pass Completions,Pass Interceptions,Pass TD,Pass Yards,Points_x,Position_x,Receiving 2PT,Receiving TD,Receiving Yards,Receptions,Rush 2PT,Rush Attempts,Rush TD,Rush Yards,Away Games_x,Team,Blocks,Fumble Returns,Interception,Opponent_y,Pass Yards Allowed,Point After,Points_y,Position_y,Rush Yards Allowed,Sack,Safety,Total Yards,Touchdowns,Away Games_y
0,2011.0,9,Josh Baker,0.0,0.0,Bills,0.0,0.0,0.0,0.0,0.0,0.0,0.0,TE,0.0,0.0,5.0,1.0,0.0,0.0,0.0,0.0,1.0,Bills,0.2857142857142857,0.5714285714285714,2.0,Jets,265.85714285714283,21.0,13.142857142857142,DST,120.0,2.0,0.0,385.8571428571428,0.42857142857142855,0.42857142857142855
1,2011.0,14,Josh Baker,0.0,0.0,Chiefs,0.0,0.0,0.0,0.0,0.0,0.0,0.0,TE,0.0,0.0,5.0,1.0,0.0,0.0,0.0,0.0,1.0,Chiefs,0.0,0.3333333333333333,1.4166666666666667,Jets,213.83333333333331,22.33333333333333,9.833333333333334,DST,130.33333333333334,1.6666666666666667,0.0,344.16666666666674,0.16666666666666666,0.5
2,2011.0,16,Josh Baker,0.0,0.0,Giants,0.0,0.0,0.0,0.0,0.0,0.0,0.5,TE,0.0,0.0,11.0,1.0,0.0,0.0,0.0,0.0,0.5,Giants,0.07142857142857142,0.6428571428571429,1.2142857142857142,Jets,257.5,26.57142857142857,8.785714285714286,DST,127.57142857142857,2.642857142857143,0.07142857142857142,385.07142857142856,0.07142857142857142,0.5
