,Year,Week,Name,Fumble TD,Fumbles Lost,Opponent,Pass 2PT,Pass Attempts,Pass Completions,Pass Interceptions,Pass TD,Pass Yards,Points,Position,Receiving 2PT,Receiving TD,Receiving Yards,Receptions,Rush 2PT,Rush Attempts,Rush TD,Rush Yards,Away Games
2466,2015.0,1,Larry Donnell,0.0,0.0,Cowboys,0.0,0.0,0.0,0.0,0.0,0.0,2.0,TE,0.0,0.0,21.0,3.0,0.0,0.0,0.0,0.0,1.0
2494,2015.0,2,Larry Donnell,0.0,0.0,Falcons,0.0,0.0,0.0,0.0,0.0,0.0,2.0,TE,0.0,0.0,21.0,3.0,0.0,0.0,0.0,0.0,1.0
2555,2015.0,3,Larry Donnell,0.0,0.0,Redskins,0.0,0.0,0.0,0.0,0.0,0.0,5.0,TE,0.0,0.5,24.5,3.5,0.0,0.0,0.0,0.0,0.5
2601,2015.0,4,Larry Donnell,0.0,0.0,Bills,0.0,0.0,0.0,0.0,0.0,0.0,4.333333333333333,TE,0.0,0.3333333333333333,27.0,3.3333333333333335,0.0,0.0,0.0,0.0,0.3333333333333333
2634,2015.0,5,Larry Donnell,0.0,0.0,49ers,0.0,0.0,0.0,0.0,0.0,0.0,4.0,TE,0.0,0.25,29.75,3.75,0.0,0.0,0.0,0.0,0.5
2698,2015.0,6,Larry Donnell,0.0,0.0,Eagles,0.0,0.0,0.0,0.0,0.0,0.0,5.0,TE,0.0,0.4,30.8,4.2,0.0,0.0,0.0,0.0,0.4
2748,2015.0,7,Larry Donnell,0.0,0.0,Cowboys,0.0,0.0,0.0,0.0,0.0,0.0,4.5,TE,0.0,0.3333333333333333,30.5,4.0,0.0,0.0,0.0,0.0,0.5
2789,2015.0,8,Larry Donnell,0.0,0.0,Saints,0.0,0.0,0.0,0.0,0.0,0.0,4.0,TE,0.0,0.2857142857142857,28.714285714285715,4.0,0.0,0.0,0.0,0.0,0.42857142857142855
