,Year,Week,Name,Fumble TD,Fumbles Lost,Opponent,Pass 2PT,Pass Attempts,Pass Completions,Pass Interceptions,Pass TD,Pass Yards,Points,Position,Receiving 2PT,Receiving TD,Receiving Yards,Receptions,Rush 2PT,Rush Attempts,Rush TD,Rush Yards,Away Games
7553,2014.0,6,Fozzy Whittaker,0.0,0.0,Bengals,0.0,0.0,0.0,0.0,0.0,0.0,10.0,RB,0.0,0.0,27.0,2.0,0.0,9.0,1.0,25.0,1.0
7901,2014.0,10,Fozzy Whittaker,0.0,0.0,Eagles,0.0,0.0,0.0,0.0,0.0,0.0,10.0,RB,0.0,0.0,27.0,2.0,0.0,9.0,1.0,25.0,1.0
7986,2014.0,11,Fozzy Whittaker,0.0,0.0,Falcons,0.0,0.0,0.0,0.0,0.0,0.0,6.0,RB,0.0,0.0,17.0,2.0,0.0,7.5,0.5,27.0,1.0
8151,2014.0,13,Fozzy Whittaker,0.0,0.0,Min,0.0,0.0,0.0,0.0,0.0,0.0,4.333333333333333,RB,0.0,0.0,11.333333333333334,1.3333333333333333,0.0,6.0,0.3333333333333333,21.666666666666668,0.6666666666666666
8197,2014.0,14,Fozzy Whittaker,0.0,0.0,Saints,0.0,0.0,0.0,0.0,0.0,0.0,3.5,RB,0.0,0.0,8.5,1.0,0.0,4.75,0.25,20.25,0.75
8329,2014.0,15,Fozzy Whittaker,0.0,0.0,Buccaneers,0.0,0.0,0.0,0.0,0.0,0.0,4.4,RB,0.0,0.2,12.0,1.0,0.0,4.4,0.2,17.2,0.8
8430,2014.0,16,Fozzy Whittaker,0.0,0.0,Browns,0.0,0.0,0.0,0.0,0.0,0.0,3.8333333333333335,RB,0.0,0.16666666666666666,10.0,0.8333333333333334,0.0,4.0,0.16666666666666666,16.5,0.6666666666666666
8496,2014.0,17,Fozzy Whittaker,0.0,0.0,Falcons,0.0,0.0,0.0,0.0,0.0,0.0,3.2857142857142856,RB,0.0,0.14285714285714285,8.571428571428571,0.7142857142857143,0.0,3.5714285714285716,0.14285714285714285,14.857142857142858,0.5714285714285714
