,Unnamed: 0,Unnamed: 0.1,Fumble TD,Fumbles Lost,Name,Opponent,Pass 2PT,Pass Attempts,Pass Completions,Pass Interceptions,Pass TD,Pass Yards,Points,Position,Receiving 2PT,Receiving TD,Receiving Yards,Receptions,Rush 2PT,Rush Attempts,Rush TD,Rush Yards,Week,Year
13,13,13.0,0.0,0.0,Mike Tolbert,Bills,0.0,0.0,0.0,0.0,0.0,0.0,11.0,RB,0.0,0.0,12.0,1.0,0.0,12.0,1.0,42.0,1,2017.0
159,159,13.0,0.0,0.0,Mike Tolbert,Panthers,0.0,0.0,0.0,0.0,0.0,0.0,11.0,RB,0.0,0.0,12.0,1.0,0.0,12.0,1.0,42.0,2,2017.0
210,210,86.0,0.0,0.0,Mike Tolbert,Bills,0.0,0.0,0.0,0.0,0.0,0.0,5.5,RB,0.0,0.0,7.0,1.0,0.0,7.5,0.5,23.5,3,2017.0
308,308,127.33333333333333,0.0,0.0,Mike Tolbert,Falcons,0.0,0.0,0.0,0.0,0.0,0.0,5.0,RB,0.0,0.0,4.666666666666667,0.6666666666666666,0.0,8.666666666666666,0.3333333333333333,29.333333333333332,4,2017.0
407,407,172.5,0.0,0.0,Mike Tolbert,Bengals,0.0,0.0,0.0,0.0,0.0,0.0,4.5,RB,0.0,0.0,3.5,0.5,0.0,8.5,0.25,29.75,5,2017.0
559,559,219.4,0.0,0.0,Mike Tolbert,Bills,0.0,0.0,0.0,0.0,0.0,0.0,4.0,RB,0.0,0.0,6.4,1.0,0.0,7.4,0.2,27.0,7,2017.0
642,642,276.0,0.0,0.0,Mike Tolbert,Bills,0.0,0.0,0.0,0.0,0.0,0.0,3.6666666666666665,RB,0.0,0.0,5.5,1.0,0.0,6.666666666666667,0.16666666666666666,27.333333333333332,8,2017.0
711,711,328.2857142857143,0.0,0.0,Mike Tolbert,Jets,0.0,0.0,0.0,0.0,0.0,0.0,3.2857142857142856,RB,0.0,0.0,4.428571428571429,1.0,0.0,6.285714285714286,0.14285714285714285,25.428571428571427,9,2017.0
794,794,376.125,0.0,0.0,Mike Tolbert,Bills,0.0,0.0,0.0,0.0,0.0,0.0,3.0,RB,0.0,0.0,5.5,1.25,0.0,6.0,0.125,22.625,10,2017.0
