,Year,Week,Name,Fumble TD,Fumbles Lost,Opponent,Pass 2PT,Pass Attempts,Pass Completions,Pass Interceptions,Pass TD,Pass Yards,Points,Position,Receiving 2PT,Receiving TD,Receiving Yards,Receptions,Rush 2PT,Rush Attempts,Rush TD,Rush Yards,Away Games
8648,2012.0,2,Jonathan Stewart,0.0,0.0,Saints,0.0,0.0,0.0,0.0,0.0,0.0,12.0,RB,0.0,1.0,17.0,1.0,0.0,11.0,0.0,51.0,0.0
8854,2012.0,4,Jonathan Stewart,0.0,0.0,Falcons,0.0,0.0,0.0,0.0,0.0,0.0,12.0,RB,0.0,1.0,17.0,1.0,0.0,11.0,0.0,51.0,0.0
8946,2012.0,5,Jonathan Stewart,0.0,0.0,Seahawks,0.0,0.0,0.0,0.0,0.0,0.0,8.0,RB,0.0,0.5,12.5,1.0,0.0,10.5,0.0,45.5,0.5
9099,2012.0,7,Jonathan Stewart,0.0,0.0,Cowboys,0.0,0.0,0.0,0.0,0.0,0.0,6.0,RB,0.0,0.3333333333333333,13.333333333333334,1.3333333333333333,0.0,8.333333333333334,0.0,35.666666666666664,0.3333333333333333
9160,2012.0,8,Jonathan Stewart,0.0,0.0,Bears,0.0,0.0,0.0,0.0,0.0,0.0,5.5,RB,0.0,0.25,12.75,1.75,0.0,8.75,0.0,35.5,0.25
9249,2012.0,9,Jonathan Stewart,0.0,0.0,Redskins,0.0,0.0,0.0,0.0,0.0,0.0,5.8,RB,0.0,0.2,17.8,2.2,0.0,10.4,0.0,36.8,0.4
9317,2012.0,10,Jonathan Stewart,0.0,0.0,Broncos,0.0,0.0,0.0,0.0,0.0,0.0,5.666666666666667,RB,0.0,0.16666666666666666,15.833333333333334,2.0,0.0,10.333333333333334,0.0,39.166666666666664,0.5
9380,2012.0,11,Jonathan Stewart,0.0,0.0,Buccaneers,0.0,0.0,0.0,0.0,0.0,0.0,5.571428571428571,RB,0.0,0.14285714285714285,16.857142857142858,2.0,0.0,10.0,0.0,38.0,0.42857142857142855
9509,2012.0,12,Jonathan Stewart,0.0,0.0,Eagles,0.0,0.0,0.0,0.0,0.0,0.0,6.5,RB,0.0,0.125,18.5,1.875,0.0,10.625,0.125,38.625,0.375
