,Year,Week,Name,Fumble TD,Fumbles Lost,Opponent_x,Pass 2PT,Pass Attempts,Pass Completions,Pass Interceptions,Pass TD,Pass Yards,Points_x,Position_x,Receiving 2PT,Receiving TD,Receiving Yards,Receptions,Rush 2PT,Rush Attempts,Rush TD,Rush Yards,Away Games_x,Team,Blocks,Fumble Returns,Interception,Opponent_y,Pass Yards Allowed,Point After,Points_y,Position_y,Rush Yards Allowed,Sack,Safety,Total Yards,Touchdowns,Away Games_y
0,2013.0,9,Andrew Hawkins,0.0,0.0,Dolphins,0.0,0.0,0.0,0.0,0.0,0.0,1.0,WR,0.0,0.0,10.0,1.0,0.0,0.0,0.0,0.0,1.0,Dolphins,0.0,0.42857142857142855,1.1428571428571428,Bengals,245.14285714285717,23.857142857142854,9.0,DST,109.85714285714286,2.8571428571428568,0.0,355.0,0.14285714285714285,0.5714285714285714
1,2013.0,10,Andrew Hawkins,0.0,0.0,Ravens,0.0,0.0,0.0,0.0,0.0,0.0,1.0,WR,0.0,0.0,10.0,1.0,0.0,0.0,0.0,0.0,1.0,Ravens,0.0,0.625,0.5,Bengals,239.125,21.5,10.625,DST,100.375,3.375,0.0,339.5,0.25,0.625
2,2013.0,11,Andrew Hawkins,0.0,0.0,Browns,0.0,0.0,0.0,0.0,0.0,0.0,0.5,WR,0.0,0.0,5.0,0.5,0.0,0.5,0.0,-1.5,1.0,Browns,0.0,0.5555555555555556,0.6666666666666666,Bengals,217.44444444444446,21.88888888888889,9.666666666666666,DST,98.22222222222223,3.4444444444444446,0.0,315.6666666666667,0.2222222222222222,0.4444444444444444
3,2013.0,13,Andrew Hawkins,0.0,0.0,Chargers,0.0,0.0,0.0,0.0,0.0,0.0,0.3333333333333333,WR,0.0,0.0,5.333333333333333,0.6666666666666666,0.0,0.3333333333333333,0.0,-1.0,0.6666666666666666,Chargers,0.18181818181818185,0.2727272727272727,0.5454545454545454,Bengals,276.0,23.63636363636364,7.636363636363638,DST,113.54545454545456,2.636363636363636,0.0,389.54545454545456,0.09090909090909093,0.6363636363636364
4,2013.0,14,Andrew Hawkins,0.0,0.0,Colts,0.0,0.0,0.0,0.0,0.0,0.0,1.75,WR,0.0,0.0,20.25,1.25,0.0,0.5,0.0,0.75,0.75,Colts,0.16666666666666666,0.6666666666666666,0.9166666666666666,Bengals,238.66666666666663,22.83333333333333,9.833333333333334,DST,128.58333333333334,2.5,0.08333333333333333,367.25,0.16666666666666666,0.5
5,2013.0,17,Andrew Hawkins,0.0,0.0,Ravens,0.0,0.0,0.0,0.0,0.0,0.0,1.6666666666666667,WR,0.0,0.0,20.83333333333333,1.5,0.0,0.3333333333333333,0.0,0.5,0.5,Ravens,0.0,0.4666666666666667,0.8,Bengals,226.66666666666663,21.2,9.866666666666667,DST,105.06666666666666,2.6666666666666665,0.0,331.73333333333335,0.2,0.4666666666666667
