,Year,Week,Name,Fumble TD,Fumbles Lost,Opponent,Pass 2PT,Pass Attempts,Pass Completions,Pass Interceptions,Pass TD,Pass Yards,Points,Position,Receiving 2PT,Receiving TD,Receiving Yards,Receptions,Rush 2PT,Rush Attempts,Rush TD,Rush Yards,Away Games
28,2012.0,1,Fred Davis,0.0,0.0,Saints,0.0,0.0,0.0,0.0,0.0,0.0,3.0,TE,0.0,0.0,38.0,2.0,0.0,0.0,0.0,0.0,1.0
95,2012.0,2,Fred Davis,0.0,0.0,Rams,0.0,0.0,0.0,0.0,0.0,0.0,3.0,TE,0.0,0.0,38.0,2.0,0.0,0.0,0.0,0.0,1.0
118,2012.0,3,Fred Davis,0.0,0.0,Bengals,0.0,0.0,0.0,0.0,0.0,0.0,2.0,TE,0.0,0.0,26.0,2.0,0.0,0.5,0.0,0.5,1.0
172,2012.0,4,Fred Davis,0.0,0.0,Buccaneers,0.0,0.0,0.0,0.0,0.0,0.0,4.333333333333333,TE,0.0,0.0,47.333333333333336,3.6666666666666665,0.0,0.3333333333333333,0.0,0.3333333333333333,0.6666666666666666
221,2012.0,5,Fred Davis,0.0,0.0,Falcons,0.0,0.0,0.0,0.0,0.0,0.0,5.0,TE,0.0,0.0,53.0,3.75,0.0,0.25,0.0,0.25,0.75
271,2012.0,6,Fred Davis,0.0,0.0,Min,0.0,0.0,0.0,0.0,0.0,0.0,5.0,TE,0.0,0.0,53.2,4.0,0.0,0.2,0.0,0.2,0.6
329,2012.0,7,Fred Davis,0.0,0.0,Giants,0.0,0.0,0.0,0.0,0.0,0.0,4.833333333333333,TE,0.0,0.0,52.0,3.8333333333333335,0.0,0.16666666666666666,0.0,0.16666666666666666,0.5
