,Year,Week,Name,Fumble TD,Fumbles Lost,Opponent,Pass 2PT,Pass Attempts,Pass Completions,Pass Interceptions,Pass TD,Pass Yards,Points,Position,Receiving 2PT,Receiving TD,Receiving Yards,Receptions,Rush 2PT,Rush Attempts,Rush TD,Rush Yards,Away Games
7764,2014.0,8,Chris Polk,0.0,0.0,Cardinals,0.0,0.0,0.0,0.0,0.0,0.0,1.0,RB,0.0,0.0,1.0,1.0,0.0,3.0,0.0,13.0,1.0
7799,2014.0,9,Chris Polk,0.0,0.0,Texans,0.0,0.0,0.0,0.0,0.0,0.0,1.0,RB,0.0,0.0,1.0,1.0,0.0,3.0,0.0,13.0,1.0
7912,2014.0,10,Chris Polk,0.0,0.0,Panthers,0.0,0.0,0.0,0.0,0.0,0.0,6.0,RB,0.0,0.0,0.5,0.5,0.0,5.5,0.5,31.5,1.0
8004,2014.0,11,Chris Polk,0.0,0.0,Packers,0.0,0.0,0.0,0.0,0.0,0.0,4.333333333333333,RB,0.0,0.0,0.3333333333333333,0.3333333333333333,0.0,5.333333333333333,0.3333333333333333,24.666666666666668,0.6666666666666666
8076,2014.0,12,Chris Polk,0.0,0.0,Titans,0.0,0.0,0.0,0.0,0.0,0.0,3.25,RB,0.0,0.0,0.25,0.25,0.0,4.75,0.25,18.5,0.75
8130,2014.0,13,Chris Polk,0.0,0.0,Cowboys,0.0,0.0,0.0,0.0,0.0,0.0,2.8,RB,0.0,0.0,3.2,0.4,0.0,5.2,0.2,15.8,0.6
8274,2014.0,15,Chris Polk,0.0,0.0,Cowboys,0.0,0.0,0.0,0.0,0.0,0.0,3.0,RB,0.0,0.0,2.6666666666666665,0.3333333333333333,0.0,6.166666666666667,0.16666666666666666,21.333333333333332,0.6666666666666666
8471,2014.0,17,Chris Polk,0.0,0.0,Giants,0.0,0.0,0.0,0.0,0.0,0.0,4.285714285714286,RB,0.0,0.0,2.2857142857142856,0.2857142857142857,0.0,5.571428571428571,0.42857142857142855,19.142857142857142,0.5714285714285714
