,Year,Week,Name,Fumble TD,Fumbles Lost,Opponent_x,Pass 2PT,Pass Attempts,Pass Completions,Pass Interceptions,Pass TD,Pass Yards,Points_x,Position_x,Receiving 2PT,Receiving TD,Receiving Yards,Receptions,Rush 2PT,Rush Attempts,Rush TD,Rush Yards,Away Games_x,Team,Blocks,Fumble Returns,Interception,Opponent_y,Pass Yards Allowed,Point After,Points_y,Position_y,Rush Yards Allowed,Sack,Safety,Total Yards,Touchdowns,Away Games_y
0,2010.0,8,Brett Swain,0.0,0.0,Jets,0.0,0.0,0.0,0.0,0.0,0.0,1.0,WR,0.0,0.0,12.0,1.0,0.0,0.0,0.0,0.0,1.0,Jets,0.16666666666666666,1.5,0.8333333333333334,Packers,229.0,16.833333333333332,12.166666666666664,DST,90.0,2.1666666666666665,0.0,319.0,0.16666666666666666,0.5
1,2010.0,9,Brett Swain,0.0,0.0,Cowboys,0.0,0.0,0.0,0.0,0.0,0.0,1.0,WR,0.0,0.0,12.0,1.0,0.0,0.0,0.0,0.0,1.0,Cowboys,0.0,0.7142857142857143,0.7142857142857143,Packers,205.42857142857144,26.714285714285715,9.142857142857142,DST,121.85714285714286,2.2857142857142856,0.0,327.2857142857143,0.2857142857142857,0.42857142857142855
2,2010.0,12,Brett Swain,0.0,0.0,Falcons,0.0,0.0,0.0,0.0,0.0,0.0,0.5,WR,0.0,0.0,7.0,1.0,0.0,0.0,0.0,0.0,0.5,Falcons,0.0,0.5,1.5,Packers,244.1,19.2,9.3,DST,95.4,1.8,0.0,339.5,0.1,0.5
3,2010.0,14,Brett Swain,0.0,0.0,Lions,0.0,0.0,0.0,0.0,0.0,0.0,1.6666666666666667,WR,0.0,0.0,18.0,1.3333333333333333,0.0,0.0,0.0,0.0,0.6666666666666666,Lions,0.0,1.0833333333333333,0.75,Packers,222.58333333333331,25.5,9.833333333333334,DST,127.41666666666669,2.6666666666666665,0.08333333333333333,350.0,0.25,0.5
4,2010.0,15,Brett Swain,0.0,0.0,Patriots,0.0,0.0,0.0,0.0,0.0,0.0,1.5,WR,0.0,0.0,16.5,1.25,0.0,0.0,0.0,0.0,0.75,Patriots,0.15384615384615385,0.5384615384615384,1.5384615384615383,Packers,266.15384615384613,21.23076923076923,12.230769230769232,DST,108.92307692307692,1.7692307692307692,0.0,375.07692307692315,0.5384615384615384,0.5384615384615384
5,2011.0,15,Brett Swain,0.0,0.0,Steelers,0.0,0.0,0.0,0.0,0.0,0.0,0.0,WR,0.0,0.0,9.0,1.0,0.0,0.0,0.0,0.0,0.0,Steelers,0.07692307692307693,0.3076923076923077,0.7692307692307693,49ers,179.0769230769231,15.230769230769232,10.923076923076923,DST,97.0,2.3076923076923075,0.15384615384615385,276.0769230769231,0.15384615384615385,0.4615384615384616
6,2011.0,17,Brett Swain,0.0,0.0,Rams,0.0,0.0,0.0,0.0,0.0,0.0,0.0,WR,0.0,0.0,9.0,1.0,0.0,0.0,0.0,0.0,0.0,Rams,0.06666666666666668,0.4,0.8,49ers,206.4,24.86666666666667,7.666666666666668,DST,154.46666666666667,2.4,0.13333333333333333,360.86666666666673,0.13333333333333333,0.5333333333333333
