,Year,Week,Name,Fumble TD,Fumbles Lost,Opponent_x,Pass 2PT,Pass Attempts,Pass Completions,Pass Interceptions,Pass TD,Pass Yards,Points_x,Position_x,Receiving 2PT,Receiving TD,Receiving Yards,Receptions,Rush 2PT,Rush Attempts,Rush TD,Rush Yards,Away Games_x,Team,Blocks,Fumble Returns,Interception,Opponent_y,Pass Yards Allowed,Point After,Points_y,Position_y,Rush Yards Allowed,Sack,Safety,Total Yards,Touchdowns,Away Games_y
0,2010.0,1,Craig Stevens,0.0,0.0,Raiders,0.0,0.0,0.0,0.0,0.0,0.0,1.0,TE,0.0,0.0,18.0,2.0,0.0,0.0,0.0,0.0,0.0,Raiders,0.0,1.0,0.0,Titans,140.0,38.0,4.0,DST,205.0,2.0,0.0,345.0,0.0,1.0
1,2010.0,2,Craig Stevens,0.0,0.0,Steelers,0.0,0.0,0.0,0.0,0.0,0.0,1.0,TE,0.0,0.0,18.0,2.0,0.0,0.0,0.0,0.0,0.0,Steelers,0.0,0.0,1.0,Titans,237.0,9.0,11.0,DST,58.0,2.0,0.0,295.0,0.0,0.0
2,2010.0,4,Craig Stevens,0.0,0.0,Broncos,0.0,0.0,0.0,0.0,0.0,0.0,0.5,TE,0.0,0.0,13.5,1.5,0.0,0.0,0.0,0.0,0.0,Broncos,0.0,0.3333333333333333,1.0,Titans,240.0,21.66666666666667,5.333333333333333,DST,94.33333333333331,0.6666666666666666,0.0,334.3333333333333,0.0,0.3333333333333333
3,2010.0,5,Craig Stevens,0.0,0.0,Cowboys,0.0,0.0,0.0,0.0,0.0,0.0,0.6666666666666666,TE,0.0,0.0,14.333333333333336,1.3333333333333333,0.0,0.0,0.0,0.0,0.0,Cowboys,0.0,0.3333333333333333,0.6666666666666666,Titans,215.66666666666663,17.666666666666668,11.0,DST,83.66666666666667,2.0,0.0,299.3333333333333,0.3333333333333333,0.6666666666666666
4,2010.0,8,Craig Stevens,0.0,0.0,Chargers,0.0,0.0,0.0,0.0,0.0,0.0,0.75,TE,0.0,0.0,13.5,1.25,0.0,0.0,0.0,0.0,0.25,Chargers,0.0,0.42857142857142855,1.0,Titans,158.57142857142858,21.285714285714285,10.571428571428571,DST,85.71428571428571,3.571428571428572,0.14285714285714285,244.28571428571428,0.14285714285714285,0.5714285714285714
5,2010.0,13,Craig Stevens,0.0,0.0,Jaguars,0.0,0.0,0.0,0.0,0.0,0.0,2.2,TE,0.0,0.2,16.6,1.4,0.0,0.0,0.0,0.0,0.4,Jaguars,0.09090909090909093,0.3636363636363637,0.8181818181818182,Titans,261.09090909090907,26.72727272727273,5.727272727272728,DST,114.27272727272728,1.818181818181818,0.0,375.3636363636364,0.0,0.4545454545454545
6,2010.0,14,Craig Stevens,0.0,0.0,Colts,0.0,0.0,0.0,0.0,0.0,0.0,2.0,TE,0.0,0.16666666666666666,17.0,1.3333333333333333,0.0,0.0,0.0,0.0,0.3333333333333333,Colts,0.08333333333333333,0.5833333333333334,0.75,Titans,200.0,24.16666666666667,9.25,DST,142.75,2.083333333333333,0.0,342.75,0.3333333333333333,0.5
