,Year,Week,Name,Fumble TD,Fumbles Lost,Opponent_x,Pass 2PT,Pass Attempts,Pass Completions,Pass Interceptions,Pass TD,Pass Yards,Points_x,Position_x,Receiving 2PT,Receiving TD,Receiving Yards,Receptions,Rush 2PT,Rush Attempts,Rush TD,Rush Yards,Away Games_x,Team,Blocks,Fumble Returns,Interception,Opponent_y,Pass Yards Allowed,Point After,Points_y,Position_y,Rush Yards Allowed,Sack,Safety,Total Yards,Touchdowns,Away Games_y
0,2014.0,1,Ray Agnew,0.0,0.0,Steelers,0.0,0.0,0.0,0.0,0.0,0.0,0.0,RB,0.0,0.0,0.0,0.0,0.0,1.0,0.0,2.0,1.0,Steelers,0.0,0.0,0.0,Browns,198.0,27.0,4.0,DST,191.0,3.0,0.0,389.0,0.0,0.0
1,2014.0,3,Ray Agnew,0.0,0.0,Ravens,0.0,0.0,0.0,0.0,0.0,0.0,0.0,RB,0.0,0.0,0.0,0.0,0.0,1.0,0.0,2.0,1.0,Ravens,0.5,1.0,0.5,Browns,251.5,14.5,10.5,DST,89.0,1.0,0.0,340.5,0.0,0.0
2,2014.0,5,Ray Agnew,0.0,0.0,Titans,0.0,0.0,0.0,0.0,0.0,0.0,0.0,RB,0.0,0.0,0.0,0.0,0.0,1.0,0.0,1.0,0.5,Titans,0.0,0.25,1.25,Browns,225.75,27.5,7.0,DST,127.0,2.0,0.0,352.75,0.0,0.75
3,2014.0,7,Ray Agnew,0.0,0.0,Jaguars,0.0,0.0,0.0,0.0,0.0,0.0,0.3333333333333333,RB,0.0,0.0,4.0,0.3333333333333333,0.0,0.6666666666666666,0.0,0.6666666666666666,0.6666666666666666,Jaguars,0.0,0.5,0.16666666666666666,Browns,294.0,30.83333333333333,5.833333333333332,DST,117.16666666666669,3.1666666666666665,0.0,411.16666666666674,0.0,0.6666666666666666
4,2014.0,13,Ray Agnew,0.0,0.0,Bills,0.0,0.0,0.0,0.0,0.0,0.0,0.25,RB,0.0,0.0,3.75,0.5,0.0,0.5,0.0,0.5,0.75,Bills,0.18181818181818185,0.8181818181818182,1.181818181818182,Browns,213.8181818181818,18.818181818181817,13.0,DST,98.36363636363636,4.181818181818182,0.0,312.1818181818182,0.18181818181818185,0.4545454545454545
