,Year,Week,Name,Fumble TD,Fumbles Lost,Opponent,Pass 2PT,Pass Attempts,Pass Completions,Pass Interceptions,Pass TD,Pass Yards,Points,Position,Receiving 2PT,Receiving TD,Receiving Yards,Receptions,Rush 2PT,Rush Attempts,Rush TD,Rush Yards,Away Games
3517,2016.0,1,Andre Roberts,0.0,0.0,Colts,0.0,0.0,0.0,0.0,0.0,0.0,0.0,WR,0.0,0.0,8.0,1.0,0.0,0.0,0.0,0.0,1.0
3873,2016.0,4,Andre Roberts,0.0,0.0,Bears,0.0,0.0,0.0,0.0,0.0,0.0,0.0,WR,0.0,0.0,8.0,1.0,0.0,0.0,0.0,0.0,1.0
4012,2016.0,6,Andre Roberts,0.0,0.0,LA,0.0,0.0,0.0,0.0,0.0,0.0,0.0,WR,0.0,0.0,8.0,1.0,0.0,0.0,0.0,0.0,1.0
4160,2016.0,7,Andre Roberts,0.0,0.0,Redskins,0.0,0.0,0.0,0.0,0.0,0.0,2.3333333333333335,WR,0.0,0.3333333333333333,9.666666666666666,1.3333333333333333,0.0,0.0,0.0,0.0,0.6666666666666666
4371,2016.0,9,Andre Roberts,0.0,0.0,Min,0.0,0.0,0.0,0.0,0.0,0.0,2.25,WR,0.0,0.25,12.25,1.25,0.0,0.0,0.0,0.0,0.5
4567,2016.0,11,Andre Roberts,0.0,0.0,Jaguars,0.0,0.0,0.0,0.0,0.0,0.0,2.2,WR,0.0,0.2,15.2,1.2,0.0,0.0,0.0,0.0,0.6
4709,2016.0,12,Andre Roberts,0.0,0.16666666666666666,Min,0.0,0.0,0.0,0.0,0.0,0.0,2.3333333333333335,WR,0.0,0.16666666666666666,20.0,1.1666666666666667,0.0,0.0,0.0,0.0,0.5
4811,2016.0,13,Andre Roberts,0.0,0.14285714285714285,Saints,0.0,0.0,0.0,0.0,0.0,0.0,2.142857142857143,WR,0.0,0.14285714285714285,19.857142857142858,1.2857142857142858,0.0,0.0,0.0,0.0,0.42857142857142855
5185,2016.0,16,Andre Roberts,0.0,0.125,Cowboys,0.0,0.0,0.0,0.0,0.0,0.0,2.25,WR,0.0,0.125,21.75,1.625,0.0,0.0,0.0,0.0,0.5
