,Year,Week,Name,Fumble TD,Fumbles Lost,Opponent,Pass 2PT,Pass Attempts,Pass Completions,Pass Interceptions,Pass TD,Pass Yards,Points,Position,Receiving 2PT,Receiving TD,Receiving Yards,Receptions,Rush 2PT,Rush Attempts,Rush TD,Rush Yards,Away Games
8567,2012.0,1,Knowshon Moreno,0.0,0.0,Steelers,0.0,0.0,0.0,0.0,0.0,0.0,7.0,RB,0.0,0.0,0.0,0.0,0.0,5.0,1.0,13.0,0.0
8712,2012.0,2,Knowshon Moreno,0.0,0.0,Falcons,0.0,0.0,0.0,0.0,0.0,0.0,7.0,RB,0.0,0.0,0.0,0.0,0.0,5.0,1.0,13.0,0.0
9478,2012.0,12,Knowshon Moreno,0.0,0.5,Chiefs,0.0,0.0,0.0,0.0,0.0,0.0,3.5,RB,0.0,0.0,6.0,0.5,0.0,4.0,0.5,7.5,0.5
9565,2012.0,13,Knowshon Moreno,0.0,0.3333333333333333,Buccaneers,0.0,0.0,0.0,0.0,0.0,0.0,5.666666666666667,RB,0.0,0.0,12.666666666666666,1.6666666666666667,0.0,9.333333333333334,0.3333333333333333,33.333333333333336,0.6666666666666666
9628,2012.0,14,Knowshon Moreno,0.0,0.25,Raiders,0.0,0.0,0.0,0.0,0.0,0.0,6.0,RB,0.0,0.0,13.0,2.25,0.0,12.0,0.25,42.25,0.5
9721,2012.0,15,Knowshon Moreno,0.0,0.2,Ravens,0.0,0.0,0.0,0.0,0.0,0.0,9.0,RB,0.0,0.0,20.0,2.6,0.0,16.0,0.4,57.6,0.6
9821,2012.0,16,Knowshon Moreno,0.0,0.16666666666666666,Browns,0.0,0.0,0.0,0.0,0.0,0.0,10.333333333333334,RB,0.0,0.0,18.0,2.5,0.0,16.833333333333332,0.5,67.16666666666667,0.6666666666666666
9911,2012.0,17,Knowshon Moreno,0.0,0.14285714285714285,Chiefs,0.0,0.0,0.0,0.0,0.0,0.0,10.428571428571429,RB,0.0,0.0,22.428571428571427,2.857142857142857,0.0,17.571428571428573,0.42857142857142855,68.71428571428571,0.5714285714285714
