,Year,Week,Name,Fumble TD,Fumbles Lost,Opponent_x,Pass 2PT,Pass Attempts,Pass Completions,Pass Interceptions,Pass TD,Pass Yards,Points_x,Position_x,Receiving 2PT,Receiving TD,Receiving Yards,Receptions,Rush 2PT,Rush Attempts,Rush TD,Rush Yards,Away Games_x,Team,Blocks,Fumble Returns,Interception,Opponent_y,Pass Yards Allowed,Point After,Points_y,Position_y,Rush Yards Allowed,Sack,Safety,Total Yards,Touchdowns,Away Games_y
0,2011.0,15,Ruvell Martin,0.0,0.0,Dolphins,0.0,0.0,0.0,0.0,0.0,0.0,4.0,WR,0.0,0.0,40.0,3.0,0.0,0.0,0.0,0.0,0.0,Dolphins,0.15384615384615385,0.2307692307692308,0.7692307692307693,Bills,244.23076923076923,18.923076923076927,9.384615384615383,DST,89.92307692307692,2.4615384615384617,0.0,334.15384615384613,0.15384615384615385,0.4615384615384616
1,2011.0,17,Ruvell Martin,0.0,0.0,Patriots,0.0,0.0,0.0,0.0,0.0,0.0,4.0,WR,0.0,0.0,40.0,3.0,0.0,0.0,0.0,0.0,0.0,Patriots,0.0,0.7333333333333333,1.2666666666666666,Bills,293.8,21.4,10.066666666666666,DST,117.86666666666666,2.533333333333333,0.0,411.66666666666674,0.2,0.5333333333333333
