,Year,Week,Name,Fumble TD,Fumbles Lost,Opponent,Pass 2PT,Pass Attempts,Pass Completions,Pass Interceptions,Pass TD,Pass Yards,Points,Position,Receiving 2PT,Receiving TD,Receiving Yards,Receptions,Rush 2PT,Rush Attempts,Rush TD,Rush Yards,Away Games
5755,2013.0,1,Justin Forsett,0.0,0.0,Chiefs,0.0,0.0,0.0,0.0,0.0,0.0,2.0,RB,0.0,0.0,22.0,4.0,0.0,1.0,0.0,7.0,0.0
5867,2013.0,2,Justin Forsett,0.0,0.0,Raiders,0.0,0.0,0.0,0.0,0.0,0.0,2.0,RB,0.0,0.0,22.0,4.0,0.0,1.0,0.0,7.0,0.0
6026,2013.0,4,Justin Forsett,0.0,0.0,Colts,0.0,0.0,0.0,0.0,0.0,0.0,1.0,RB,0.0,0.0,14.5,2.5,0.0,0.5,0.0,3.5,0.5
6124,2013.0,5,Justin Forsett,0.0,0.0,Rams,0.0,0.0,0.0,0.0,0.0,0.0,1.0,RB,0.0,0.0,13.0,2.3333333333333335,0.0,0.6666666666666666,0.0,3.3333333333333335,0.3333333333333333
6190,2013.0,6,Justin Forsett,0.0,0.0,Broncos,0.0,0.0,0.0,0.0,0.0,0.0,0.75,RB,0.0,0.0,9.75,1.75,0.0,0.75,0.0,3.0,0.5
6261,2013.0,7,Justin Forsett,0.0,0.0,Chargers,0.0,0.0,0.0,0.0,0.0,0.0,0.8,RB,0.0,0.0,11.4,2.0,0.0,0.8,0.0,2.4,0.6
6369,2013.0,8,Justin Forsett,0.0,0.0,49ers,0.0,0.0,0.0,0.0,0.0,0.0,1.0,RB,0.0,0.0,11.166666666666666,1.8333333333333333,0.0,1.0,0.0,5.166666666666667,0.5
6670,2013.0,12,Justin Forsett,0.0,0.0,Texans,0.0,0.0,0.0,0.0,0.0,0.0,0.8571428571428571,RB,0.0,0.0,10.428571428571429,2.0,0.0,0.8571428571428571,0.0,4.428571428571429,0.42857142857142855
