,Year,Week,Name,Fumble TD,Fumbles Lost,Opponent_x,Pass 2PT,Pass Attempts,Pass Completions,Pass Interceptions,Pass TD,Pass Yards,Points_x,Position_x,Receiving 2PT,Receiving TD,Receiving Yards,Receptions,Rush 2PT,Rush Attempts,Rush TD,Rush Yards,Away Games_x,Team,Blocks,Fumble Returns,Interception,Opponent_y,Pass Yards Allowed,Point After,Points_y,Position_y,Rush Yards Allowed,Sack,Safety,Total Yards,Touchdowns,Away Games_y
0,2012.0,3,Orson Charles,0.0,0.0,Redskins,0.0,0.0,0.0,0.0,0.0,0.0,2.0,TE,0.0,0.0,25.0,1.0,0.0,0.0,0.0,0.0,1.0,Redskins,0.0,1.0,1.5,Bengals,313.5,31.5,10.0,DST,91.5,2.0,0.0,405.0,0.5,1.0
1,2012.0,4,Orson Charles,0.0,0.0,Jaguars,0.0,0.0,0.0,0.0,0.0,0.0,2.0,TE,0.0,0.0,25.0,1.0,0.0,0.0,0.0,0.0,1.0,Jaguars,0.0,0.3333333333333333,0.3333333333333333,Bengals,258.0,23.33333333333333,4.0,DST,154.33333333333334,0.6666666666666666,0.0,412.33333333333326,0.0,0.6666666666666666
2,2012.0,6,Orson Charles,0.0,0.0,Browns,0.0,0.0,0.0,0.0,0.0,0.0,1.5,TE,0.0,0.0,17.5,1.0,0.0,0.0,0.0,0.0,1.0,Browns,0.0,0.6,1.4,Bengals,280.6,27.8,9.0,DST,142.4,2.6,0.0,423.0,0.2,0.6
3,2012.0,9,Orson Charles,0.0,0.0,Broncos,0.0,0.0,0.0,0.0,0.0,0.0,1.3333333333333333,TE,0.0,0.0,15.666666666666664,1.0,0.0,0.0,0.0,0.0,1.0,Broncos,0.0,0.5714285714285714,1.0,Bengals,213.28571428571428,21.714285714285715,11.571428571428573,DST,106.0,2.7142857142857144,0.14285714285714285,319.2857142857143,0.42857142857142855,0.42857142857142855
4,2012.0,10,Orson Charles,0.0,0.0,Giants,0.0,0.0,0.0,0.0,0.0,0.0,1.0,TE,0.0,0.0,12.75,1.0,0.0,0.0,0.0,0.0,0.75,Giants,0.0,1.0,1.8888888888888888,Bengals,264.3333333333333,20.555555555555557,12.777777777777779,DST,118.0,2.7777777777777777,0.0,382.33333333333326,0.2222222222222222,0.4444444444444444
5,2012.0,12,Orson Charles,0.0,0.0,Raiders,0.0,0.0,0.0,0.0,0.0,0.0,1.0,TE,0.0,0.0,14.0,1.0,0.0,0.0,0.0,0.0,0.6,Raiders,0.1,0.7,0.6,Bengals,253.2,32.2,4.6,DST,122.2,1.1,0.0,375.4,0.0,0.5
6,2012.0,14,Orson Charles,0.0,0.0,Cowboys,0.0,0.0,0.0,0.0,0.0,0.0,1.0,TE,0.0,0.0,14.0,1.1666666666666667,0.0,0.0,0.0,0.0,0.5,Cowboys,0.0,0.6666666666666666,0.4166666666666667,Bengals,220.16666666666663,24.58333333333333,8.25,DST,116.5,2.0,0.0,336.6666666666667,0.3333333333333333,0.5
