,Year,Week,Name,Fumble TD,Fumbles Lost,Opponent_x,Pass 2PT,Pass Attempts,Pass Completions,Pass Interceptions,Pass TD,Pass Yards,Points_x,Position_x,Receiving 2PT,Receiving TD,Receiving Yards,Receptions,Rush 2PT,Rush Attempts,Rush TD,Rush Yards,Away Games_x,Team,Blocks,Fumble Returns,Interception,Opponent_y,Pass Yards Allowed,Point After,Points_y,Position_y,Rush Yards Allowed,Sack,Safety,Total Yards,Touchdowns,Away Games_y
0,2010.0,2,Roydell Williams,0.0,0.0,Texans,0.0,0.0,0.0,0.0,0.0,0.0,3.0,WR,0.0,0.0,34.0,1.0,0.0,0.0,0.0,0.0,0.0,Texans,0.0,1.0,0.0,Redskins,419.0,24.0,5.0,DST,44.0,2.0,0.0,463.0,0.0,0.0
1,2010.0,3,Roydell Williams,0.0,0.0,Rams,0.0,0.0,0.0,0.0,0.0,0.0,3.0,WR,0.0,0.0,34.0,1.0,0.0,0.0,0.0,0.0,0.0,Rams,0.0,2.0,1.0,Redskins,248.5,16.5,12.0,DST,142.5,2.0,0.0,391.0,0.0,0.5
2,2010.0,10,Roydell Williams,0.0,0.0,Eagles,0.0,0.0,0.0,0.0,0.0,0.0,2.0,WR,0.0,0.0,22.0,1.0,0.0,0.0,0.0,0.0,0.5,Eagles,0.0,0.625,1.625,Redskins,214.875,22.625,10.875,DST,103.875,3.0,0.0,318.75,0.125,0.5
3,2010.0,13,Roydell Williams,0.0,0.0,Giants,0.0,0.0,0.0,0.0,0.0,0.0,1.25,WR,0.0,0.0,18.0,1.0,0.0,0.0,0.0,0.0,0.25,Giants,0.18181818181818185,1.181818181818182,1.0,Redskins,186.3636363636364,21.818181818181817,10.909090909090908,DST,100.1818181818182,2.8181818181818183,0.0,286.54545454545456,0.0,0.4545454545454545
4,2010.0,16,Roydell Williams,0.0,0.0,Jaguars,0.0,0.0,0.0,0.0,0.0,0.0,1.4,WR,0.0,0.0,19.8,1.4,0.0,0.0,0.0,0.0,0.4,Jaguars,0.07142857142857142,0.35714285714285715,0.8571428571428571,Redskins,255.64285714285717,26.07142857142857,6.571428571428571,DST,115.85714285714286,1.7857142857142858,0.0,371.5,0.07142857142857142,0.5
