,Year,Week,Name,Fumble TD,Fumbles Lost,Opponent_x,Pass 2PT,Pass Attempts,Pass Completions,Pass Interceptions,Pass TD,Pass Yards,Points_x,Position_x,Receiving 2PT,Receiving TD,Receiving Yards,Receptions,Rush 2PT,Rush Attempts,Rush TD,Rush Yards,Away Games_x,Team,Blocks,Fumble Returns,Interception,Opponent_y,Pass Yards Allowed,Point After,Points_y,Position_y,Rush Yards Allowed,Sack,Safety,Total Yards,Touchdowns,Away Games_y
0,2010.0,2,Pierre Thomas,0.0,0.0,49ers,0.0,0.0,0.0,0.0,0.0,0.0,14.0,RB,0.0,0.0,15.0,3.0,0.0,19.0,1.0,71.0,0.0,49ers,0.0,0.0,1.0,Saints,165.0,31.0,3.0,DST,77.0,1.0,0.0,242.0,0.0,1.0
1,2010.0,3,Pierre Thomas,0.0,0.0,Falcons,0.0,0.0,0.0,0.0,0.0,0.0,11.5,RB,0.0,0.0,36.0,5.5,0.0,18.5,0.5,58.5,0.5,Falcons,0.0,0.0,2.0,Saints,180.0,11.0,12.0,DST,130.5,2.5,0.0,310.5,0.0,0.5
2,2010.0,14,Pierre Thomas,0.0,0.0,Rams,0.0,0.0,0.0,0.0,0.0,0.0,10.666666666666666,RB,0.0,0.0,44.33333333333334,5.666666666666668,0.0,15.333333333333336,0.3333333333333333,49.0,0.3333333333333333,Rams,0.16666666666666666,0.75,0.8333333333333334,Saints,229.5,19.75,10.416666666666666,DST,103.5,2.9166666666666665,0.0,333.0,0.0,0.5
3,2010.0,15,Pierre Thomas,0.0,0.0,Ravens,0.0,0.0,0.0,0.0,0.0,0.0,9.25,RB,0.0,0.0,40.5,5.25,0.0,14.5,0.25,46.5,0.25,Ravens,0.0,0.3076923076923077,1.0,Saints,221.0769230769231,17.615384615384613,10.384615384615383,DST,98.76923076923076,1.8461538461538465,0.0,319.84615384615387,0.3076923076923077,0.5384615384615384
4,2010.0,16,Pierre Thomas,0.0,0.0,Falcons,0.0,0.0,0.0,0.0,0.0,0.0,7.8,RB,0.0,0.0,32.4,4.4,0.0,12.8,0.2,41.2,0.4,Falcons,0.0,0.5714285714285714,1.3571428571428572,Saints,226.78571428571428,18.642857142857142,10.285714285714286,DST,106.07142857142857,1.9285714285714288,0.0,332.85714285714283,0.21428571428571427,0.5714285714285714
