,Unnamed: 0.1,50+,FGA,FGM,Name,Opponent_x,Points_x,Position_x,Week,XPA,XPM,Year,Away Games_x,Team,Blocks,Fumble Returns,Interception,Opponent_y,Pass Yards Allowed,Point After,Points_y,Position_y,Rush Yards Allowed,Sack,Safety,Total Yards,Touchdowns,Away Games_y
0,330.0,0.0,0.0,0.0,Chris Kluwe,Raiders,0.0,K,11,0.0,0.0,2011.0,0.0,Raiders,0.1111111111111111,0.5555555555555556,0.8888888888888888,Min,246.0,25.88888888888889,8.222222222222221,DST,132.44444444444446,2.555555555555556,0.0,378.4444444444445,0.1111111111111111,0.4444444444444444
1,330.0,0.0,0.0,0.0,Chris Kluwe,Bears,0.0,K,17,0.0,0.0,2011.0,0.0,Bears,0.13333333333333333,0.7333333333333333,1.1333333333333333,Min,256.2,21.86666666666667,12.933333333333335,DST,97.53333333333332,2.066666666666667,0.06666666666666668,353.7333333333333,0.6,0.4666666666666667
