,Unnamed: 0.1_x,Unnamed: 0.1.1_x,Fumble TD,Fumbles Lost,Name,Opponent_x,Pass 2PT,Pass Attempts,Pass Completions,Pass Interceptions,Pass TD,Pass Yards,Points_x,Position_x,Receiving 2PT,Receiving TD,Receiving Yards,Receptions,Rush 2PT,Rush Attempts,Rush TD,Rush Yards,Week,Year,Unnamed: 0.1_y,Unnamed: 0.1.1_y,Blocks,Fumble Returns,Interception,Opponent_y,Pass Yards Allowed,Point After,Points_y,Position_y,Rush Yards Allowed,Sack,Safety,Team,Total Yards,Touchdowns
0,291,291.0,0.0,0.0,Geno Smith,Giants,0.0,2.0,0.0,0.0,0.0,0.0,0.0,QB,0.0,0.0,0.0,0.0,0.0,1.0,0.0,-1.0,9,2017.0,263,111.42857142857143,0.14285714285714285,0.5714285714285714,0.42857142857142855,Rams,258.7142857142857,22.285714285714285,7.571428571428571,DST,120.71428571428572,1.8571428571428568,0.14285714285714285,Giants,379.4285714285714,0.14285714285714285
1,418,291.0,0.0,0.0,Geno Smith,Raiders,0.0,2.0,0.0,0.0,0.0,0.0,0.0,QB,0.0,0.0,0.0,0.0,0.0,1.0,0.0,-1.0,13,2017.0,364,175.45454545454547,0.0,0.5454545454545454,0.09090909090909093,Giants,244.8181818181818,23.72727272727273,5.0,DST,108.54545454545456,1.7272727272727273,0.0,Raiders,353.3636363636364,0.0
