,Year,Week,Name,Fumble TD,Fumbles Lost,Opponent_x,Pass 2PT,Pass Attempts,Pass Completions,Pass Interceptions,Pass TD,Pass Yards,Points_x,Position_x,Receiving 2PT,Receiving TD,Receiving Yards,Receptions,Rush 2PT,Rush Attempts,Rush TD,Rush Yards,Away Games_x,Team,Blocks,Fumble Returns,Interception,Opponent_y,Pass Yards Allowed,Point After,Points_y,Position_y,Rush Yards Allowed,Sack,Safety,Total Yards,Touchdowns,Away Games_y
0,2014.0,5,Storm Johnson,0.0,0.0,Steelers,0.0,0.0,0.0,0.0,0.0,0.0,2.0,RB,0.0,0.0,0.0,0.0,0.0,4.0,0.0,27.0,0.0,Steelers,0.0,0.5,0.25,Jaguars,239.5,24.75,6.5,DST,113.25,1.75,0.0,352.75,0.25,0.5
1,2014.0,6,Storm Johnson,0.0,0.0,Titans,0.0,0.0,0.0,0.0,0.0,0.0,2.0,RB,0.0,0.0,0.0,0.0,0.0,4.0,0.0,27.0,0.0,Titans,0.0,0.2,1.2,Jaguars,237.4,27.8,6.2,DST,136.8,1.8,0.0,374.2,0.0,0.6
2,2014.0,7,Storm Johnson,0.0,0.0,Browns,0.0,0.0,0.0,0.0,0.0,0.0,5.0,RB,0.0,0.0,-2.0,0.5,0.0,7.0,0.5,24.0,0.5,Browns,0.2,0.2,0.8,Jaguars,259.6,23.0,7.8,DST,149.6,2.0,0.2,409.2,0.2,0.4
3,2014.0,15,Storm Johnson,0.0,0.0,Ravens,0.0,0.0,0.0,0.0,0.0,0.0,5.666666666666668,RB,0.0,0.0,-1.3333333333333333,0.3333333333333333,0.0,6.666666666666668,0.6666666666666666,21.33333333333333,0.3333333333333333,Ravens,0.15384615384615385,0.7692307692307693,0.6153846153846154,Jaguars,267.15384615384613,19.615384615384613,10.846153846153848,DST,84.46153846153847,2.8461538461538463,0.07692307692307693,351.6153846153846,0.15384615384615385,0.5384615384615384
4,2014.0,16,Storm Johnson,0.0,0.0,Titans,0.0,0.0,0.0,0.0,0.0,0.0,4.5,RB,0.0,0.0,-1.0,0.25,0.0,6.5,0.5,20.75,0.5,Titans,0.14285714285714285,0.2857142857142857,0.8571428571428571,Jaguars,239.14285714285717,27.857142857142854,7.571428571428571,DST,139.57142857142858,2.4285714285714284,0.07142857142857142,378.71428571428567,0.14285714285714285,0.5
