,Year,Week,Name,Fumble TD,Fumbles Lost,Opponent_x,Pass 2PT,Pass Attempts,Pass Completions,Pass Interceptions,Pass TD,Pass Yards,Points_x,Position_x,Receiving 2PT,Receiving TD,Receiving Yards,Receptions,Rush 2PT,Rush Attempts,Rush TD,Rush Yards,Away Games_x,Team,Blocks,Fumble Returns,Interception,Opponent_y,Pass Yards Allowed,Point After,Points_y,Position_y,Rush Yards Allowed,Sack,Safety,Total Yards,Touchdowns,Away Games_y
0,2010.0,1,Kassim Osgood,0.0,0.0,Broncos,0.0,0.0,0.0,0.0,0.0,0.0,8.0,WR,0.0,1.0,24.0,1.0,0.0,0.0,0.0,0.0,0.0,Broncos,0.0,0.0,0.0,Jaguars,165.0,24.0,2.0,DST,134.0,1.0,0.0,299.0,0.0,1.0
1,2010.0,3,Kassim Osgood,0.0,0.0,Eagles,0.0,0.0,0.0,0.0,0.0,0.0,8.0,WR,0.0,1.0,24.0,1.0,0.0,0.0,0.0,0.0,0.0,Eagles,0.0,0.0,2.0,Jaguars,248.0,29.5,7.0,DST,123.5,2.5,0.0,371.5,0.0,0.5
2,2010.0,4,Kassim Osgood,0.0,0.0,Colts,0.0,0.0,0.0,0.0,0.0,0.0,4.0,WR,0.0,0.5,14.5,1.0,0.0,0.0,0.0,0.0,0.0,Colts,0.0,1.0,1.0,Jaguars,235.66666666666663,20.33333333333333,12.0,DST,141.33333333333334,2.333333333333333,0.0,377.0,0.3333333333333333,0.6666666666666666
3,2010.0,11,Kassim Osgood,0.0,0.0,Browns,0.0,0.0,0.0,0.0,0.0,0.0,2.6666666666666665,WR,0.0,0.3333333333333333,10.666666666666666,1.0,0.0,0.0,0.0,0.0,0.0,Browns,0.2222222222222222,0.6666666666666666,1.1111111111111112,Jaguars,245.33333333333331,20.222222222222218,10.0,DST,113.22222222222223,1.7777777777777777,0.0,358.5555555555556,0.2222222222222222,0.4444444444444444
4,2010.0,12,Kassim Osgood,0.0,0.0,Giants,0.0,0.0,0.0,0.0,0.0,0.0,2.5,WR,0.0,0.25,13.5,1.25,0.0,0.0,0.0,0.0,0.0,Giants,0.2,1.2,1.0,Jaguars,192.9,22.0,10.8,DST,89.5,2.7,0.0,282.4,0.0,0.5
