,Year,Week,Name,Fumble TD,Fumbles Lost,Opponent,Pass 2PT,Pass Attempts,Pass Completions,Pass Interceptions,Pass TD,Pass Yards,Points,Position,Receiving 2PT,Receiving TD,Receiving Yards,Receptions,Rush 2PT,Rush Attempts,Rush TD,Rush Yards,Away Games
3835,2016.0,7,Matt Barkley,0.0,0.0,Packers,0.0,15.0,6.0,2.0,0.0,81.0,-1.0,QB,0.0,0.0,0.0,0.0,0.0,1.0,0.0,-1.0,1.0
3969,2016.0,12,Matt Barkley,0.0,0.0,Titans,0.0,15.0,6.0,2.0,0.0,81.0,-1.0,QB,0.0,0.0,0.0,0.0,0.0,1.0,0.0,-1.0,1.0
4023,2016.0,13,Matt Barkley,0.0,0.0,49ers,0.0,34.5,17.0,2.0,1.5,198.5,12.5,QB,0.0,0.0,0.0,0.0,0.0,1.5,0.0,-0.5,0.5
4049,2016.0,14,Matt Barkley,0.0,0.0,Lions,0.0,29.0,15.0,1.3333333333333333,1.0,196.33333333333334,10.666666666666666,QB,0.0,0.0,0.0,0.0,0.0,2.3333333333333335,0.0,0.6666666666666666,0.3333333333333333
4079,2016.0,15,Matt Barkley,0.0,0.0,Packers,0.0,29.75,16.25,1.0,1.0,200.25,11.5,QB,0.0,0.0,0.0,0.0,0.0,1.75,0.0,0.5,0.5
4128,2016.0,16,Matt Barkley,0.0,0.2,Redskins,0.0,32.4,19.0,1.4,1.2,232.6,13.0,QB,0.0,0.0,0.0,0.0,0.0,1.4,0.0,0.4,0.4
4174,2016.0,17,Matt Barkley,0.0,0.16666666666666666,Min,0.0,33.666666666666664,19.833333333333332,2.0,1.3333333333333333,247.66666666666666,13.166666666666666,QB,0.0,0.0,0.0,0.0,0.0,1.1666666666666667,0.0,0.3333333333333333,0.3333333333333333
