,Year,Week,Name,Fumble TD,Fumbles Lost,Opponent,Pass 2PT,Pass Attempts,Pass Completions,Pass Interceptions,Pass TD,Pass Yards,Points,Position,Receiving 2PT,Receiving TD,Receiving Yards,Receptions,Rush 2PT,Rush Attempts,Rush TD,Rush Yards,Away Games
8629,2012.0,1,Baron Batch,0.0,0.0,Broncos,0.0,0.0,0.0,0.0,0.0,0.0,0.0,RB,0.0,0.0,0.0,0.0,0.0,1.0,0.0,-1.0,1.0
8721,2012.0,2,Baron Batch,0.0,0.0,Jets,0.0,0.0,0.0,0.0,0.0,0.0,0.0,RB,0.0,0.0,0.0,0.0,0.0,1.0,0.0,-1.0,1.0
8769,2012.0,3,Baron Batch,0.0,0.0,Raiders,0.0,0.0,0.0,0.0,0.0,0.0,0.0,RB,0.0,0.0,0.0,0.0,0.0,1.0,0.0,0.0,0.5
9007,2012.0,6,Baron Batch,0.0,0.0,Titans,0.0,0.0,0.0,0.0,0.0,0.0,1.0,RB,0.0,0.0,6.666666666666667,0.6666666666666666,0.0,2.0,0.0,4.0,0.6666666666666666
9134,2012.0,7,Baron Batch,0.0,0.0,Bengals,0.0,0.0,0.0,0.0,0.0,0.0,2.75,RB,0.0,0.0,5.75,0.75,0.0,4.0,0.25,8.5,0.75
9213,2012.0,8,Baron Batch,0.0,0.0,Redskins,0.0,0.0,0.0,0.0,0.0,0.0,2.2,RB,0.0,0.0,4.6,0.6,0.0,3.6,0.2,7.6,0.8
9291,2012.0,9,Baron Batch,0.0,0.0,Giants,0.0,0.0,0.0,0.0,0.0,0.0,1.8333333333333333,RB,0.0,0.0,5.166666666666667,0.6666666666666666,0.0,3.6666666666666665,0.16666666666666666,6.5,0.6666666666666666
9451,2012.0,11,Baron Batch,0.0,0.0,Ravens,0.0,0.0,0.0,0.0,0.0,0.0,1.5714285714285714,RB,0.0,0.0,4.428571428571429,0.5714285714285714,0.0,3.4285714285714284,0.14285714285714285,6.571428571428571,0.7142857142857143
