,Year,Week,Name,Fumble TD,Fumbles Lost,Opponent_x,Pass 2PT,Pass Attempts,Pass Completions,Pass Interceptions,Pass TD,Pass Yards,Points_x,Position_x,Receiving 2PT,Receiving TD,Receiving Yards,Receptions,Rush 2PT,Rush Attempts,Rush TD,Rush Yards,Away Games_x,Team,Blocks,Fumble Returns,Interception,Opponent_y,Pass Yards Allowed,Point After,Points_y,Position_y,Rush Yards Allowed,Sack,Safety,Total Yards,Touchdowns,Away Games_y
0,2012.0,6,Josh Cooper,0.0,0.0,Bengals,0.0,0.0,0.0,0.0,0.0,0.0,3.0,WR,0.0,0.0,39.0,2.0,0.0,0.0,0.0,0.0,0.0,Bengals,0.0,1.0,0.2,Browns,230.0,25.8,9.6,DST,118.2,3.6,0.0,348.2,0.2,0.6
1,2012.0,7,Josh Cooper,0.0,0.0,Colts,0.0,0.0,0.0,0.0,0.0,0.0,3.0,WR,0.0,0.0,39.0,2.0,0.0,0.0,0.0,0.0,0.0,Colts,0.0,0.2,0.4,Browns,200.0,29.0,6.2,DST,159.0,2.6,0.0,359.0,0.2,0.4
2,2012.0,11,Josh Cooper,0.0,0.0,Cowboys,0.0,0.0,0.0,0.0,0.0,0.0,4.0,WR,0.0,0.0,46.0,3.0,0.0,0.0,0.0,0.0,0.5,Cowboys,0.0,0.6666666666666666,0.4444444444444444,Browns,213.55555555555557,22.66666666666667,8.555555555555555,DST,105.22222222222223,2.0,0.0,318.77777777777777,0.3333333333333333,0.6666666666666666
3,2012.0,17,Josh Cooper,0.0,0.0,Steelers,0.0,0.0,0.0,0.0,0.0,0.0,2.6666666666666665,WR,0.0,0.0,32.666666666666664,2.333333333333333,0.0,0.0,0.0,0.0,0.6666666666666666,Steelers,0.06666666666666668,0.4666666666666667,0.6,Browns,185.4,20.266666666666666,8.666666666666666,DST,87.46666666666668,2.2,0.0,272.8666666666667,0.06666666666666668,0.5333333333333333
4,2013.0,16,Josh Cooper,0.0,0.0,Jets,0.0,0.0,0.0,0.0,0.0,0.0,2.0,WR,0.0,0.0,26.0,4.0,0.0,0.0,0.0,0.0,1.0,Jets,0.07142857142857142,0.14285714285714285,0.5714285714285714,Browns,255.35714285714286,26.214285714285715,7.428571428571429,DST,86.07142857142857,2.7142857142857144,0.07142857142857142,341.42857142857144,0.14285714285714285,0.5
5,2013.0,17,Josh Cooper,0.0,0.0,Steelers,0.0,0.0,0.0,0.0,0.0,0.0,2.0,WR,0.0,0.0,26.0,4.0,0.0,0.0,0.0,0.0,1.0,Steelers,0.06666666666666668,0.6,0.6,Browns,222.13333333333333,24.2,9.2,DST,118.0,2.066666666666667,0.06666666666666668,340.1333333333333,0.26666666666666666,0.5333333333333333
