,Year,Week,Name,Fumble TD,Fumbles Lost,Opponent_x,Pass 2PT,Pass Attempts,Pass Completions,Pass Interceptions,Pass TD,Pass Yards,Points_x,Position_x,Receiving 2PT,Receiving TD,Receiving Yards,Receptions,Rush 2PT,Rush Attempts,Rush TD,Rush Yards,Away Games_x,Team,Blocks,Fumble Returns,Interception,Opponent_y,Pass Yards Allowed,Point After,Points_y,Position_y,Rush Yards Allowed,Sack,Safety,Total Yards,Touchdowns,Away Games_y
0,2013.0,6,Joel Dreessen,0.0,0.0,Jaguars,0.0,0.0,0.0,0.0,0.0,0.0,0.0,TE,0.0,0.0,4.0,1.0,0.0,0.0,0.0,0.0,0.0,Jaguars,0.2,0.4,0.4,Broncos,219.2,32.6,5.2,DST,160.6,2.0,0.2,379.8,0.0,0.6
1,2013.0,8,Joel Dreessen,0.0,0.0,Redskins,0.0,0.0,0.0,0.0,0.0,0.0,0.0,TE,0.0,0.0,4.0,1.0,0.0,0.0,0.0,0.0,0.0,Redskins,0.0,0.6666666666666666,0.6666666666666666,Broncos,262.8333333333333,30.66666666666667,10.5,DST,126.16666666666669,3.0,0.0,389.0,0.6666666666666666,0.5
2,2013.0,14,Joel Dreessen,0.0,0.0,Titans,0.0,0.0,0.0,0.0,0.0,0.0,3.0,TE,0.0,0.5,6.5,1.5,0.0,0.0,0.0,0.0,0.0,Titans,0.08333333333333333,0.8333333333333334,0.8333333333333334,Broncos,212.58333333333331,22.25,10.0,DST,114.0,2.583333333333333,0.0,326.5833333333333,0.25,0.5
3,2013.0,17,Joel Dreessen,0.0,0.0,Raiders,0.0,0.0,0.0,0.0,0.0,0.0,2.0,TE,0.0,0.3333333333333333,7.0,1.3333333333333333,0.0,0.0,0.0,0.0,0.0,Raiders,0.2,0.8666666666666667,0.6,Broncos,250.53333333333333,27.93333333333333,8.733333333333333,DST,106.86666666666666,2.333333333333333,0.0,357.4,0.26666666666666666,0.5333333333333333
