,Unnamed: 0.1_x,Unnamed: 0.1.1_x,Fumble TD,Fumbles Lost,Name,Opponent_x,Pass 2PT,Pass Attempts,Pass Completions,Pass Interceptions,Pass TD,Pass Yards,Points_x,Position_x,Receiving 2PT,Receiving TD,Receiving Yards,Receptions,Rush 2PT,Rush Attempts,Rush TD,Rush Yards,Week,Year,Unnamed: 0.1_y,Unnamed: 0.1.1_y,Blocks,Fumble Returns,Interception,Opponent_y,Pass Yards Allowed,Point After,Points_y,Position_y,Rush Yards Allowed,Sack,Safety,Team,Total Yards,Touchdowns
0,849,849.0,0.0,0.0,Mike Davis,Steelers,0.0,0.0,0.0,0.0,0.0,0.0,5.0,RB,0.0,0.0,41.0,2.0,0.0,6.0,0.0,18.0,11,2017.0,297,139.66666666666666,0.1111111111111111,0.6111111111111112,0.8888888888888888,Titans,199.83333333333331,17.38888888888889,12.055555555555555,DST,101.83333333333331,3.0,0.16666666666666666,Steelers,301.6666666666667,0.2222222222222222
1,849,849.0,0.0,0.0,Mike Davis,Steelers,0.0,0.0,0.0,0.0,0.0,0.0,5.0,RB,0.0,0.0,41.0,2.0,0.0,6.0,0.0,18.0,11,2017.0,312,147.94736842105263,0.15789473684210525,0.5789473684210527,1.0526315789473684,Falcons,203.21052631578945,17.368421052631582,12.421052631578947,DST,99.2105263157895,3.1052631578947367,0.15789473684210525,Steelers,302.42105263157896,0.21052631578947367
2,1002,849.0,0.0,0.0,Mike Davis,Steelers,0.0,0.0,0.0,0.0,0.0,0.0,5.0,RB,0.0,0.0,41.0,2.0,0.0,6.0,0.0,18.0,13,2017.0,362,172.5909090909091,0.13636363636363635,0.5454545454545454,0.9545454545454546,Eagles,203.3636363636364,18.40909090909091,11.590909090909092,DST,97.1818181818182,3.0454545454545454,0.13636363636363635,Steelers,300.54545454545456,0.18181818181818185
3,1002,849.0,0.0,0.0,Mike Davis,Steelers,0.0,0.0,0.0,0.0,0.0,0.0,5.0,RB,0.0,0.0,41.0,2.0,0.0,6.0,0.0,18.0,13,2017.0,368,180.82608695652172,0.13043478260869565,0.5652173913043478,0.9565217391304348,Bengals,208.7391304347826,18.043478260869566,11.695652173913045,DST,97.21739130434784,3.0434782608695654,0.13043478260869565,Steelers,305.95652173913044,0.17391304347826084
