,Year,Week,Name,Fumble TD,Fumbles Lost,Opponent,Pass 2PT,Pass Attempts,Pass Completions,Pass Interceptions,Pass TD,Pass Yards,Points,Position,Receiving 2PT,Receiving TD,Receiving Yards,Receptions,Rush 2PT,Rush Attempts,Rush TD,Rush Yards,Away Games
4123,2016.0,1,Austin Seferian-Jenkins,0.0,0.0,Falcons,0.0,0.0,0.0,0.0,0.0,0.0,9.0,TE,0.0,1.0,30.0,1.0,0.0,0.0,0.0,0.0,1.0
4210,2016.0,2,Austin Seferian-Jenkins,0.0,0.0,Cardinals,0.0,0.0,0.0,0.0,0.0,0.0,9.0,TE,0.0,1.0,30.0,1.0,0.0,0.0,0.0,0.0,1.0
4342,2016.0,5,Austin Seferian-Jenkins,0.0,0.0,Steelers,0.0,0.0,0.0,0.0,0.0,0.0,5.0,TE,0.0,0.5,22.0,1.5,0.0,0.0,0.0,0.0,1.0
4685,2016.0,12,Austin Seferian-Jenkins,0.0,0.0,Patriots,0.0,0.0,0.0,0.0,0.0,0.0,3.6666666666666665,TE,0.0,0.3333333333333333,20.333333333333332,1.6666666666666667,0.0,0.0,0.0,0.0,1.0
4715,2016.0,13,Austin Seferian-Jenkins,0.0,0.0,Colts,0.0,0.0,0.0,0.0,0.0,0.0,2.75,TE,0.0,0.25,17.5,1.5,0.0,0.0,0.0,0.0,0.75
4755,2016.0,14,Austin Seferian-Jenkins,0.0,0.0,49ers,0.0,0.0,0.0,0.0,0.0,0.0,2.6,TE,0.0,0.2,19.8,1.6,0.0,0.0,0.0,0.0,0.6
4835,2016.0,15,Austin Seferian-Jenkins,0.0,0.0,Dolphins,0.0,0.0,0.0,0.0,0.0,0.0,2.6666666666666665,TE,0.0,0.16666666666666666,22.333333333333332,1.8333333333333333,0.0,0.0,0.0,0.0,0.6666666666666666
4887,2016.0,16,Austin Seferian-Jenkins,0.0,0.0,Patriots,0.0,0.0,0.0,0.0,0.0,0.0,2.2857142857142856,TE,0.0,0.14285714285714285,19.571428571428573,1.7142857142857142,0.0,0.0,0.0,0.0,0.5714285714285714
