,Year,Week,Name,Fumble TD,Fumbles Lost,Opponent,Pass 2PT,Pass Attempts,Pass Completions,Pass Interceptions,Pass TD,Pass Yards,Points,Position,Receiving 2PT,Receiving TD,Receiving Yards,Receptions,Rush 2PT,Rush Attempts,Rush TD,Rush Yards,Away Games
4148,2016.0,1,Virgil Green,0.0,0.0,Panthers,0.0,0.0,0.0,0.0,0.0,0.0,2.0,TE,0.0,0.0,28.0,4.0,0.0,0.0,0.0,0.0,0.0
4190,2016.0,2,Virgil Green,0.0,0.0,Colts,0.0,0.0,0.0,0.0,0.0,0.0,2.0,TE,0.0,0.0,28.0,4.0,0.0,0.0,0.0,0.0,0.0
4391,2016.0,6,Virgil Green,0.0,0.0,Chargers,0.0,0.0,0.0,0.0,0.0,0.0,3.0,TE,0.0,0.0,37.0,3.5,0.0,0.0,0.0,0.0,0.0
4474,2016.0,8,Virgil Green,0.0,0.0,Chargers,0.0,0.0,0.0,0.0,0.0,0.0,2.6666666666666665,TE,0.0,0.0,31.666666666666668,3.3333333333333335,0.0,0.0,0.0,0.0,0.3333333333333333
4531,2016.0,9,Virgil Green,0.0,0.0,Raiders,0.0,0.0,0.0,0.0,0.0,0.0,3.25,TE,0.0,0.0,37.5,3.5,0.0,0.0,0.0,0.0,0.25
4581,2016.0,10,Virgil Green,0.0,0.0,Saints,0.0,0.0,0.0,0.0,0.0,0.0,3.2,TE,0.0,0.0,37.4,3.2,0.0,0.0,0.0,0.0,0.4
4841,2016.0,15,Virgil Green,0.0,0.0,Patriots,0.0,0.0,0.0,0.0,0.0,0.0,3.0,TE,0.0,0.0,35.166666666666664,3.0,0.0,0.0,0.0,0.0,0.5
4916,2016.0,17,Virgil Green,0.0,0.0,Raiders,0.0,0.0,0.0,0.0,0.0,0.0,2.5714285714285716,TE,0.0,0.0,31.428571428571427,2.7142857142857144,0.0,0.0,0.0,0.0,0.42857142857142855
