,Unnamed: 0.1,50+,FGA,FGM,Name,Opponent_x,Points_x,Position_x,Week,XPA,XPM,Year,Away Games_x,Team,Blocks,Fumble Returns,Interception,Opponent_y,Pass Yards Allowed,Point After,Points_y,Position_y,Rush Yards Allowed,Sack,Safety,Total Yards,Touchdowns,Away Games_y
0,270,0,0,0,Sam Koch,Dolphins,0.0,K,9,0,0,2010,0,Dolphins,0.14285714285714285,0.42857142857142855,0.7142857142857143,Ravens,207.85714285714286,21.285714285714285,9.428571428571429,DST,101.57142857142857,2.4285714285714284,0.14285714285714285,309.42857142857144,0.14285714285714285,0.5714285714285714
