,Unnamed: 0,50+,FGA,FGM,Name,Opponent,Points,Position,Week,XPA,XPM,Year,Away Games
2442,351.0,0.0,1.0,1.0,Shayne Graham,Min,4.0,K,12,1.0,1.0,2015.0,0.0
2450,351.0,0.0,1.0,1.0,Shayne Graham,Buccaneers,4.0,K,13,1.0,1.0,2015.0,0.0
2518,355.0,0.5,2.5,2.5,Shayne Graham,Jaguars,9.5,K,15,1.0,1.0,2015.0,0.5
2550,379.0,0.3333333333333333,2.6666666666666665,2.6666666666666665,Shayne Graham,Panthers,10.0,K,16,1.3333333333333333,1.3333333333333333,2015.0,0.6666666666666666
2596,399.0,0.5,2.75,2.5,Shayne Graham,Saints,10.0,K,17,1.5,1.5,2015.0,0.5
