,Unnamed: 0.1,50+,FGA,FGM,Name,Opponent_x,Points_x,Position_x,Week,XPA,XPM,Year,Away Games_x,Team,Blocks,Fumble Returns,Interception,Opponent_y,Pass Yards Allowed,Point After,Points_y,Position_y,Rush Yards Allowed,Sack,Safety,Total Yards,Touchdowns,Away Games_y
0,351.0,0.0,1.0,1.0,Shayne Graham,Buccaneers,4.0,K,13,1.0,1.0,2015.0,0.0,Buccaneers,0.09090909090909093,0.9090909090909092,0.9090909090909092,Falcons,241.3636363636364,25.363636363636363,10.272727272727273,DST,97.45454545454544,2.363636363636364,0.0,338.8181818181818,0.2727272727272727,0.5454545454545454
1,355.0,0.5,2.5,2.5,Shayne Graham,Jaguars,9.5,K,15,1.0,1.0,2015.0,0.5,Jaguars,0.15384615384615385,0.6923076923076923,0.5384615384615384,Falcons,261.6923076923077,27.461538461538463,9.153846153846152,DST,102.3846153846154,2.4615384615384617,0.0,364.07692307692315,0.3076923076923077,0.4615384615384616
2,379.0,0.3333333333333333,2.6666666666666665,2.6666666666666665,Shayne Graham,Panthers,10.0,K,16,1.3333333333333333,1.3333333333333333,2015.0,0.6666666666666666,Panthers,0.0,0.9285714285714286,1.5714285714285714,Falcons,224.78571428571428,19.857142857142858,13.142857142857142,DST,90.07142857142857,2.8571428571428568,0.0,314.85714285714283,0.35714285714285715,0.5
3,399.0,0.5,2.75,2.5,Shayne Graham,Saints,10.0,K,17,1.5,1.5,2015.0,0.5,Saints,0.06666666666666668,0.8,0.5333333333333333,Falcons,281.1333333333333,30.6,7.066666666666666,DST,132.26666666666668,2.0,0.0,413.4,0.2,0.4666666666666667
