,Year,Week,Name,Fumble TD,Fumbles Lost,Opponent_x,Pass 2PT,Pass Attempts,Pass Completions,Pass Interceptions,Pass TD,Pass Yards,Points_x,Position_x,Receiving 2PT,Receiving TD,Receiving Yards,Receptions,Rush 2PT,Rush Attempts,Rush TD,Rush Yards,Away Games_x,Team,Blocks,Fumble Returns,Interception,Opponent_y,Pass Yards Allowed,Point After,Points_y,Position_y,Rush Yards Allowed,Sack,Safety,Total Yards,Touchdowns,Away Games_y
0,2015.0,3,Brandon Myers,0.0,0.0,Texans,0.0,0.0,0.0,0.0,0.0,0.0,1.0,TE,0.0,0.0,18.0,3.0,0.0,0.0,0.0,0.0,1.0,Texans,0.5,0.0,0.5,Buccaneers,205.5,25.5,5.0,DST,134.5,2.0,0.0,340.0,0.0,0.5
1,2015.0,4,Brandon Myers,0.0,0.0,Panthers,0.0,0.0,0.0,0.0,0.0,0.0,1.0,TE,0.0,0.0,18.0,3.0,0.0,0.0,0.0,0.0,1.0,Panthers,0.0,0.6666666666666666,1.3333333333333333,Buccaneers,239.33333333333331,16.0,12.333333333333336,DST,75.66666666666667,2.333333333333333,0.0,315.0,0.3333333333333333,0.3333333333333333
2,2015.0,5,Brandon Myers,0.0,0.0,Jaguars,0.0,0.0,0.0,0.0,0.0,0.0,0.5,TE,0.0,0.0,13.0,2.0,0.0,0.0,0.0,0.0,0.5,Jaguars,0.25,0.5,0.25,Buccaneers,278.5,26.75,7.25,DST,83.0,2.25,0.0,361.5,0.0,0.5
3,2015.0,8,Brandon Myers,0.0,0.0,Falcons,0.0,0.0,0.0,0.0,0.0,0.0,1.3333333333333333,TE,0.0,0.0,20.0,2.0,0.0,0.0,0.0,0.0,0.3333333333333333,Falcons,0.0,0.5714285714285714,1.1428571428571428,Buccaneers,274.7142857142857,21.428571428571427,10.428571428571429,DST,78.57142857142857,1.1428571428571428,0.0,353.28571428571433,0.5714285714285714,0.5714285714285714
4,2015.0,10,Brandon Myers,0.0,0.0,Cowboys,0.0,0.0,0.0,0.0,0.0,0.0,1.75,TE,0.0,0.0,23.0,2.25,0.0,0.0,0.0,0.0,0.5,Cowboys,0.25,0.125,0.375,Buccaneers,240.125,25.5,6.125,DST,111.625,1.75,0.0,351.75,0.125,0.375
