,Unnamed: 0.1_x,Unnamed: 0.1.1_x,Fumble TD,Fumbles Lost,Name,Opponent_x,Pass 2PT,Pass Attempts,Pass Completions,Pass Interceptions,Pass TD,Pass Yards,Points_x,Position_x,Receiving 2PT,Receiving TD,Receiving Yards,Receptions,Rush 2PT,Rush Attempts,Rush TD,Rush Yards,Week,Year,Unnamed: 0.1_y,Unnamed: 0.1.1_y,Blocks,Fumble Returns,Interception,Opponent_y,Pass Yards Allowed,Point After,Points_y,Position_y,Rush Yards Allowed,Sack,Safety,Team,Total Yards,Touchdowns
0,19,19.0,0.0,0.0,Zach Miller,Bears,0.0,0.0,0.0,0.0,0.0,0.0,3.0,TE,0.0,0.0,39.0,4.0,0.0,0.0,0.0,0.0,1,2017.0,25,25.0,0.0,0.0,0.0,Falcons,308.0,23.0,3.0,DST,64.0,2.0,0.0,Bears,372.0,0.0
1,63,19.0,0.0,0.0,Zach Miller,Buccaneers,0.0,0.0,0.0,0.0,0.0,0.0,3.0,TE,0.0,0.0,39.0,4.0,0.0,0.0,0.0,0.0,2,2017.0,30,30.0,0.0,2.0,2.0,Bears,290.0,7.0,22.0,DST,20.0,1.0,0.0,Buccaneers,310.0,1.0
2,126,41.0,0.0,0.0,Zach Miller,Bears,0.0,0.0,0.0,0.0,0.0,0.0,3.5,TE,0.0,0.0,40.5,5.0,0.0,0.0,0.0,0.0,3,2017.0,69,40.0,0.0,0.5,0.0,Steelers,251.0,26.0,3.5,DST,90.5,2.0,0.0,Bears,341.5,0.0
3,173,69.33333333333333,0.0,0.0,Zach Miller,Packers,0.0,0.0,0.0,0.0,0.0,0.0,2.6666666666666665,TE,0.0,0.0,32.666666666666664,3.6666666666666665,0.0,0.0,0.0,0.0,4,2017.0,101,47.66666666666666,0.0,0.6666666666666666,0.0,Bears,183.0,22.33333333333333,7.0,DST,113.66666666666669,3.0,0.0,Packers,296.6666666666667,0.0
4,212,95.25,0.0,0.0,Zach Miller,Bears,0.0,0.0,0.0,0.0,0.0,0.0,3.0,TE,0.0,0.0,35.75,3.25,0.0,0.0,0.0,0.0,5,2017.0,138,67.5,0.25,0.75,0.0,Vikings,220.75,26.0,5.5,DST,85.5,2.25,0.0,Bears,306.25,0.0
5,262,118.6,0.0,0.0,Zach Miller,Ravens,0.0,0.0,0.0,0.0,0.0,0.0,4.2,TE,0.0,0.2,36.4,3.2,0.0,0.0,0.0,0.0,6,2017.0,158,74.0,0.0,0.6,1.8,Bears,205.2,19.4,12.8,DST,123.4,2.4,0.0,Ravens,328.6,0.2
6,327,142.5,0.0,0.0,Zach Miller,Bears,0.0,0.0,0.0,0.0,0.0,0.0,4.833333333333333,TE,0.0,0.3333333333333333,34.5,3.0,0.0,0.0,0.0,0.0,7,2017.0,182,94.83333333333331,0.16666666666666666,0.6666666666666666,0.3333333333333333,Panthers,198.33333333333331,24.66666666666667,8.0,DST,104.33333333333331,2.6666666666666665,0.16666666666666666,Bears,302.6666666666667,0.16666666666666666
