,Year,Week,Name,Fumble TD,Fumbles Lost,Opponent,Pass 2PT,Pass Attempts,Pass Completions,Pass Interceptions,Pass TD,Pass Yards,Points,Position,Receiving 2PT,Receiving TD,Receiving Yards,Receptions,Rush 2PT,Rush Attempts,Rush TD,Rush Yards,Away Games
7367,2014.0,3,Ronnie Hillman,0.0,0.0,Seahawks,0.0,0.0,0.0,0.0,0.0,0.0,0.0,RB,0.0,0.0,7.0,1.0,0.0,2.0,0.0,2.0,1.0
7484,2014.0,5,Ronnie Hillman,0.0,0.0,Cardinals,0.0,0.0,0.0,0.0,0.0,0.0,0.0,RB,0.0,0.0,7.0,1.0,0.0,2.0,0.0,2.0,1.0
7550,2014.0,6,Ronnie Hillman,0.0,0.0,Jets,0.0,0.0,0.0,0.0,0.0,0.0,3.0,RB,0.0,0.0,3.5,0.5,0.0,8.5,0.0,33.0,0.5
7618,2014.0,7,Ronnie Hillman,0.0,0.0,49ers,0.0,0.0,0.0,0.0,0.0,0.0,5.666666666666667,RB,0.0,0.0,7.666666666666667,1.3333333333333333,0.0,13.666666666666666,0.0,55.333333333333336,0.6666666666666666
7718,2014.0,8,Ronnie Hillman,0.0,0.0,Chargers,0.0,0.0,0.0,0.0,0.0,0.0,9.5,RB,0.0,0.0,13.0,2.0,0.0,13.75,0.5,60.0,0.5
7794,2014.0,9,Ronnie Hillman,0.0,0.0,Patriots,0.0,0.0,0.0,0.0,0.0,0.0,10.0,RB,0.0,0.0,16.2,2.2,0.0,15.0,0.4,69.8,0.4
7916,2014.0,10,Ronnie Hillman,0.0,0.0,Raiders,0.0,0.0,0.0,0.0,0.0,0.0,11.166666666666666,RB,0.0,0.16666666666666666,21.333333333333332,3.0,0.0,14.166666666666666,0.5,60.833333333333336,0.5
8493,2014.0,17,Ronnie Hillman,0.0,0.0,Raiders,0.0,0.0,0.0,0.0,0.0,0.0,9.714285714285714,RB,0.0,0.14285714285714285,19.571428571428573,2.857142857142857,0.0,13.0,0.42857142857142855,54.0,0.5714285714285714
