,Year,Week,Name,Fumble TD,Fumbles Lost,Opponent_x,Pass 2PT,Pass Attempts,Pass Completions,Pass Interceptions,Pass TD,Pass Yards,Points_x,Position_x,Receiving 2PT,Receiving TD,Receiving Yards,Receptions,Rush 2PT,Rush Attempts,Rush TD,Rush Yards,Away Games_x,Team,Blocks,Fumble Returns,Interception,Opponent_y,Pass Yards Allowed,Point After,Points_y,Position_y,Rush Yards Allowed,Sack,Safety,Total Yards,Touchdowns,Away Games_y
0,2015.0,14,Scott Tolzien,0.0,0.0,Cowboys,0.0,0.0,0.0,0.0,0.0,0.0,0.0,QB,0.0,0.0,0.0,0.0,0.0,2.0,0.0,-3.0,0.0,Cowboys,0.25,0.16666666666666666,0.5,Packers,222.08333333333331,23.08333333333333,7.416666666666668,DST,104.08333333333331,1.9166666666666667,0.0,326.1666666666667,0.16666666666666666,0.5
1,2015.0,16,Scott Tolzien,0.0,0.0,Cardinals,0.0,0.0,0.0,0.0,0.0,0.0,0.0,QB,0.0,0.0,0.0,0.0,0.0,2.0,0.0,-3.0,0.0,Cardinals,0.0,0.7857142857142857,1.2857142857142858,Packers,242.92857142857144,19.214285714285715,12.071428571428573,DST,86.7142857142857,1.8571428571428568,0.14285714285714285,329.64285714285717,0.35714285714285715,0.5714285714285714
