,Year,Week,Name,Fumble TD,Fumbles Lost,Opponent,Pass 2PT,Pass Attempts,Pass Completions,Pass Interceptions,Pass TD,Pass Yards,Points,Position,Receiving 2PT,Receiving TD,Receiving Yards,Receptions,Rush 2PT,Rush Attempts,Rush TD,Rush Yards,Away Games
3649,2016.0,2,Josh Huff,0.0,0.0,Bears,0.0,0.0,0.0,0.0,0.0,0.0,0.0,WR,0.0,0.0,-1.0,1.0,0.0,1.0,0.0,0.0,1.0
3737,2016.0,3,Josh Huff,0.0,0.0,Steelers,0.0,0.0,0.0,0.0,0.0,0.0,0.0,WR,0.0,0.0,-1.0,1.0,0.0,1.0,0.0,0.0,1.0
3916,2016.0,5,Josh Huff,0.0,0.0,Lions,0.0,0.0,0.0,0.0,0.0,0.0,1.0,WR,0.0,0.0,9.5,2.5,0.0,0.5,0.0,0.0,0.5
4154,2016.0,7,Josh Huff,0.0,0.0,Min,0.0,0.0,0.0,0.0,0.0,0.0,3.0,WR,0.0,0.3333333333333333,8.0,2.6666666666666665,0.0,1.0,0.0,3.3333333333333335,0.6666666666666666
4300,2016.0,8,Josh Huff,0.0,0.0,Cowboys,0.0,0.0,0.0,0.0,0.0,0.0,3.0,WR,0.0,0.25,15.75,3.0,0.0,0.75,0.0,2.5,0.5
4949,2016.0,14,Josh Huff,0.0,0.0,Saints,0.0,0.2,0.0,0.0,0.0,0.0,2.4,WR,0.0,0.2,14.4,2.6,0.0,0.6,0.0,2.0,0.6
5173,2016.0,16,Josh Huff,0.0,0.0,Saints,0.0,0.16666666666666666,0.0,0.0,0.0,0.0,2.1666666666666665,WR,0.0,0.16666666666666666,14.833333333333334,2.3333333333333335,0.0,0.6666666666666666,0.0,2.5,0.5
