,Year,Week,Name,Fumble TD,Fumbles Lost,Opponent_x,Pass 2PT,Pass Attempts,Pass Completions,Pass Interceptions,Pass TD,Pass Yards,Points_x,Position_x,Receiving 2PT,Receiving TD,Receiving Yards,Receptions,Rush 2PT,Rush Attempts,Rush TD,Rush Yards,Away Games_x,Team,Blocks,Fumble Returns,Interception,Opponent_y,Pass Yards Allowed,Point After,Points_y,Position_y,Rush Yards Allowed,Sack,Safety,Total Yards,Touchdowns,Away Games_y
0,2013.0,3,Cierre Wood,0.0,0.0,Ravens,0.0,0.0,0.0,0.0,0.0,0.0,0.0,RB,0.0,0.0,0.0,0.0,0.0,2.0,0.0,4.0,1.0,Ravens,0.0,0.5,0.0,Texans,319.5,27.5,10.0,DST,65.0,4.0,0.0,384.5,0.0,0.5
1,2013.0,5,Cierre Wood,0.0,0.0,49ers,0.0,0.0,0.0,0.0,0.0,0.0,0.0,RB,0.0,0.0,0.0,0.0,0.0,2.0,0.0,4.0,1.0,49ers,0.25,0.5,0.75,Texans,190.5,23.75,8.0,DST,109.25,3.0,0.0,299.75,0.0,0.5
2,2015.0,4,Cierre Wood,0.0,0.0,Giants,0.0,0.0,0.0,0.0,0.0,0.0,0.0,RB,0.0,0.0,-6.0,1.0,0.0,0.0,0.0,0.0,0.0,Giants,0.3333333333333333,0.3333333333333333,1.3333333333333333,Bills,335.6666666666667,24.0,8.666666666666666,DST,74.66666666666667,1.0,0.3333333333333333,410.33333333333326,0.3333333333333333,0.3333333333333333
3,2015.0,5,Cierre Wood,0.0,0.0,Titans,0.0,0.0,0.0,0.0,0.0,0.0,0.0,RB,0.0,0.0,-6.0,1.0,0.0,0.0,0.0,0.0,0.0,Titans,0.0,0.0,1.3333333333333333,Bills,194.66666666666663,25.66666666666667,9.0,DST,113.66666666666669,3.0,0.0,308.3333333333333,0.3333333333333333,0.6666666666666666
