,Year,Week,Name,Fumble TD,Fumbles Lost,Opponent,Pass 2PT,Pass Attempts,Pass Completions,Pass Interceptions,Pass TD,Pass Yards,Points,Position,Receiving 2PT,Receiving TD,Receiving Yards,Receptions,Rush 2PT,Rush Attempts,Rush TD,Rush Yards,Away Games
617,,1,Colin Kaepernick,,,Min,,,,,,,,QB,,,,,,,,,
630,2015.0,2,Colin Kaepernick,0.0,0.0,Steelers,0.0,26.0,17.0,0.0,0.0,165.0,10.0,QB,0.0,0.0,0.0,0.0,0.0,7.0,0.0,41.0,0.0
691,2015.0,3,Colin Kaepernick,0.0,0.5,Cardinals,0.5,36.0,25.0,0.0,1.0,250.0,20.5,QB,0.0,0.0,0.0,0.0,0.0,8.0,0.0,46.0,0.5
726,2015.0,4,Colin Kaepernick,0.0,0.3333333333333333,Packers,0.3333333333333333,30.333333333333332,19.666666666666668,1.3333333333333333,0.6666666666666666,189.0,15.0,QB,0.0,0.0,0.0,0.0,0.0,7.666666666666667,0.3333333333333333,46.0,0.6666666666666666
738,2015.0,5,Colin Kaepernick,0.0,0.25,Giants,0.25,29.0,18.0,1.25,0.5,181.75,13.5,QB,0.0,0.0,0.0,0.0,0.0,8.25,0.25,48.75,0.5
770,2015.0,6,Colin Kaepernick,0.0,0.2,Ravens,0.2,30.2,19.0,1.0,0.8,197.8,15.6,QB,0.0,0.0,0.0,0.0,0.0,7.2,0.2,43.6,0.6
819,2015.0,7,Colin Kaepernick,0.0,0.16666666666666666,Seahawks,0.16666666666666666,29.666666666666668,18.5,0.8333333333333334,1.0,221.5,17.333333333333332,QB,0.0,0.0,0.0,0.0,0.0,6.5,0.16666666666666666,38.0,0.5
847,2015.0,8,Colin Kaepernick,0.0,0.14285714285714285,Rams,0.14285714285714285,28.857142857142858,17.714285714285715,0.7142857142857143,0.8571428571428571,207.57142857142858,15.428571428571429,QB,0.0,0.0,0.0,0.0,0.0,5.571428571428571,0.14285714285714285,32.57142857142857,0.42857142857142855
884,2015.0,9,Colin Kaepernick,0.0,0.125,Falcons,0.125,30.375,18.0,0.625,0.75,201.875,14.5,QB,0.0,0.0,0.0,0.0,0.0,5.625,0.125,32.0,0.5
