,Year,Week,Name,Fumble TD,Fumbles Lost,Opponent_x,Pass 2PT,Pass Attempts,Pass Completions,Pass Interceptions,Pass TD,Pass Yards,Points_x,Position_x,Receiving 2PT,Receiving TD,Receiving Yards,Receptions,Rush 2PT,Rush Attempts,Rush TD,Rush Yards,Away Games_x,Team,Blocks,Fumble Returns,Interception,Opponent_y,Pass Yards Allowed,Point After,Points_y,Position_y,Rush Yards Allowed,Sack,Safety,Total Yards,Touchdowns,Away Games_y
0,2016.0,1,Matt Jones,0.0,0.0,Steelers,0.0,0.0,0.0,0.0,0.0,0.0,2.0,RB,0.0,0.0,9.0,1.0,0.0,7.0,0.0,24.0,0.0,Steelers,0.0,0.0,2.0,Redskins,329.0,16.0,8.0,DST,55.0,0.0,0.0,384.0,0.0,1.0
1,2016.0,2,Matt Jones,0.0,0.0,Cowboys,0.0,0.0,0.0,0.0,0.0,0.0,2.0,RB,0.0,0.0,9.0,1.0,0.0,7.0,0.0,24.0,0.0,Cowboys,0.0,0.0,1.0,Redskins,203.0,20.0,8.0,DST,113.0,2.0,0.0,316.0,0.0,0.0
2,2016.0,3,Matt Jones,0.0,0.0,Giants,0.0,0.0,0.0,0.0,0.0,0.0,7.0,RB,0.0,0.0,6.5,1.0,0.0,10.0,0.5,42.5,0.0,Giants,0.5,0.0,0.0,Redskins,237.0,16.0,10.5,DST,71.0,1.0,0.0,308.0,0.5,0.5
3,2016.0,4,Matt Jones,0.0,0.0,Browns,0.0,0.0,0.0,0.0,0.0,0.0,7.0,RB,0.0,0.0,9.0,1.3333333333333333,0.0,12.333333333333336,0.3333333333333333,50.0,0.3333333333333333,Browns,0.0,0.3333333333333333,1.3333333333333333,Redskins,294.3333333333333,28.0,6.666666666666668,DST,109.33333333333331,1.0,0.0,403.66666666666674,0.3333333333333333,0.6666666666666666
4,2016.0,5,Matt Jones,0.0,0.0,Ravens,0.0,0.0,0.0,0.0,0.0,0.0,10.0,RB,0.0,0.0,12.0,1.5,0.0,14.75,0.5,66.75,0.25,Ravens,0.5,0.25,1.25,Redskins,176.0,18.0,10.5,DST,80.0,2.25,0.0,256.0,0.0,0.5
5,2016.0,6,Matt Jones,0.0,0.2,Eagles,0.0,0.0,0.0,0.0,0.0,0.0,8.8,RB,0.0,0.0,14.6,1.6,0.0,14.6,0.4,59.6,0.4,Eagles,0.25,1.0,0.75,Redskins,193.5,12.75,13.5,DST,73.25,3.5,0.25,266.75,0.0,0.5
6,2016.0,7,Matt Jones,0.0,0.16666666666666666,Lions,0.0,0.0,0.0,0.0,0.0,0.0,10.5,RB,0.0,0.0,12.166666666666664,1.3333333333333333,0.0,14.833333333333336,0.5,72.16666666666667,0.3333333333333333,Lions,0.0,0.16666666666666666,0.5,Redskins,271.3333333333333,25.5,6.666666666666668,DST,108.33333333333331,2.1666666666666665,0.3333333333333333,379.66666666666674,0.16666666666666666,0.5
