,Year,Week,Name,Fumble TD,Fumbles Lost,Opponent,Pass 2PT,Pass Attempts,Pass Completions,Pass Interceptions,Pass TD,Pass Yards,Points,Position,Receiving 2PT,Receiving TD,Receiving Yards,Receptions,Rush 2PT,Rush Attempts,Rush TD,Rush Yards,Away Games
7427,2014.0,4,Jay Prosch,0.0,0.0,Bills,0.0,0.0,0.0,0.0,0.0,0.0,2.0,RB,0.0,0.0,24.0,1.0,0.0,0.0,0.0,0.0,0.0
4441,2015.0,2,Jay Prosch,0.0,0.0,Panthers,0.0,0.0,0.0,0.0,0.0,0.0,0.0,RB,0.0,0.0,0.0,0.0,0.0,1.0,0.0,4.0,1.0
4514,2015.0,3,Jay Prosch,0.0,0.0,Buccaneers,0.0,0.0,0.0,0.0,0.0,0.0,0.0,RB,0.0,0.0,0.0,0.0,0.0,1.0,0.0,4.0,1.0
5161,2015.0,11,Jay Prosch,0.0,0.0,Jets,0.0,0.0,0.0,0.0,0.0,0.0,1.0,RB,0.0,0.0,0.0,0.0,0.0,2.0,0.0,14.0,0.5
5518,2015.0,15,Jay Prosch,0.0,0.0,Colts,0.0,0.0,0.0,0.0,0.0,0.0,0.6666666666666666,RB,0.0,0.0,0.0,0.0,0.0,1.6666666666666667,0.0,10.333333333333334,0.3333333333333333
1508,2016.0,1,Jay Prosch,0.0,0.0,Bears,0.0,0.0,0.0,0.0,0.0,0.0,0.0,RB,0.0,0.0,0.0,0.0,0.0,1.0,0.0,2.0,0.0
1770,2016.0,4,Jay Prosch,0.0,0.0,Titans,0.0,0.0,0.0,0.0,0.0,0.0,0.0,RB,0.0,0.0,0.0,0.0,0.0,1.0,0.0,2.0,0.0
2296,2016.0,11,Jay Prosch,0.0,0.0,Raiders,0.0,0.0,0.0,0.0,0.0,0.0,0.0,RB,0.0,0.0,3.0,0.5,0.0,1.0,0.0,1.0,0.0
2724,2016.0,16,Jay Prosch,0.0,0.0,Bengals,0.0,0.0,0.0,0.0,0.0,0.0,0.0,RB,0.0,0.0,2.0,0.3333333333333333,0.0,1.0,0.0,1.3333333333333333,0.3333333333333333
