,Year,Week,Name,Fumble TD,Fumbles Lost,Opponent,Pass 2PT,Pass Attempts,Pass Completions,Pass Interceptions,Pass TD,Pass Yards,Points,Position,Receiving 2PT,Receiving TD,Receiving Yards,Receptions,Rush 2PT,Rush Attempts,Rush TD,Rush Yards,Away Games
220,2013.0,7,Josh McCown,0.0,0.0,Redskins,0.0,20.0,14.0,0.0,1.0,204.0,17.0,QB,0.0,0.0,0.0,0.0,0.0,4.0,0.0,33.0,1.0
278,2013.0,9,Josh McCown,0.0,0.0,Packers,0.0,20.0,14.0,0.0,1.0,204.0,17.0,QB,0.0,0.0,0.0,0.0,0.0,4.0,0.0,33.0,1.0
327,2013.0,10,Josh McCown,0.0,0.0,Lions,0.0,30.5,18.0,0.0,1.5,238.0,20.5,QB,0.0,0.0,0.0,0.0,0.0,2.5,0.0,26.5,1.0
359,2013.0,11,Josh McCown,0.0,0.0,Ravens,0.0,23.333333333333332,14.0,0.0,1.3333333333333333,179.33333333333334,16.333333333333332,QB,0.0,0.0,0.0,0.0,0.0,1.6666666666666667,0.0,17.666666666666668,0.6666666666666666
380,2013.0,12,Josh McCown,0.0,0.0,Rams,0.0,25.25,15.25,0.0,1.25,188.5,15.75,QB,0.0,0.0,0.0,0.0,0.0,1.75,0.0,13.0,0.5
411,2013.0,13,Josh McCown,0.0,0.2,Min,0.0,29.6,19.4,0.2,1.4,221.2,17.2,QB,0.0,0.0,0.0,0.0,0.0,1.8,0.0,11.2,0.6
441,2013.0,14,Josh McCown,0.0,0.16666666666666666,Cowboys,0.0,30.666666666666668,20.0,0.16666666666666666,1.5,243.5,18.666666666666668,QB,0.0,0.0,0.0,0.0,0.0,1.5,0.0,9.333333333333334,0.6666666666666666
551,2013.0,16,Josh McCown,0.0,0.14285714285714285,Eagles,0.14285714285714285,31.428571428571427,21.0,0.14285714285714285,1.8571428571428572,258.42857142857144,22.571428571428573,QB,0.0,0.0,0.0,0.0,0.0,1.7142857142857142,0.14285714285714285,10.285714285714286,0.5714285714285714
