,Unnamed: 0,Unnamed: 0.1,Fumble TD,Fumbles Lost,Name,Opponent,Pass 2PT,Pass Attempts,Pass Completions,Pass Interceptions,Pass TD,Pass Yards,Points,Position,Receiving 2PT,Receiving TD,Receiving Yards,Receptions,Rush 2PT,Rush Attempts,Rush TD,Rush Yards,Week,Year
21,21,21.0,0.0,0.0,Gerald Everett,Rams,0.0,0.0,0.0,0.0,0.0,0.0,3.0,TE,0.0,0.0,39.0,1.0,0.0,0.0,0.0,0.0,1,2017.0
53,53,21.0,0.0,0.0,Gerald Everett,Rams,0.0,0.0,0.0,0.0,0.0,0.0,3.0,TE,0.0,0.0,39.0,1.0,0.0,0.0,0.0,0.0,2,2017.0
203,203,37.0,0.0,0.0,Gerald Everett,Cowboys,0.0,0.0,0.0,0.0,0.0,0.0,6.0,TE,0.0,0.0,67.0,2.0,0.0,0.0,0.0,0.0,4,2017.0
247,247,92.33333333333333,0.0,0.0,Gerald Everett,Rams,0.0,0.0,0.0,0.0,0.0,0.0,4.0,TE,0.0,0.0,47.333333333333336,1.6666666666666667,0.0,0.0,0.0,0.0,5,2017.0
267,267,131.0,0.0,0.0,Gerald Everett,Jaguars,0.0,0.0,0.0,0.0,0.0,0.0,3.0,TE,0.0,0.0,37.5,1.5,0.0,0.0,0.0,0.0,6,2017.0
415,415,158.2,0.0,0.0,Gerald Everett,Giants,0.0,0.0,0.0,0.0,0.0,0.0,3.6,TE,0.0,0.2,30.8,1.4,0.0,0.0,0.0,0.0,9,2017.0
532,532,201.0,0.0,0.0,Gerald Everett,Vikings,0.0,0.0,0.0,0.0,0.0,0.0,3.8333333333333335,TE,0.0,0.16666666666666666,33.0,1.3333333333333333,0.0,0.16666666666666666,0.0,2.1666666666666665,11,2017.0
580,580,248.28571428571428,0.0,0.0,Gerald Everett,Rams,0.0,0.0,0.0,0.0,0.0,0.0,3.2857142857142856,TE,0.0,0.14285714285714285,29.428571428571427,1.2857142857142858,0.0,0.14285714285714285,0.0,1.8571428571428572,12,2017.0
601,601,289.75,0.0,0.0,Gerald Everett,Cardinals,0.0,0.0,0.0,0.0,0.0,0.0,2.875,TE,0.0,0.125,26.875,1.25,0.0,0.125,0.0,1.625,13,2017.0
