,Unnamed: 0.1_x,Unnamed: 0.1.1_x,Fumble TD,Fumbles Lost,Name,Opponent_x,Pass 2PT,Pass Attempts,Pass Completions,Pass Interceptions,Pass TD,Pass Yards,Points_x,Position_x,Receiving 2PT,Receiving TD,Receiving Yards,Receptions,Rush 2PT,Rush Attempts,Rush TD,Rush Yards,Week,Year,Unnamed: 0.1_y,Unnamed: 0.1.1_y,Blocks,Fumble Returns,Interception,Opponent_y,Pass Yards Allowed,Point After,Points_y,Position_y,Rush Yards Allowed,Sack,Safety,Team,Total Yards,Touchdowns
0,560,560.0,0.0,0.0,Tanner McEvoy,Rams,0.0,1.0,0.0,1.0,0.0,0.0,-2.0,WR,0.0,0.0,0.0,0.0,0.0,0.0,0.0,0.0,5,2017.0,135,61.0,0.0,0.75,1.0,Steelers,216.25,26.25,12.0,DST,151.5,3.0,0.25,Rams,367.75,0.5
1,806,560.0,0.0,0.0,Tanner McEvoy,Steelers,0.0,1.0,0.0,1.0,0.0,0.0,-2.0,WR,0.0,0.0,0.0,0.0,0.0,0.0,0.0,0.0,8,2017.0,218,98.46153846153848,0.07692307692307693,0.6153846153846154,0.9230769230769232,Texans,167.23076923076925,16.153846153846153,12.076923076923075,DST,112.6153846153846,2.769230769230769,0.07692307692307693,Steelers,279.84615384615387,0.2307692307692308
2,806,560.0,0.0,0.0,Tanner McEvoy,Steelers,0.0,1.0,0.0,1.0,0.0,0.0,-2.0,WR,0.0,0.0,0.0,0.0,0.0,0.0,0.0,0.0,8,2017.0,227,107.0,0.07142857142857142,0.5714285714285714,1.0714285714285714,Lions,181.5,17.714285714285715,12.428571428571427,DST,114.71428571428572,2.9285714285714284,0.07142857142857142,Steelers,296.2142857142857,0.2857142857142857
3,941,683.0,0.0,0.0,Tanner McEvoy,Steelers,0.0,0.5,0.0,0.5,0.0,0.0,1.5,WR,0.0,0.0,26.5,0.5,0.0,0.0,0.0,0.0,9,2017.0,244,115.0,0.06666666666666668,0.6,1.0,Redskins,196.8,17.533333333333335,12.133333333333333,DST,111.8,2.8666666666666667,0.06666666666666668,Steelers,308.6,0.26666666666666666
4,1231,769.0,0.0,0.0,Tanner McEvoy,49ers,0.0,0.3333333333333333,0.0,0.3333333333333333,0.0,0.0,1.3333333333333333,WR,0.0,0.0,21.0,0.6666666666666666,0.0,0.0,0.0,0.0,12,2017.0,347,155.6,0.0,0.6,0.6,Steelers,246.3,26.0,6.3,DST,133.5,2.0,0.0,49ers,379.8,0.0
