,Year,Week,Name,Fumble TD,Fumbles Lost,Opponent,Pass 2PT,Pass Attempts,Pass Completions,Pass Interceptions,Pass TD,Pass Yards,Points,Position,Receiving 2PT,Receiving TD,Receiving Yards,Receptions,Rush 2PT,Rush Attempts,Rush TD,Rush Yards,Away Games
2904,2010.0,1,Tim Castille,0.0,0.0,Chargers,0.0,0.0,0.0,0.0,0.0,0.0,0.0,RB,0.0,0.0,3.0,2.0,0.0,1.0,0.0,0.0,0.0
3005,2010.0,2,Tim Castille,0.0,0.0,Browns,0.0,0.0,0.0,0.0,0.0,0.0,0.0,RB,0.0,0.0,3.0,2.0,0.0,1.0,0.0,0.0,0.0
3077,2010.0,3,Tim Castille,0.0,0.0,49ers,0.0,0.0,0.0,0.0,0.0,0.0,0.0,RB,0.0,0.0,5.5,2.0,0.0,1.0,0.0,0.0,0.5
3250,2010.0,5,Tim Castille,0.0,0.0,Colts,0.0,0.0,0.0,0.0,0.0,0.0,0.3333333333333333,RB,0.0,0.0,7.666666666666667,2.0,0.0,0.6666666666666666,0.0,0.0,0.3333333333333333
3549,2010.0,9,Tim Castille,0.0,0.0,Raiders,0.0,0.0,0.0,0.0,0.0,0.0,0.25,RB,0.0,0.0,5.75,1.5,0.0,0.75,0.0,0.75,0.5
3711,2010.0,11,Tim Castille,0.0,0.0,Cardinals,0.0,0.0,0.0,0.0,0.0,0.0,0.2,RB,0.0,0.0,4.6,1.2,0.0,0.8,0.0,0.6,0.6
4057,2010.0,15,Tim Castille,0.0,0.0,Rams,0.0,0.0,0.0,0.0,0.0,0.0,0.16666666666666666,RB,0.0,0.0,3.8333333333333335,1.0,0.0,0.8333333333333334,0.0,0.5,0.5
4170,2010.0,16,Tim Castille,0.0,0.0,Titans,0.0,0.0,0.0,0.0,0.0,0.0,0.2857142857142857,RB,0.0,0.0,5.0,1.0,0.0,0.7142857142857143,0.0,0.42857142857142855,0.5714285714285714
