,Year,Week,Name,Fumble TD,Fumbles Lost,Opponent_x,Pass 2PT,Pass Attempts,Pass Completions,Pass Interceptions,Pass TD,Pass Yards,Points_x,Position_x,Receiving 2PT,Receiving TD,Receiving Yards,Receptions,Rush 2PT,Rush Attempts,Rush TD,Rush Yards,Away Games_x,Team,Blocks,Fumble Returns,Interception,Opponent_y,Pass Yards Allowed,Point After,Points_y,Position_y,Rush Yards Allowed,Sack,Safety,Total Yards,Touchdowns,Away Games_y
0,2010.0,1,Rock Cartwright,0.0,0.0,Titans,0.0,0.0,0.0,0.0,0.0,0.0,1.0,RB,0.0,0.0,10.0,1.0,0.0,0.0,0.0,0.0,1.0,Titans,0.0,1.0,1.0,Raiders,150.0,13.0,15.0,DST,136.0,4.0,0.0,286.0,0.0,0.0
1,2010.0,6,Rock Cartwright,0.0,0.0,49ers,0.0,0.0,0.0,0.0,0.0,0.0,1.0,RB,0.0,0.0,10.0,1.0,0.0,0.0,0.0,0.0,1.0,49ers,0.2,0.2,0.8,Raiders,227.6,26.0,6.8,DST,111.4,2.0,0.0,339.0,0.2,0.6
2,2010.0,7,Rock Cartwright,0.0,0.0,Broncos,0.0,0.0,0.0,0.0,0.0,0.0,0.5,RB,0.0,0.0,5.0,0.5,0.0,0.5,0.0,-1.5,1.0,Broncos,0.0,0.6666666666666666,0.8333333333333334,Raiders,209.83333333333331,23.33333333333333,6.0,DST,127.66666666666669,1.1666666666666667,0.0,337.5,0.0,0.5
3,2010.0,9,Rock Cartwright,0.0,0.0,Chiefs,0.0,0.0,0.0,0.0,0.0,0.0,0.6666666666666666,RB,0.0,0.0,3.333333333333333,0.3333333333333333,0.0,2.0,0.0,4.666666666666667,1.0,Chiefs,0.0,0.42857142857142855,0.8571428571428571,Raiders,236.28571428571428,17.428571428571427,11.571428571428573,DST,96.42857142857143,2.142857142857143,0.0,332.7142857142857,0.42857142857142855,0.42857142857142855
4,2010.0,17,Rock Cartwright,0.0,0.0,Chiefs,0.0,0.0,0.0,0.0,0.0,0.0,0.5,RB,0.0,0.0,2.5,0.25,0.0,1.75,0.0,4.0,0.75,Chiefs,0.0,0.5333333333333333,0.9333333333333332,Raiders,225.6,19.666666666666668,10.866666666666667,DST,103.66666666666669,2.333333333333333,0.0,329.26666666666665,0.26666666666666666,0.5333333333333333
