,Year,Week,Name,Fumble TD,Fumbles Lost,Opponent,Pass 2PT,Pass Attempts,Pass Completions,Pass Interceptions,Pass TD,Pass Yards,Points,Position,Receiving 2PT,Receiving TD,Receiving Yards,Receptions,Rush 2PT,Rush Attempts,Rush TD,Rush Yards,Away Games
5722,2013.0,4,Marcus Thigpen,0.0,0.0,Saints,0.0,0.0,0.0,0.0,0.0,0.0,5.0,WR,0.0,0.0,50.0,1.0,0.0,0.0,0.0,0.0,1.0
5869,2013.0,5,Marcus Thigpen,0.0,0.0,Ravens,0.0,0.0,0.0,0.0,0.0,0.0,5.0,WR,0.0,0.0,50.0,1.0,0.0,0.0,0.0,0.0,1.0
6179,2013.0,8,Marcus Thigpen,0.0,0.0,Patriots,0.0,0.0,0.0,0.0,0.0,0.0,2.5,WR,0.0,0.0,27.5,1.0,0.0,0.0,0.0,0.0,0.5
6473,2013.0,11,Marcus Thigpen,0.0,0.0,Chargers,0.0,0.0,0.0,0.0,0.0,0.0,1.6666666666666667,WR,0.0,0.0,18.333333333333332,0.6666666666666666,0.0,0.3333333333333333,0.0,-0.3333333333333333,0.6666666666666666
6572,2013.0,12,Marcus Thigpen,0.0,0.0,Panthers,0.0,0.0,0.0,0.0,0.0,0.0,1.25,WR,0.0,0.0,13.75,0.5,0.0,0.5,0.0,2.0,0.5
6669,2013.0,13,Marcus Thigpen,0.0,0.0,Jets,0.0,0.0,0.0,0.0,0.0,0.0,1.0,WR,0.0,0.0,11.8,0.6,0.0,0.4,0.0,1.6,0.4
6794,2013.0,14,Marcus Thigpen,0.0,0.0,Steelers,0.0,0.0,0.0,0.0,0.0,0.0,1.0,WR,0.0,0.0,9.833333333333334,0.6666666666666666,0.0,1.0,0.0,3.0,0.5
6844,2013.0,15,Marcus Thigpen,0.0,0.0,Patriots,0.0,0.0,0.0,0.0,0.0,0.0,0.8571428571428571,WR,0.0,0.0,9.0,0.7142857142857143,0.0,0.8571428571428571,0.0,2.5714285714285716,0.5714285714285714
7124,2013.0,17,Marcus Thigpen,0.0,0.0,Jets,0.0,0.0,0.0,0.0,0.0,0.0,1.75,WR,0.0,0.125,10.75,0.875,0.0,0.75,0.0,2.25,0.5
