,Year,Week,Name,Fumble TD,Fumbles Lost,Opponent_x,Pass 2PT,Pass Attempts,Pass Completions,Pass Interceptions,Pass TD,Pass Yards,Points_x,Position_x,Receiving 2PT,Receiving TD,Receiving Yards,Receptions,Rush 2PT,Rush Attempts,Rush TD,Rush Yards,Away Games_x,Team,Blocks,Fumble Returns,Interception,Opponent_y,Pass Yards Allowed,Point After,Points_y,Position_y,Rush Yards Allowed,Sack,Safety,Total Yards,Touchdowns,Away Games_y
0,2013.0,13,Michael Crabtree,0.0,0.0,Rams,0.0,0.0,0.0,0.0,0.0,0.0,6.0,WR,0.0,0.0,68.0,2.0,0.0,0.0,0.0,0.0,0.0,Rams,0.0,0.9090909090909092,1.0909090909090908,49ers,247.0,23.181818181818183,12.636363636363635,DST,111.36363636363636,3.0,0.09090909090909093,358.3636363636364,0.5454545454545454,0.4545454545454545
1,2013.0,14,Michael Crabtree,0.0,0.0,Seahawks,0.0,0.0,0.0,0.0,0.0,0.0,6.0,WR,0.0,0.0,68.0,2.0,0.0,0.0,0.0,0.0,0.0,Seahawks,0.08333333333333333,0.9166666666666666,1.3333333333333333,49ers,177.33333333333337,15.5,14.25,DST,107.16666666666669,2.833333333333333,0.16666666666666666,284.5,0.25,0.5
2,2013.0,15,Michael Crabtree,0.0,0.0,Buccaneers,0.0,0.0,0.0,0.0,0.0,0.0,5.0,WR,0.0,0.0,54.0,3.0,0.0,0.0,0.0,0.0,0.0,Buccaneers,0.15384615384615385,0.6153846153846154,1.6153846153846154,49ers,238.38461538461542,22.384615384615387,11.230769230769232,DST,103.69230769230771,2.3846153846153846,0.07692307692307693,342.07692307692315,0.2307692307692308,0.4615384615384616
3,2013.0,16,Michael Crabtree,0.0,0.0,Falcons,0.0,0.0,0.0,0.0,0.0,0.0,6.666666666666668,WR,0.0,0.3333333333333333,51.0,3.6666666666666665,0.0,0.0,0.0,0.0,0.3333333333333333,Falcons,0.0,0.7142857142857143,0.6428571428571429,49ers,254.85714285714286,27.714285714285715,6.7857142857142865,DST,131.42857142857142,2.0,0.0,386.28571428571433,0.21428571428571427,0.5
4,2013.0,17,Michael Crabtree,0.0,0.0,Cardinals,0.0,0.0,0.0,0.0,0.0,0.0,7.5,WR,0.0,0.25,63.75,4.0,0.0,0.0,0.0,0.0,0.25,Cardinals,0.13333333333333333,0.6666666666666666,1.3333333333333333,49ers,229.06666666666663,20.066666666666666,13.066666666666665,DST,84.53333333333333,3.0,0.13333333333333333,313.6,0.3333333333333333,0.5333333333333333
