,Unnamed: 0.1,50+,FGA,FGM,Name,Opponent_x,Points_x,Position_x,Week,XPA,XPM,Year,Away Games_x,Team,Blocks,Fumble Returns,Interception,Opponent_y,Pass Yards Allowed,Point After,Points_y,Position_y,Rush Yards Allowed,Sack,Safety,Total Yards,Touchdowns,Away Games_y
0,316.0,0.0,1.0,1.0,Kai Forbath,Cardinals,6.0,K,11,4.0,3.0,2016.0,0.0,Cardinals,0.0,0.7777777777777778,1.0,Min,195.22222222222226,17.777777777777782,11.444444444444445,DST,100.0,2.6666666666666665,0.2222222222222222,295.22222222222223,0.1111111111111111,0.3333333333333333
1,316.0,0.0,1.0,1.0,Kai Forbath,Lions,6.0,K,12,4.0,3.0,2016.0,0.0,Lions,0.1,0.4,0.6,Min,253.6,22.5,8.9,DST,104.6,2.0,0.2,358.2,0.3,0.5
2,331.0,0.0,1.5,1.5,Kai Forbath,Cowboys,6.5,K,13,2.5,2.0,2016.0,0.5,Cowboys,0.0,0.5454545454545454,0.3636363636363637,Min,280.3636363636364,19.363636363636363,6.727272727272728,DST,81.81818181818181,1.818181818181818,0.0,362.1818181818182,0.0,0.4545454545454545
3,345.33333333333326,0.0,2.0,2.0,Kai Forbath,Jaguars,7.333333333333332,K,14,1.6666666666666667,1.3333333333333333,2016.0,0.3333333333333333,Jaguars,0.08333333333333333,0.3333333333333333,0.25,Min,195.75,26.08333333333333,5.166666666666667,DST,115.58333333333331,2.1666666666666665,0.0,311.3333333333333,0.0,0.5
4,358.25,0.0,2.5,2.5,Kai Forbath,Colts,8.75,K,15,1.75,1.25,2016.0,0.5,Colts,0.07692307692307693,0.38461538461538464,0.5384615384615384,Min,262.38461538461536,25.615384615384613,6.153846153846153,DST,115.3846153846154,1.9230769230769231,0.0,377.76923076923083,0.15384615384615385,0.4615384615384616
5,375.8,0.2,2.4,2.4,Kai Forbath,Packers,8.6,K,16,1.4,1.0,2016.0,0.4,Packers,0.0,0.42857142857142855,1.1428571428571428,Min,258.7857142857143,24.214285714285715,8.357142857142858,DST,96.14285714285714,2.4285714285714284,0.0,354.92857142857144,0.0,0.5
6,392.5,0.16666666666666666,2.333333333333333,2.333333333333333,Kai Forbath,Bears,8.333333333333334,K,17,1.5,1.0,2016.0,0.5,Bears,0.06666666666666668,0.2,0.4666666666666667,Min,223.2,24.066666666666666,7.466666666666668,DST,121.73333333333332,2.466666666666667,0.06666666666666668,344.9333333333333,0.2,0.4666666666666667
