,Year,Week,Name,Fumble TD,Fumbles Lost,Opponent,Pass 2PT,Pass Attempts,Pass Completions,Pass Interceptions,Pass TD,Pass Yards,Points,Position,Receiving 2PT,Receiving TD,Receiving Yards,Receptions,Rush 2PT,Rush Attempts,Rush TD,Rush Yards,Away Games
10853,2014.0,1,Devin Street,0.0,0.0,49ers,0.0,0.0,0.0,0.0,0.0,0.0,1.0,WR,0.0,0.0,18.0,2.0,0.0,0.0,0.0,0.0,0.0
7345,2015.0,2,Devin Street,0.0,0.0,Eagles,0.0,0.0,0.0,0.0,0.0,0.0,1.0,WR,0.0,0.0,18.0,1.0,0.0,0.0,0.0,0.0,1.0
7663,2015.0,5,Devin Street,0.0,0.0,Patriots,0.0,0.0,0.0,0.0,0.0,0.0,1.0,WR,0.0,0.0,18.0,1.0,0.0,0.0,0.0,0.0,1.0
7815,2015.0,7,Devin Street,0.0,0.0,Giants,0.0,0.0,0.0,0.0,0.0,0.0,1.0,WR,0.0,0.0,15.5,1.0,0.0,0.0,0.0,0.0,0.5
8153,2015.0,10,Devin Street,0.0,0.0,Buccaneers,0.0,0.0,0.0,0.0,0.0,0.0,3.3333333333333335,WR,0.0,0.3333333333333333,18.666666666666668,1.0,0.0,0.0,0.0,0.0,0.6666666666666666
8256,2015.0,11,Devin Street,0.0,0.0,Dolphins,0.0,0.0,0.0,0.0,0.0,0.0,2.75,WR,0.0,0.25,16.5,1.0,0.0,0.0,0.0,0.0,0.75
8496,2015.0,13,Devin Street,0.0,0.0,Redskins,0.0,0.0,0.0,0.0,0.0,0.0,2.4,WR,0.0,0.2,17.0,1.0,0.0,0.0,0.0,0.0,0.8
8946,2015.0,17,Devin Street,0.0,0.16666666666666666,Redskins,0.0,0.0,0.0,0.0,0.0,0.0,2.0,WR,0.0,0.16666666666666666,17.166666666666668,1.0,0.0,0.0,0.0,0.0,0.8333333333333334
4159,2016.0,7,Devin Street,0.0,0.0,Titans,0.0,0.0,0.0,0.0,0.0,0.0,2.0,WR,0.0,0.0,20.0,1.0,0.0,0.0,0.0,0.0,1.0
