,Year,Week,Name,Fumble TD,Fumbles Lost,Opponent,Pass 2PT,Pass Attempts,Pass Completions,Pass Interceptions,Pass TD,Pass Yards,Points,Position,Receiving 2PT,Receiving TD,Receiving Yards,Receptions,Rush 2PT,Rush Attempts,Rush TD,Rush Yards,Away Games
1496,2016.0,1,Josh Ferguson,0.0,0.0,Lions,0.0,0.0,0.0,0.0,0.0,0.0,2.0,RB,0.0,0.0,26.0,2.0,0.0,1.0,0.0,-2.0,0.0
1584,2016.0,2,Josh Ferguson,0.0,0.0,Broncos,0.0,0.0,0.0,0.0,0.0,0.0,2.0,RB,0.0,0.0,26.0,2.0,0.0,1.0,0.0,-2.0,0.0
1673,2016.0,3,Josh Ferguson,0.0,0.0,Chargers,0.0,0.0,0.0,0.0,0.0,0.0,2.0,RB,0.0,0.0,27.5,3.5,0.0,1.5,0.0,2.5,0.5
1746,2016.0,4,Josh Ferguson,0.0,0.0,Jaguars,0.0,0.0,0.0,0.0,0.0,0.0,2.0,RB,0.0,0.0,28.0,3.3333333333333335,0.0,1.3333333333333333,0.0,2.3333333333333335,0.3333333333333333
1836,2016.0,5,Josh Ferguson,0.0,0.0,Bears,0.0,0.0,0.0,0.0,0.0,0.0,2.25,RB,0.0,0.0,29.25,4.25,0.0,1.75,0.0,1.25,0.5
2160,2016.0,9,Josh Ferguson,0.0,0.0,Packers,0.0,0.0,0.0,0.0,0.0,0.0,2.0,RB,0.0,0.0,25.4,3.8,0.0,1.6,0.0,1.6,0.4
2455,2016.0,13,Josh Ferguson,0.0,0.0,Jets,0.0,0.0,0.0,0.0,0.0,0.0,1.6666666666666667,RB,0.0,0.0,22.666666666666668,3.3333333333333335,0.0,1.3333333333333333,0.0,1.3333333333333333,0.5
2646,2016.0,15,Josh Ferguson,0.0,0.0,Min,0.0,0.0,0.0,0.0,0.0,0.0,1.5714285714285714,RB,0.0,0.0,19.428571428571427,2.857142857142857,0.0,1.8571428571428572,0.0,2.7142857142857144,0.5714285714285714
