,Year,Week,Name,Fumble TD,Fumbles Lost,Opponent_x,Pass 2PT,Pass Attempts,Pass Completions,Pass Interceptions,Pass TD,Pass Yards,Points_x,Position_x,Receiving 2PT,Receiving TD,Receiving Yards,Receptions,Rush 2PT,Rush Attempts,Rush TD,Rush Yards,Away Games_x,Team,Blocks,Fumble Returns,Interception,Opponent_y,Pass Yards Allowed,Point After,Points_y,Position_y,Rush Yards Allowed,Sack,Safety,Total Yards,Touchdowns,Away Games_y
0,2015.0,1,Andre Caldwell,0.0,0.0,Ravens,0.0,0.0,0.0,0.0,0.0,0.0,0.0,WR,0.0,0.0,1.0,1.0,0.0,0.0,0.0,0.0,0.0,Ravens,0.0,0.0,1.0,Broncos,150.0,19.0,16.0,DST,69.0,4.0,0.0,219.0,1.0,1.0
1,2015.0,2,Andre Caldwell,0.0,0.0,Chiefs,0.0,0.0,0.0,0.0,0.0,0.0,0.0,WR,0.0,0.0,1.0,1.0,0.0,0.0,0.0,0.0,0.0,Chiefs,0.0,1.0,1.0,Broncos,298.0,20.0,13.0,DST,98.0,5.0,0.0,396.0,0.0,1.0
2,2015.0,3,Andre Caldwell,0.0,0.0,Lions,0.0,0.0,0.0,0.0,0.0,0.0,0.0,WR,0.0,0.0,3.5,1.0,0.0,0.0,0.0,0.0,0.5,Lions,0.0,1.0,1.0,Broncos,269.0,29.5,9.0,DST,147.5,1.5,0.0,416.5,0.5,1.0
3,2015.0,6,Andre Caldwell,0.0,0.0,Browns,0.0,0.0,0.0,0.0,0.0,0.0,0.0,WR,0.0,0.0,3.0,1.0,0.0,0.0,0.0,0.0,0.6666666666666666,Browns,0.0,0.8,0.2,Broncos,251.0,26.4,6.2,DST,149.4,2.0,0.0,400.4,0.2,0.6
4,2015.0,8,Andre Caldwell,0.0,0.0,Packers,0.0,0.0,0.0,0.0,0.0,0.0,0.25,WR,0.0,0.0,6.75,1.25,0.0,0.0,0.0,0.0,0.75,Packers,0.16666666666666666,0.3333333333333333,1.3333333333333333,Broncos,236.5,16.833333333333332,12.833333333333336,DST,118.5,3.8333333333333335,0.0,355.0,0.16666666666666666,0.3333333333333333
5,2015.0,10,Andre Caldwell,0.0,0.0,Chiefs,0.0,0.0,0.0,0.0,0.0,0.0,0.6,WR,0.0,0.0,10.2,1.2,0.0,0.0,0.0,0.0,0.6,Chiefs,0.0,0.375,1.0,Broncos,255.875,22.75,10.125,DST,100.625,2.625,0.0,356.5,0.25,0.5
6,2015.0,12,Andre Caldwell,0.0,0.0,Patriots,0.0,0.0,0.0,0.0,0.0,0.0,1.6666666666666667,WR,0.0,0.16666666666666666,10.666666666666666,1.3333333333333333,0.0,0.0,0.0,0.0,0.5,Patriots,0.1,0.5,0.9,Broncos,252.5,18.2,10.3,DST,88.8,3.2,0.1,341.3,0.0,0.4
7,2015.0,13,Andre Caldwell,0.0,0.0,Chargers,0.0,0.0,0.0,0.0,0.0,0.0,2.2857142857142856,WR,0.0,0.2857142857142857,10.285714285714286,1.4285714285714286,0.0,0.0,0.0,0.0,0.42857142857142855,Chargers,0.0,0.3636363636363637,0.5454545454545454,Broncos,253.9090909090909,27.90909090909091,4.818181818181818,DST,123.72727272727272,1.9090909090909087,0.0,377.6363636363636,0.09090909090909093,0.4545454545454545
