,Year,Week,Name,Fumble TD,Fumbles Lost,Opponent,Pass 2PT,Pass Attempts,Pass Completions,Pass Interceptions,Pass TD,Pass Yards,Points,Position,Receiving 2PT,Receiving TD,Receiving Yards,Receptions,Rush 2PT,Rush Attempts,Rush TD,Rush Yards,Away Games
714,,4,Matt Hasselbeck,,,Jaguars,,,,,,,,QB,,,,,,,,,
744,2015.0,5,Matt Hasselbeck,0.0,0.0,Texans,0.0,47.0,30.0,0.0,1.0,282.0,17.0,QB,0.0,0.0,0.0,0.0,0.0,3.0,0.0,1.0,0.0
936,2015.0,11,Matt Hasselbeck,0.0,0.0,Falcons,0.0,38.0,24.0,0.0,1.5,247.5,18.5,QB,0.0,0.0,0.0,0.0,0.0,3.0,0.0,-1.0,0.5
961,2015.0,12,Matt Hasselbeck,0.0,0.0,Buccaneers,0.0,36.0,23.666666666666668,0.6666666666666666,1.6666666666666667,236.0,17.666666666666668,QB,0.0,0.0,0.0,0.0,0.0,3.0,0.0,2.0,0.6666666666666666
1013,2015.0,13,Matt Hasselbeck,0.0,0.0,Steelers,0.0,37.5,24.25,0.5,1.75,255.75,19.25,QB,0.0,0.0,0.0,0.0,0.0,3.0,0.0,0.75,0.5
1048,2015.0,14,Matt Hasselbeck,0.0,0.2,Jaguars,0.0,35.2,22.6,0.8,1.6,238.4,16.8,QB,0.0,0.0,0.0,0.0,0.0,2.8,0.0,0.8,0.6
1094,2015.0,15,Matt Hasselbeck,0.0,0.3333333333333333,Texans,0.0,35.166666666666664,21.833333333333332,0.6666666666666666,1.3333333333333333,240.66666666666666,15.666666666666666,QB,0.0,0.0,0.0,0.0,0.0,2.5,0.0,2.3333333333333335,0.6666666666666666
1140,2015.0,16,Matt Hasselbeck,0.0,0.2857142857142857,Dolphins,0.0,34.42857142857143,21.142857142857142,0.7142857142857143,1.2857142857142858,227.28571428571428,14.714285714285714,QB,0.0,0.0,0.0,0.0,0.0,2.2857142857142856,0.0,2.142857142857143,0.5714285714285714
