,Year,Week,Name,Fumble TD,Fumbles Lost,Opponent_x,Pass 2PT,Pass Attempts,Pass Completions,Pass Interceptions,Pass TD,Pass Yards,Points_x,Position_x,Receiving 2PT,Receiving TD,Receiving Yards,Receptions,Rush 2PT,Rush Attempts,Rush TD,Rush Yards,Away Games_x,Team,Blocks,Fumble Returns,Interception,Opponent_y,Pass Yards Allowed,Point After,Points_y,Position_y,Rush Yards Allowed,Sack,Safety,Total Yards,Touchdowns,Away Games_y
0,2010.0,4,Joe McKnight,0.0,0.0,Bills,0.0,0.0,0.0,0.0,0.0,0.0,1.0,RB,0.0,0.0,0.0,0.0,0.0,4.0,0.0,12.0,1.0,Bills,0.0,0.3333333333333333,0.0,Jets,221.33333333333331,29.0,5.333333333333333,DST,141.0,1.3333333333333333,0.0,362.33333333333326,0.3333333333333333,0.6666666666666666
1,2010.0,13,Joe McKnight,0.0,0.0,Patriots,0.0,0.0,0.0,0.0,0.0,0.0,1.0,RB,0.0,0.0,0.0,0.0,0.0,4.0,0.0,12.0,1.0,Patriots,0.18181818181818185,0.4545454545454545,1.3636363636363635,Jets,288.45454545454544,24.181818181818183,10.818181818181818,DST,110.63636363636364,1.818181818181818,0.0,399.09090909090907,0.5454545454545454,0.5454545454545454
2,2010.0,14,Joe McKnight,0.0,0.0,Dolphins,0.0,0.0,0.0,0.0,0.0,0.0,1.0,RB,0.0,0.0,0.0,0.0,0.0,3.5,0.0,15.5,1.0,Dolphins,0.08333333333333333,0.5,0.75,Jets,201.25,19.83333333333333,9.333333333333334,DST,99.58333333333331,2.4166666666666665,0.08333333333333333,300.8333333333333,0.08333333333333333,0.5
3,2010.0,17,Joe McKnight,0.0,0.0,Bills,0.0,0.0,0.0,0.0,0.0,0.0,0.6666666666666666,RB,0.0,0.0,1.6666666666666667,0.3333333333333333,0.0,2.333333333333333,0.0,10.333333333333334,0.6666666666666666,Bills,0.0,0.7333333333333333,0.6666666666666666,Jets,197.33333333333331,25.8,8.2,DST,162.53333333333333,1.7333333333333334,0.0,359.86666666666673,0.2,0.4666666666666667
