,Year,Week,Name,Fumble TD,Fumbles Lost,Opponent_x,Pass 2PT,Pass Attempts,Pass Completions,Pass Interceptions,Pass TD,Pass Yards,Points_x,Position_x,Receiving 2PT,Receiving TD,Receiving Yards,Receptions,Rush 2PT,Rush Attempts,Rush TD,Rush Yards,Away Games_x,Team,Blocks,Fumble Returns,Interception,Opponent_y,Pass Yards Allowed,Point After,Points_y,Position_y,Rush Yards Allowed,Sack,Safety,Total Yards,Touchdowns,Away Games_y
0,2014.0,8,Lee Smith,0.0,0.0,Jets,0.0,0.0,0.0,0.0,0.0,0.0,6.0,TE,0.0,1.0,5.0,2.0,0.0,0.0,0.0,0.0,1.0,Jets,0.0,0.2857142857142857,0.14285714285714285,Bills,238.57142857142856,26.42857142857143,4.714285714285714,DST,88.0,2.8571428571428568,0.0,326.57142857142856,0.0,0.42857142857142855
1,2014.0,12,Lee Smith,0.0,0.0,Jets,0.0,0.0,0.0,0.0,0.0,0.0,6.0,TE,0.0,1.0,5.0,2.0,0.0,0.0,0.0,0.0,1.0,Jets,0.0,0.4,0.3,Bills,240.5,26.5,5.6,DST,83.2,2.7,0.0,323.7,0.0,0.4
2,2014.0,14,Lee Smith,0.0,0.0,Broncos,0.0,0.0,0.0,0.0,0.0,0.0,3.5,TE,0.0,0.5,8.5,1.5,0.0,0.0,0.0,0.0,0.5,Broncos,0.08333333333333333,0.3333333333333333,1.0,Bills,229.66666666666663,23.0,8.666666666666666,DST,72.66666666666667,2.833333333333333,0.08333333333333333,302.3333333333333,0.08333333333333333,0.5
3,2014.0,15,Lee Smith,0.0,0.0,Packers,0.0,0.0,0.0,0.0,0.0,0.0,2.333333333333333,TE,0.0,0.3333333333333333,7.666666666666668,1.3333333333333333,0.0,0.0,0.0,0.0,0.6666666666666666,Packers,0.07692307692307693,0.6153846153846154,1.2307692307692308,Bills,245.23076923076923,23.384615384615387,10.769230769230768,DST,129.15384615384616,2.230769230769231,0.0,374.3846153846154,0.38461538461538464,0.4615384615384616
4,2014.0,17,Lee Smith,0.0,0.0,Patriots,0.0,0.0,0.0,0.0,0.0,0.0,1.75,TE,0.0,0.25,6.0,1.5,0.0,0.0,0.0,0.0,0.5,Patriots,0.3333333333333333,0.5333333333333333,1.0666666666666669,Bills,244.86666666666667,19.733333333333334,11.666666666666664,DST,104.33333333333331,2.533333333333333,0.0,349.2,0.3333333333333333,0.5333333333333333
