,Year,Week,Name,Fumble TD,Fumbles Lost,Opponent_x,Pass 2PT,Pass Attempts,Pass Completions,Pass Interceptions,Pass TD,Pass Yards,Points_x,Position_x,Receiving 2PT,Receiving TD,Receiving Yards,Receptions,Rush 2PT,Rush Attempts,Rush TD,Rush Yards,Away Games_x,Team,Blocks,Fumble Returns,Interception,Opponent_y,Pass Yards Allowed,Point After,Points_y,Position_y,Rush Yards Allowed,Sack,Safety,Total Yards,Touchdowns,Away Games_y
0,2015.0,9,Dwayne Bowe,0.0,0.0,Bengals,0.0,0.0,0.0,0.0,0.0,0.0,3.0,WR,0.0,0.0,31.0,3.0,0.0,0.0,0.0,0.0,1.0,Bengals,0.0,0.5714285714285714,1.1428571428571428,Browns,258.42857142857144,18.857142857142858,9.428571428571429,DST,110.14285714285714,2.8571428571428568,0.0,368.57142857142856,0.0,0.5714285714285714
1,2015.0,15,Dwayne Bowe,0.0,0.0,Seahawks,0.0,0.0,0.0,0.0,0.0,0.0,3.0,WR,0.0,0.0,31.0,3.0,0.0,0.0,0.0,0.0,1.0,Seahawks,0.0,0.6153846153846154,0.7692307692307693,Browns,224.61538461538458,18.076923076923077,12.230769230769232,DST,83.15384615384616,2.4615384615384617,0.0,307.76923076923083,0.38461538461538464,0.5384615384615384
