,Year,Week,Name,Fumble TD,Fumbles Lost,Opponent,Pass 2PT,Pass Attempts,Pass Completions,Pass Interceptions,Pass TD,Pass Yards,Points,Position,Receiving 2PT,Receiving TD,Receiving Yards,Receptions,Rush 2PT,Rush Attempts,Rush TD,Rush Yards,Away Games
2482,2015.0,1,Ed Dickson,0.0,0.0,Jaguars,0.0,0.0,0.0,0.0,0.0,0.0,0.0,TE,0.0,0.0,9.0,1.0,0.0,0.0,0.0,0.0,1.0
2573,2015.0,3,Ed Dickson,0.0,0.0,Saints,0.0,0.0,0.0,0.0,0.0,0.0,0.0,TE,0.0,0.0,9.0,1.0,0.0,0.0,0.0,0.0,1.0
2615,2015.0,4,Ed Dickson,0.0,0.0,Buccaneers,0.0,0.0,0.0,0.0,0.0,0.0,0.5,TE,0.0,0.0,14.0,1.5,0.0,0.0,0.0,0.0,0.5
2699,2015.0,6,Ed Dickson,0.0,0.0,Seahawks,0.0,0.0,0.0,0.0,0.0,0.0,0.6666666666666666,TE,0.0,0.0,13.0,1.3333333333333333,0.0,0.0,0.0,0.0,0.6666666666666666
2857,2015.0,9,Ed Dickson,0.0,0.0,Packers,0.0,0.0,0.0,0.0,0.0,0.0,1.0,TE,0.0,0.0,15.75,1.75,0.0,0.0,0.0,0.0,0.75
2872,2015.0,10,Ed Dickson,0.0,0.0,Titans,0.0,0.0,0.0,0.0,0.0,0.0,0.8,TE,0.0,0.0,13.8,1.6,0.0,0.0,0.0,0.0,0.6
3051,2015.0,13,Ed Dickson,0.0,0.0,Saints,0.0,0.0,0.0,0.0,0.0,0.0,2.0,TE,0.0,0.16666666666666666,15.0,1.8333333333333333,0.0,0.0,0.0,0.0,0.6666666666666666
3100,2015.0,14,Ed Dickson,0.0,0.0,Falcons,0.0,0.0,0.0,0.0,0.0,0.0,2.0,TE,0.0,0.14285714285714285,16.714285714285715,2.0,0.0,0.0,0.0,0.0,0.7142857142857143
3295,2015.0,17,Ed Dickson,0.0,0.0,Buccaneers,0.0,0.0,0.0,0.0,0.0,0.0,2.5,TE,0.0,0.25,15.125,1.875,0.0,0.0,0.0,0.0,0.625
