,Year,Week,Name,Fumble TD,Fumbles Lost,Opponent,Pass 2PT,Pass Attempts,Pass Completions,Pass Interceptions,Pass TD,Pass Yards,Points,Position,Receiving 2PT,Receiving TD,Receiving Yards,Receptions,Rush 2PT,Rush Attempts,Rush TD,Rush Yards,Away Games
858,2014.0,1,Rob Housler,0.0,0.0,Chargers,0.0,0.0,0.0,0.0,0.0,0.0,1.0,TE,0.0,0.0,16.0,1.0,0.0,0.0,0.0,0.0,0.0
1100,2014.0,6,Rob Housler,0.0,0.0,Redskins,0.0,0.0,0.0,0.0,0.0,0.0,1.0,TE,0.0,0.0,16.0,1.0,0.0,0.0,0.0,0.0,0.0
1153,2014.0,7,Rob Housler,0.0,0.0,Raiders,0.0,0.0,0.0,0.0,0.0,0.0,1.0,TE,0.0,0.0,15.5,1.5,0.0,0.0,0.0,0.0,0.0
1274,2014.0,10,Rob Housler,0.0,0.0,Rams,0.0,0.0,0.0,0.0,0.0,0.0,0.6666666666666666,TE,0.0,0.0,12.666666666666666,1.3333333333333333,0.0,0.0,0.0,0.0,0.3333333333333333
1309,2014.0,11,Rob Housler,0.0,0.0,Lions,0.0,0.0,0.0,0.0,0.0,0.0,0.75,TE,0.0,0.0,12.25,1.25,0.0,0.0,0.0,0.0,0.25
1453,2014.0,14,Rob Housler,0.0,0.0,Chiefs,0.0,0.0,0.0,0.0,0.0,0.0,1.0,TE,0.0,0.0,15.2,1.2,0.0,0.0,0.0,0.0,0.2
1520,2014.0,15,Rob Housler,0.0,0.0,Rams,0.0,0.0,0.0,0.0,0.0,0.0,1.1666666666666667,TE,0.0,0.0,16.0,1.1666666666666667,0.0,0.0,0.0,0.0,0.16666666666666666
1559,2014.0,16,Rob Housler,0.0,0.0,Seahawks,0.0,0.0,0.0,0.0,0.0,0.0,1.0,TE,0.0,0.0,13.714285714285714,1.0,0.0,0.14285714285714285,0.0,0.14285714285714285,0.2857142857142857
1610,2014.0,17,Rob Housler,0.0,0.0,49ers,0.0,0.0,0.0,0.0,0.0,0.0,1.0,TE,0.0,0.0,13.625,1.0,0.0,0.125,0.0,0.125,0.25
