,Unnamed: 0.1_x,Unnamed: 0.1.1_x,Fumble TD,Fumbles Lost,Name,Opponent_x,Pass 2PT,Pass Attempts,Pass Completions,Pass Interceptions,Pass TD,Pass Yards,Points_x,Position_x,Receiving 2PT,Receiving TD,Receiving Yards,Receptions,Rush 2PT,Rush Attempts,Rush TD,Rush Yards,Week,Year,Unnamed: 0.1_y,Unnamed: 0.1.1_y,Blocks,Fumble Returns,Interception,Opponent_y,Pass Yards Allowed,Point After,Points_y,Position_y,Rush Yards Allowed,Sack,Safety,Team,Total Yards,Touchdowns
0,585,585.0,0.0,0.0,Tre Madden,Giants,0.0,0.0,0.0,0.0,0.0,0.0,0.0,RB,0.0,0.0,-1.0,1.0,0.0,0.0,0.0,0.0,7,2017.0,203,96.16666666666669,0.16666666666666666,0.5,0.5,Steelers,248.33333333333331,22.0,8.166666666666666,DST,123.5,2.0,0.16666666666666666,Giants,371.83333333333326,0.16666666666666666
1,620,585.0,0.0,0.0,Tre Madden,Steelers,0.0,0.0,0.0,0.0,0.0,0.0,0.0,RB,0.0,0.0,-1.0,1.0,0.0,0.0,0.0,0.0,8,2017.0,218,98.46153846153848,0.07692307692307693,0.6153846153846154,0.9230769230769232,Texans,167.23076923076925,16.153846153846153,12.076923076923075,DST,112.6153846153846,2.769230769230769,0.07692307692307693,Steelers,279.84615384615387,0.2307692307692308
2,620,585.0,0.0,0.0,Tre Madden,Steelers,0.0,0.0,0.0,0.0,0.0,0.0,0.0,RB,0.0,0.0,-1.0,1.0,0.0,0.0,0.0,0.0,8,2017.0,227,107.0,0.07142857142857142,0.5714285714285714,1.0714285714285714,Lions,181.5,17.714285714285715,12.428571428571427,DST,114.71428571428572,2.9285714285714284,0.07142857142857142,Steelers,296.2142857142857,0.2857142857142857
