,Year,Week,Name,Fumble TD,Fumbles Lost,Opponent,Pass 2PT,Pass Attempts,Pass Completions,Pass Interceptions,Pass TD,Pass Yards,Points,Position,Receiving 2PT,Receiving TD,Receiving Yards,Receptions,Rush 2PT,Rush Attempts,Rush TD,Rush Yards,Away Games
80,2011.0,1,Derrick Mason,0.0,0.0,Cowboys,0.0,0.0,0.0,0.0,0.0,0.0,1.0,WR,0.0,0.0,19.0,3.0,0.0,0.0,0.0,0.0,0.0
211,2011.0,2,Derrick Mason,0.0,0.0,Jaguars,0.0,0.0,0.0,0.0,0.0,0.0,1.0,WR,0.0,0.0,19.0,3.0,0.0,0.0,0.0,0.0,0.0
265,2011.0,3,Derrick Mason,0.0,0.0,Raiders,0.0,0.0,0.0,0.0,0.0,0.0,0.5,WR,0.0,0.0,13.0,2.0,0.0,0.0,0.0,0.0,0.0
380,2011.0,4,Derrick Mason,0.0,0.0,Ravens,0.0,0.0,0.0,0.0,0.0,0.0,1.6666666666666667,WR,0.0,0.0,23.666666666666668,3.3333333333333335,0.0,0.0,0.0,0.0,0.3333333333333333
506,2011.0,5,Derrick Mason,0.0,0.0,Patriots,0.0,0.0,0.0,0.0,0.0,0.0,2.0,WR,0.0,0.0,27.0,3.0,0.0,0.0,0.0,0.0,0.5
582,2011.0,6,Derrick Mason,0.0,0.0,Ravens,0.0,0.0,0.0,0.0,0.0,0.0,1.6,WR,0.0,0.0,23.0,2.6,0.0,0.0,0.0,0.0,0.6
680,2011.0,7,Derrick Mason,0.0,0.0,Titans,0.0,0.0,0.0,0.0,0.0,0.0,1.6666666666666667,WR,0.0,0.0,23.666666666666668,2.6666666666666665,0.0,0.0,0.0,0.0,0.6666666666666666
769,2011.0,8,Derrick Mason,0.0,0.0,Jaguars,0.0,0.0,0.0,0.0,0.0,0.0,1.4285714285714286,WR,0.0,0.0,21.285714285714285,2.4285714285714284,0.0,0.0,0.0,0.0,0.7142857142857143
954,2011.0,10,Derrick Mason,0.0,0.0,Buccaneers,0.0,0.0,0.0,0.0,0.0,0.0,1.25,WR,0.0,0.0,19.25,2.25,0.0,0.0,0.0,0.0,0.625
