,Year,Week,Name,Fumble TD,Fumbles Lost,Opponent_x,Pass 2PT,Pass Attempts,Pass Completions,Pass Interceptions,Pass TD,Pass Yards,Points_x,Position_x,Receiving 2PT,Receiving TD,Receiving Yards,Receptions,Rush 2PT,Rush Attempts,Rush TD,Rush Yards,Away Games_x,Team,Blocks,Fumble Returns,Interception,Opponent_y,Pass Yards Allowed,Point After,Points_y,Position_y,Rush Yards Allowed,Sack,Safety,Total Yards,Touchdowns,Away Games_y
0,2014.0,1,Luke Stocker,0.0,0.0,Panthers,0.0,0.0,0.0,0.0,0.0,0.0,0.0,TE,0.0,0.0,8.0,1.0,0.0,0.0,0.0,0.0,0.0,Panthers,0.0,1.0,2.0,Buccaneers,162.0,14.0,13.0,DST,102.0,3.0,0.0,264.0,0.0,1.0
1,2014.0,3,Luke Stocker,0.0,0.0,Falcons,0.0,0.0,0.0,0.0,0.0,0.0,0.0,TE,0.0,0.0,8.0,1.0,0.0,0.0,0.0,0.0,0.0,Falcons,0.0,0.5,0.5,Buccaneers,317.5,29.0,2.5,DST,154.5,0.0,0.0,472.0,0.0,0.5
2,2014.0,12,Luke Stocker,0.0,0.0,Bears,0.0,0.0,0.0,0.0,0.0,0.0,0.5,TE,0.0,0.0,11.5,1.5,0.0,0.0,0.0,0.0,0.5,Bears,0.2,0.5,0.9,Buccaneers,256.4,29.0,9.0,DST,111.0,2.2,0.0,367.4,0.2,0.6
3,2014.0,14,Luke Stocker,0.0,0.0,Lions,0.0,0.0,0.0,0.0,0.0,0.0,0.3333333333333333,TE,0.0,0.0,9.666666666666666,1.3333333333333333,0.0,0.0,0.0,0.0,0.6666666666666666,Lions,0.0,0.3333333333333333,1.25,Buccaneers,235.0,17.25,10.416666666666666,DST,65.91666666666667,2.4166666666666665,0.08333333333333333,300.9166666666667,0.16666666666666666,0.5
4,2014.0,16,Luke Stocker,0.0,0.0,Packers,0.0,0.0,0.0,0.0,0.0,0.0,0.25,TE,0.0,0.0,8.25,1.25,0.0,0.0,0.0,0.0,0.75,Packers,0.07142857142857142,0.5714285714285714,1.2142857142857142,Buccaneers,237.7142857142857,23.214285714285715,10.428571428571429,DST,128.0,2.2857142857142856,0.0,365.71428571428567,0.35714285714285715,0.5
