,Year,Week,Name,Fumble TD,Fumbles Lost,Opponent,Pass 2PT,Pass Attempts,Pass Completions,Pass Interceptions,Pass TD,Pass Yards,Points,Position,Receiving 2PT,Receiving TD,Receiving Yards,Receptions,Rush 2PT,Rush Attempts,Rush TD,Rush Yards,Away Games
69,2011.0,1,Montario Hardesty,0.0,0.0,Bengals,0.0,0.0,0.0,0.0,0.0,0.0,1.0,RB,0.0,0.0,0.0,0.0,0.0,5.0,0.0,18.0,0.0
175,2011.0,2,Montario Hardesty,0.0,0.0,Colts,0.0,0.0,0.0,0.0,0.0,0.0,1.0,RB,0.0,0.0,0.0,0.0,0.0,5.0,0.0,18.0,0.0
212,2011.0,3,Montario Hardesty,0.0,0.0,Dolphins,0.0,0.0,0.0,0.0,0.0,0.0,0.5,RB,0.0,0.0,0.0,0.0,0.0,4.0,0.0,9.5,0.5
308,2011.0,4,Montario Hardesty,0.0,0.0,Titans,0.0,0.0,0.0,0.0,0.0,0.0,2.6666666666666665,RB,0.0,0.0,6.333333333333333,1.0,0.0,7.333333333333333,0.0,28.666666666666668,0.3333333333333333
469,2011.0,6,Montario Hardesty,0.0,0.0,Raiders,0.0,0.0,0.0,0.0,0.0,0.0,3.5,RB,0.0,0.0,17.0,2.0,0.0,7.25,0.0,27.0,0.25
518,2011.0,7,Montario Hardesty,0.0,0.0,Seahawks,0.0,0.0,0.0,0.0,0.0,0.0,3.6,RB,0.0,0.0,17.2,2.0,0.0,8.0,0.0,28.6,0.4
646,2011.0,8,Montario Hardesty,0.0,0.0,49ers,0.0,0.0,0.0,0.0,0.0,0.0,4.833333333333333,RB,0.0,0.0,18.833333333333332,2.0,0.0,12.166666666666666,0.0,39.666666666666664,0.3333333333333333
1130,2011.0,14,Montario Hardesty,0.0,0.0,Steelers,0.0,0.0,0.0,0.0,0.0,0.0,4.142857142857143,RB,0.0,0.0,16.142857142857142,1.7142857142857142,0.0,10.714285714285714,0.0,34.857142857142854,0.42857142857142855
1432,2011.0,17,Montario Hardesty,0.0,0.0,Steelers,0.0,0.0,0.0,0.0,0.0,0.0,3.875,RB,0.0,0.0,15.25,1.75,0.0,10.75,0.0,33.5,0.5
