,Year,Week,Name,Fumble TD,Fumbles Lost,Opponent_x,Pass 2PT,Pass Attempts,Pass Completions,Pass Interceptions,Pass TD,Pass Yards,Points_x,Position_x,Receiving 2PT,Receiving TD,Receiving Yards,Receptions,Rush 2PT,Rush Attempts,Rush TD,Rush Yards,Away Games_x,Team,Blocks,Fumble Returns,Interception,Opponent_y,Pass Yards Allowed,Point After,Points_y,Position_y,Rush Yards Allowed,Sack,Safety,Total Yards,Touchdowns,Away Games_y
0,2010.0,2,Jason Wright,0.0,0.0,Falcons,0.0,0.0,0.0,0.0,0.0,0.0,0.0,RB,0.0,0.0,0.0,0.0,0.0,2.0,0.0,3.0,1.0,Falcons,0.0,0.0,1.0,Cardinals,211.0,15.0,9.0,DST,143.0,3.0,0.0,354.0,0.0,1.0
1,2010.0,3,Jason Wright,0.0,0.0,Raiders,0.0,0.0,0.0,0.0,0.0,0.0,0.0,RB,0.0,0.0,0.0,0.0,0.0,2.0,0.0,3.0,1.0,Raiders,0.0,0.5,0.5,Cardinals,137.5,26.0,6.5,DST,140.0,2.5,0.0,277.5,0.0,0.5
2,2010.0,7,Jason Wright,0.0,0.0,Seahawks,0.0,0.0,0.0,0.0,0.0,0.0,0.0,RB,0.0,0.0,4.0,0.5,0.0,1.0,0.0,1.5,0.5,Seahawks,0.0,0.6,1.0,Cardinals,290.8,19.4,15.0,DST,70.4,3.4,0.2,361.2,0.6,0.6
3,2010.0,8,Jason Wright,0.0,0.3333333333333333,Buccaneers,0.0,0.0,0.0,0.0,0.0,0.0,-0.3333333333333333,RB,0.0,0.0,2.6666666666666665,0.3333333333333333,0.0,0.6666666666666666,0.0,1.0,0.6666666666666666,Buccaneers,0.0,0.6666666666666666,1.6666666666666667,Cardinals,196.16666666666663,21.33333333333333,9.166666666666666,DST,157.66666666666666,0.8333333333333334,0.0,353.83333333333326,0.16666666666666666,0.3333333333333333
4,2010.0,14,Jason Wright,0.0,0.25,Broncos,0.0,0.0,0.0,0.0,0.0,0.0,0.0,RB,0.0,0.0,6.75,1.0,0.0,0.5,0.0,0.75,0.5,Broncos,0.0,0.5,0.5,Cardinals,233.58333333333331,27.75,5.583333333333332,DST,145.25,1.5,0.0,378.83333333333326,0.08333333333333333,0.5
5,2010.0,16,Jason Wright,0.0,0.2,Cowboys,0.0,0.0,0.0,0.0,0.0,0.0,0.0,RB,0.0,0.0,6.8,1.0,0.0,0.4,0.0,0.6,0.4,Cowboys,0.07142857142857142,0.6428571428571429,1.2142857142857142,Cardinals,256.64285714285717,28.285714285714285,10.214285714285714,DST,108.57142857142857,2.071428571428572,0.0,365.21428571428567,0.42857142857142855,0.42857142857142855
6,2010.0,17,Jason Wright,0.0,0.16666666666666666,49ers,0.0,0.0,0.0,0.0,0.0,0.0,0.0,RB,0.0,0.0,5.666666666666668,0.8333333333333334,0.0,0.5,0.0,0.8333333333333334,0.3333333333333333,49ers,0.06666666666666668,0.4666666666666667,0.8666666666666667,Cardinals,233.06666666666663,22.6,8.733333333333333,DST,97.93333333333334,2.0,0.0,331.0,0.26666666666666666,0.5333333333333333
