,Year,Week,Name,Fumble TD,Fumbles Lost,Opponent_x,Pass 2PT,Pass Attempts,Pass Completions,Pass Interceptions,Pass TD,Pass Yards,Points_x,Position_x,Receiving 2PT,Receiving TD,Receiving Yards,Receptions,Rush 2PT,Rush Attempts,Rush TD,Rush Yards,Away Games_x,Team,Blocks,Fumble Returns,Interception,Opponent_y,Pass Yards Allowed,Point After,Points_y,Position_y,Rush Yards Allowed,Sack,Safety,Total Yards,Touchdowns,Away Games_y
0,2015.0,1,Stedman Bailey,0.0,0.0,Seahawks,0.0,0.0,0.0,0.0,0.0,0.0,5.0,WR,0.0,0.0,58.0,3.0,0.0,0.0,0.0,0.0,0.0,Seahawks,0.0,3.0,0.0,Rams,276.0,34.0,20.0,DST,76.0,2.0,0.0,352.0,2.0,1.0
1,2015.0,2,Stedman Bailey,0.0,0.0,Redskins,0.0,0.0,0.0,0.0,0.0,0.0,5.0,WR,0.0,0.0,58.0,3.0,0.0,0.0,0.0,0.0,0.0,Redskins,0.0,1.0,0.0,Rams,182.0,17.0,9.0,DST,74.0,3.0,0.0,256.0,0.0,0.0
2,2015.0,4,Stedman Bailey,0.0,0.0,Cardinals,0.0,0.0,0.0,0.0,0.0,0.0,2.5,WR,0.0,0.0,29.0,2.0,0.0,0.0,0.0,0.0,0.5,Cardinals,0.0,0.0,2.333333333333333,Rams,211.0,16.333333333333332,19.33333333333333,DST,88.66666666666669,2.0,0.3333333333333333,299.6666666666667,1.3333333333333333,0.3333333333333333
3,2015.0,5,Stedman Bailey,0.0,0.0,Packers,0.0,0.0,0.0,0.0,0.0,0.0,4.666666666666667,WR,0.0,0.3333333333333333,29.33333333333333,2.0,0.0,0.0,0.0,0.0,0.6666666666666666,Packers,0.0,0.25,1.0,Rams,197.0,17.75,10.5,DST,115.0,4.25,0.0,312.0,0.0,0.5
4,2015.0,7,Stedman Bailey,0.0,0.0,Browns,0.0,0.0,0.0,0.0,0.0,0.0,5.25,WR,0.0,0.25,40.25,2.25,0.0,0.0,0.0,0.0,0.75,Browns,0.0,0.6666666666666666,0.6666666666666666,Rams,257.5,26.33333333333333,7.333333333333332,DST,149.83333333333334,1.6666666666666667,0.0,407.33333333333326,0.3333333333333333,0.5
