,Year,Week,Name,Fumble TD,Fumbles Lost,Opponent_x,Pass 2PT,Pass Attempts,Pass Completions,Pass Interceptions,Pass TD,Pass Yards,Points_x,Position_x,Receiving 2PT,Receiving TD,Receiving Yards,Receptions,Rush 2PT,Rush Attempts,Rush TD,Rush Yards,Away Games_x,Team,Blocks,Fumble Returns,Interception,Opponent_y,Pass Yards Allowed,Point After,Points_y,Position_y,Rush Yards Allowed,Sack,Safety,Total Yards,Touchdowns,Away Games_y
0,2015.0,9,Ka'Deem Carey,0.0,0.0,Chargers,0.0,0.0,0.0,0.0,0.0,0.0,2.0,RB,0.0,0.0,0.0,0.0,0.0,7.0,0.0,28.0,1.0,Chargers,0.0,0.375,0.5,Bears,238.25,28.375,4.125,DST,124.625,1.875,0.0,362.875,0.0,0.5
1,2015.0,10,Ka'Deem Carey,0.0,0.0,Rams,0.0,0.0,0.0,0.0,0.0,0.0,2.0,RB,0.0,0.0,0.0,0.0,0.0,7.0,0.0,28.0,1.0,Rams,0.0,1.0,0.75,Bears,219.75,18.25,12.5,DST,104.0,3.375,0.125,323.75,0.25,0.5
2,2015.0,11,Ka'Deem Carey,0.0,0.5,Broncos,0.0,0.0,0.0,0.0,0.0,0.0,3.0,RB,0.0,0.0,0.0,0.0,0.0,10.5,0.0,42.0,1.0,Broncos,0.2222222222222222,0.8888888888888888,1.0,Bears,182.77777777777774,18.666666666666668,15.222222222222221,DST,94.55555555555556,3.555555555555556,0.1111111111111111,277.3333333333333,0.5555555555555556,0.5555555555555556
3,2015.0,13,Ka'Deem Carey,0.0,0.3333333333333333,49ers,0.0,0.0,0.0,0.0,0.0,0.0,3.0,RB,0.0,0.0,0.0,0.0,0.0,10.0,0.0,38.66666666666666,0.6666666666666666,49ers,0.18181818181818185,0.09090909090909093,0.6363636363636364,Bears,276.8181818181818,24.63636363636364,6.363636363636362,DST,121.0909090909091,1.7272727272727273,0.0,397.9090909090909,0.0,0.4545454545454545
4,2015.0,16,Ka'Deem Carey,0.0,0.2,Buccaneers,0.0,0.0,0.0,0.0,0.0,0.0,3.4,RB,0.0,0.0,3.6,0.4,0.0,7.0,0.2,26.6,0.6,Buccaneers,0.07142857142857142,0.7142857142857143,0.7857142857142857,Bears,245.14285714285717,25.214285714285715,9.071428571428571,DST,94.35714285714286,2.357142857142857,0.0,339.5,0.21428571428571427,0.5
5,2015.0,17,Ka'Deem Carey,0.0,0.16666666666666666,Lions,0.0,0.0,0.0,0.0,0.0,0.0,5.0,RB,0.0,0.16666666666666666,3.1666666666666665,0.5,0.0,7.0,0.3333333333333333,24.83333333333333,0.6666666666666666,Lions,0.0,0.6,0.4,Bears,237.0,25.33333333333333,7.666666666666668,DST,113.13333333333334,2.533333333333333,0.13333333333333333,350.13333333333327,0.13333333333333333,0.4666666666666667
