,Year,Week,Name,Fumble TD,Fumbles Lost,Opponent,Pass 2PT,Pass Attempts,Pass Completions,Pass Interceptions,Pass TD,Pass Yards,Points,Position,Receiving 2PT,Receiving TD,Receiving Yards,Receptions,Rush 2PT,Rush Attempts,Rush TD,Rush Yards,Away Games
1502,2016.0,1,Lance Dunbar,0.0,0.0,Giants,0.0,0.0,0.0,0.0,0.0,0.0,1.0,RB,0.0,0.0,16.0,1.0,0.0,0.0,0.0,0.0,0.0
1585,2016.0,2,Lance Dunbar,0.0,0.0,Redskins,0.0,0.0,0.0,0.0,0.0,0.0,1.0,RB,0.0,0.0,16.0,1.0,0.0,0.0,0.0,0.0,0.0
1652,2016.0,3,Lance Dunbar,0.0,0.0,Bears,0.0,0.0,0.0,0.0,0.0,0.0,1.5,RB,0.0,0.0,21.0,1.5,0.0,1.5,0.0,3.0,0.5
1758,2016.0,4,Lance Dunbar,0.0,0.0,49ers,0.0,0.0,0.0,0.0,0.0,0.0,3.0,RB,0.0,0.0,14.0,1.0,0.0,1.3333333333333333,0.3333333333333333,2.3333333333333335,0.3333333333333333
2290,2016.0,11,Lance Dunbar,0.0,0.0,Ravens,0.0,0.0,0.0,0.0,0.0,0.0,2.5,RB,0.0,0.0,14.0,1.25,0.0,1.25,0.25,2.25,0.5
2392,2016.0,12,Lance Dunbar,0.0,0.0,Redskins,0.0,0.0,0.0,0.0,0.0,0.0,2.2,RB,0.0,0.0,14.0,1.4,0.0,1.2,0.2,2.2,0.4
2542,2016.0,14,Lance Dunbar,0.0,0.0,Giants,0.0,0.0,0.0,0.0,0.0,0.0,1.8333333333333333,RB,0.0,0.0,11.833333333333334,1.3333333333333333,0.0,1.0,0.16666666666666666,1.8333333333333333,0.3333333333333333
2619,2016.0,15,Lance Dunbar,0.0,0.0,Buccaneers,0.0,0.0,0.0,0.0,0.0,0.0,1.7142857142857142,RB,0.0,0.0,11.857142857142858,1.5714285714285714,0.0,0.8571428571428571,0.14285714285714285,1.5714285714285714,0.42857142857142855
2782,2016.0,17,Lance Dunbar,0.0,0.0,Eagles,0.0,0.0,0.0,0.0,0.0,0.0,1.75,RB,0.0,0.0,12.875,1.625,0.0,0.75,0.125,1.375,0.375
