,Year,Week,Name,Fumble TD,Fumbles Lost,Opponent_x,Pass 2PT,Pass Attempts,Pass Completions,Pass Interceptions,Pass TD,Pass Yards,Points_x,Position_x,Receiving 2PT,Receiving TD,Receiving Yards,Receptions,Rush 2PT,Rush Attempts,Rush TD,Rush Yards,Away Games_x,Team,Blocks,Fumble Returns,Interception,Opponent_y,Pass Yards Allowed,Point After,Points_y,Position_y,Rush Yards Allowed,Sack,Safety,Total Yards,Touchdowns,Away Games_y
0,2016.0,2,Josh McCown,0.0,0.0,Ravens,0.0,33.0,20.0,2.0,2.0,260.0,18.0,QB,0.0,0.0,0.0,0.0,0.0,2.0,0.0,0.0,0.0,Ravens,0.0,0.0,0.0,Browns,95.0,7.0,9.0,DST,65.0,2.0,0.0,160.0,0.0,0.0
1,2016.0,8,Josh McCown,0.0,0.0,Jets,0.0,33.0,20.0,2.0,2.0,260.0,18.0,QB,0.0,0.0,0.0,0.0,0.0,2.0,0.0,0.0,0.0,Jets,0.0,0.42857142857142855,0.5714285714285714,Browns,282.0,25.714285714285715,5.0,DST,74.85714285714286,2.0,0.0,356.8571428571428,0.0,0.5714285714285714
2,2016.0,10,Josh McCown,0.0,0.0,Ravens,0.5,41.0,22.5,2.0,2.0,300.5,21.0,QB,0.0,0.0,0.0,0.0,0.0,2.5,0.0,5.0,0.0,Ravens,0.5,0.625,1.125,Browns,222.625,19.125,11.625,DST,76.125,2.25,0.0,298.75,0.25,0.5
3,2016.0,11,Josh McCown,0.0,0.3333333333333333,Steelers,0.3333333333333333,31.66666666666667,17.0,2.0,1.3333333333333333,220.0,13.0,QB,0.0,0.0,0.0,0.0,0.0,1.6666666666666667,0.0,3.333333333333333,0.3333333333333333,Steelers,0.1111111111111111,0.6666666666666666,0.4444444444444444,Browns,278.1111111111111,22.88888888888889,6.222222222222222,DST,102.66666666666669,1.4444444444444444,0.0,380.77777777777777,0.0,0.4444444444444444
4,2016.0,12,Josh McCown,0.0,0.5,Giants,0.25,30.5,16.25,1.5,1.25,194.5,12.25,QB,0.0,0.0,0.0,0.0,0.0,1.75,0.0,5.25,0.25,Giants,0.2,0.1,1.0,Browns,262.7,20.0,8.6,DST,92.2,1.8,0.0,354.9,0.2,0.4
