,Year,Week,Name,Fumble TD,Fumbles Lost,Opponent_x,Pass 2PT,Pass Attempts,Pass Completions,Pass Interceptions,Pass TD,Pass Yards,Points_x,Position_x,Receiving 2PT,Receiving TD,Receiving Yards,Receptions,Rush 2PT,Rush Attempts,Rush TD,Rush Yards,Away Games_x,Team,Blocks,Fumble Returns,Interception,Opponent_y,Pass Yards Allowed,Point After,Points_y,Position_y,Rush Yards Allowed,Sack,Safety,Total Yards,Touchdowns,Away Games_y
0,2013.0,11,Danny Noble,0.0,0.0,Cardinals,0.0,0.0,0.0,0.0,0.0,0.0,12.0,TE,0.0,1.0,62.0,1.0,0.0,0.0,0.0,0.0,0.0,Cardinals,0.2222222222222222,0.8888888888888888,1.3333333333333333,Jaguars,243.66666666666663,22.0,12.333333333333336,DST,86.8888888888889,2.888888888888889,0.1111111111111111,330.5555555555556,0.2222222222222222,0.4444444444444444
1,2013.0,17,Danny Noble,0.0,0.0,Colts,0.0,0.0,0.0,0.0,0.0,0.0,12.0,TE,0.0,1.0,62.0,1.0,0.0,0.0,0.0,0.0,0.0,Colts,0.13333333333333333,0.7333333333333333,0.9333333333333332,Jaguars,226.86666666666667,21.73333333333333,10.533333333333333,DST,130.66666666666666,2.6,0.13333333333333333,357.53333333333336,0.13333333333333333,0.5333333333333333
