,Year,Week,Name,Fumble TD,Fumbles Lost,Opponent,Pass 2PT,Pass Attempts,Pass Completions,Pass Interceptions,Pass TD,Pass Yards,Points,Position,Receiving 2PT,Receiving TD,Receiving Yards,Receptions,Rush 2PT,Rush Attempts,Rush TD,Rush Yards,Away Games
8604,2012.0,1,Brandon Bolden,0.0,0.0,Titans,0.0,0.0,0.0,0.0,0.0,0.0,1.0,RB,0.0,0.0,0.0,0.0,0.0,5.0,0.0,11.0,1.0
8756,2012.0,3,Brandon Bolden,0.0,0.0,Ravens,0.0,0.0,0.0,0.0,0.0,0.0,1.0,RB,0.0,0.0,0.0,0.0,0.0,5.0,0.0,11.0,1.0
8819,2012.0,4,Brandon Bolden,0.0,0.0,Bills,0.0,0.0,0.0,0.0,0.0,0.0,3.5,RB,0.0,0.0,0.0,0.0,0.0,3.5,0.5,7.5,1.0
8935,2012.0,5,Brandon Bolden,0.0,0.0,Broncos,0.0,0.0,0.0,0.0,0.0,0.0,9.0,RB,0.0,0.0,3.6666666666666665,0.3333333333333333,0.0,7.666666666666667,0.6666666666666666,50.666666666666664,1.0
9037,2012.0,6,Brandon Bolden,0.0,0.0,Seahawks,0.0,0.0,0.0,0.0,0.0,0.0,8.0,RB,0.0,0.0,2.75,0.5,0.0,9.25,0.5,51.5,0.75
9689,2012.0,14,Brandon Bolden,0.0,0.0,Texans,0.0,0.0,0.0,0.0,0.0,0.0,6.8,RB,0.0,0.0,2.2,0.4,0.0,8.6,0.4,46.8,0.8
9891,2012.0,16,Brandon Bolden,0.0,0.0,Jaguars,0.0,0.0,0.0,0.0,0.0,0.0,5.833333333333333,RB,0.0,0.0,1.8333333333333333,0.3333333333333333,0.0,7.5,0.3333333333333333,40.833333333333336,0.6666666666666666
9952,2012.0,17,Brandon Bolden,0.0,0.0,Dolphins,0.0,0.0,0.0,0.0,0.0,0.0,5.0,RB,0.0,0.0,1.5714285714285714,0.2857142857142857,0.0,7.142857142857143,0.2857142857142857,35.42857142857143,0.7142857142857143
