,Year,Week,Name,Fumble TD,Fumbles Lost,Opponent,Pass 2PT,Pass Attempts,Pass Completions,Pass Interceptions,Pass TD,Pass Yards,Points,Position,Receiving 2PT,Receiving TD,Receiving Yards,Receptions,Rush 2PT,Rush Attempts,Rush TD,Rush Yards,Away Games
3418,2016.0,1,A.J. Green,0.0,0.0,Jets,0.0,0.0,0.0,0.0,0.0,0.0,24.0,WR,0.0,1.0,180.0,12.0,0.0,0.0,0.0,0.0,1.0
3606,2016.0,2,A.J. Green,0.0,0.0,Steelers,0.0,0.0,0.0,0.0,0.0,0.0,24.0,WR,0.0,1.0,180.0,12.0,0.0,0.0,0.0,0.0,1.0
3687,2016.0,3,A.J. Green,0.0,0.0,Broncos,0.0,0.0,0.0,0.0,0.0,0.0,13.5,WR,0.0,0.5,109.0,7.0,0.0,0.0,0.0,0.0,1.0
3773,2016.0,4,A.J. Green,0.0,0.0,Dolphins,0.0,0.0,0.0,0.0,0.0,0.0,11.333333333333334,WR,0.0,0.3333333333333333,98.33333333333333,7.333333333333333,0.0,0.0,0.0,0.0,0.6666666666666666
3925,2016.0,5,A.J. Green,0.0,0.0,Cowboys,0.0,0.0,0.0,0.0,0.0,0.0,14.25,WR,0.0,0.5,117.0,8.0,0.0,0.0,0.0,0.0,0.5
4006,2016.0,6,A.J. Green,0.0,0.0,Patriots,0.0,0.0,0.0,0.0,0.0,0.0,12.4,WR,0.0,0.4,103.6,7.2,0.0,0.0,0.0,0.0,0.6
4096,2016.0,7,A.J. Green,0.0,0.0,Browns,0.0,0.0,0.0,0.0,0.0,0.0,11.666666666666666,WR,0.0,0.3333333333333333,101.0,7.0,0.0,0.0,0.0,0.0,0.6666666666666666
4225,2016.0,8,A.J. Green,0.0,0.0,Redskins,0.0,0.0,0.0,0.0,0.0,0.0,13.142857142857142,WR,0.0,0.42857142857142855,110.71428571428571,7.142857142857143,0.0,0.0,0.0,0.0,0.5714285714285714
4428,2016.0,10,A.J. Green,0.0,0.0,Giants,0.0,0.0,0.0,0.0,0.0,0.0,13.0,WR,0.0,0.375,112.0,7.375,0.0,0.0,0.0,0.0,0.5
