,Year,Week,Name,Fumble TD,Fumbles Lost,Opponent_x,Pass 2PT,Pass Attempts,Pass Completions,Pass Interceptions,Pass TD,Pass Yards,Points_x,Position_x,Receiving 2PT,Receiving TD,Receiving Yards,Receptions,Rush 2PT,Rush Attempts,Rush TD,Rush Yards,Away Games_x,Team,Blocks,Fumble Returns,Interception,Opponent_y,Pass Yards Allowed,Point After,Points_y,Position_y,Rush Yards Allowed,Sack,Safety,Total Yards,Touchdowns,Away Games_y
0,2012.0,15,Devon Wylie,0.0,0.0,Raiders,0.0,0.0,0.0,0.0,0.0,0.0,0.0,WR,0.0,0.0,6.0,1.0,0.0,0.0,0.0,0.0,1.0,Raiders,0.15384615384615385,0.5384615384615384,0.6923076923076923,Chiefs,259.0,30.923076923076927,5.0,DST,131.15384615384616,1.3076923076923077,0.0,390.1538461538461,0.0,0.4615384615384616
1,2012.0,16,Devon Wylie,0.0,0.0,Colts,0.0,0.0,0.0,0.0,0.0,0.0,0.0,WR,0.0,0.0,6.0,1.0,0.0,0.0,0.0,0.0,1.0,Colts,0.0,0.14285714285714285,0.5714285714285714,Chiefs,241.64285714285717,25.57142857142857,7.857142857142858,DST,124.71428571428572,1.9285714285714288,0.0,366.3571428571428,0.2857142857142857,0.5
2,2012.0,17,Devon Wylie,0.0,0.0,Broncos,0.0,0.0,0.0,0.0,0.0,0.0,1.5,WR,0.0,0.0,21.0,2.0,0.0,0.0,0.0,0.0,0.5,Broncos,0.06666666666666668,0.5333333333333333,1.0666666666666669,Chiefs,211.2,19.066666666666666,13.466666666666667,DST,91.0,3.2,0.13333333333333333,302.2,0.5333333333333333,0.5333333333333333
3,2013.0,11,Devon Wylie,0.0,1.0,Colts,0.0,0.0,0.0,0.0,0.0,0.0,-1.0,WR,0.0,0.0,0.0,0.0,0.0,0.0,0.0,0.0,0.0,Colts,0.1111111111111111,0.6666666666666666,0.8888888888888888,Titans,241.22222222222226,21.444444444444443,10.555555555555557,DST,126.55555555555556,2.6666666666666665,0.1111111111111111,367.77777777777777,0.2222222222222222,0.4444444444444444
