,Year,Week,Name,Fumble TD,Fumbles Lost,Opponent,Pass 2PT,Pass Attempts,Pass Completions,Pass Interceptions,Pass TD,Pass Yards,Points,Position,Receiving 2PT,Receiving TD,Receiving Yards,Receptions,Rush 2PT,Rush Attempts,Rush TD,Rush Yards,Away Games
2013,2010.0,3,Sam Hurd,0.0,0.0,Texans,0.0,0.0,0.0,0.0,0.0,0.0,1.0,WR,0.0,0.0,10.0,1.0,0.0,0.0,0.0,0.0,1.0
2193,2010.0,5,Sam Hurd,0.0,0.0,Titans,0.0,0.0,0.0,0.0,0.0,0.0,1.0,WR,0.0,0.0,10.0,1.0,0.0,0.0,0.0,0.0,1.0
2470,2010.0,8,Sam Hurd,0.0,0.0,Jaguars,0.0,0.0,0.0,0.0,0.0,0.0,1.0,WR,0.0,0.0,10.5,1.5,0.0,0.0,0.0,0.0,0.5
2558,2010.0,9,Sam Hurd,0.0,0.0,Packers,0.0,0.0,0.0,0.0,0.0,0.0,1.0,WR,0.0,0.0,13.333333333333334,1.6666666666666667,0.0,0.0,0.0,0.0,0.3333333333333333
2867,2010.0,12,Sam Hurd,0.0,0.0,Saints,0.0,0.0,0.0,0.0,0.0,0.0,1.0,WR,0.0,0.0,12.75,1.5,0.0,0.0,0.0,0.0,0.5
3089,2010.0,14,Sam Hurd,0.0,0.0,Eagles,0.0,0.0,0.0,0.0,0.0,0.0,1.0,WR,0.0,0.0,12.6,1.4,0.0,0.0,0.0,0.0,0.4
3160,2010.0,15,Sam Hurd,0.0,0.0,Redskins,0.0,0.0,0.0,0.0,0.0,0.0,0.8333333333333334,WR,0.0,0.0,11.333333333333334,1.3333333333333333,0.0,0.0,0.0,0.0,0.3333333333333333
3288,2010.0,16,Sam Hurd,0.0,0.0,Cardinals,0.0,0.0,0.0,0.0,0.0,0.0,1.1428571428571428,WR,0.0,0.0,14.714285714285714,1.7142857142857142,0.0,0.0,0.0,0.0,0.2857142857142857
