,Unnamed: 0,Unnamed: 0.1,Fumble TD,Fumbles Lost,Name,Opponent,Pass 2PT,Pass Attempts,Pass Completions,Pass Interceptions,Pass TD,Pass Yards,Points,Position,Receiving 2PT,Receiving TD,Receiving Yards,Receptions,Rush 2PT,Rush Attempts,Rush TD,Rush Yards,Week,Year
49,49,49.0,0.0,0.0,Andre Ellington,Lions,0.0,0.0,0.0,0.0,0.0,0.0,3.0,RB,0.0,0.0,35.0,2.0,0.0,0.0,0.0,0.0,1,2017.0
143,143,49.0,0.0,0.0,Andre Ellington,Colts,0.0,0.0,0.0,0.0,0.0,0.0,3.0,RB,0.0,0.0,35.0,2.0,0.0,0.0,0.0,0.0,2,2017.0
202,202,96.0,0.0,0.0,Andre Ellington,Cardinals,0.0,0.0,0.0,0.0,0.0,0.0,2.5,RB,0.0,0.0,23.5,2.5,0.0,1.0,0.0,5.5,3,2017.0
287,287,131.33333333333334,0.0,0.0,Andre Ellington,Cardinals,0.0,0.0,0.0,0.0,0.0,0.0,4.0,RB,0.0,0.0,35.333333333333336,3.3333333333333335,0.0,2.3333333333333335,0.0,11.0,4,2017.0
385,385,170.25,0.0,0.0,Andre Ellington,Eagles,0.0,0.0,0.0,0.0,0.0,0.0,5.25,RB,0.0,0.0,48.0,4.75,0.0,3.0,0.0,12.75,5,2017.0
717,717,213.2,0.0,0.0,Andre Ellington,49ers,0.0,0.0,0.0,0.0,0.0,0.0,5.4,RB,0.0,0.0,51.4,5.6,0.0,2.6,0.0,9.8,9,2017.0
760,760,297.1666666666667,0.0,0.0,Andre Ellington,Cardinals,0.0,0.0,0.0,0.0,0.0,0.0,4.666666666666667,RB,0.0,0.0,45.166666666666664,5.0,0.0,2.1666666666666665,0.0,8.166666666666666,10,2017.0
1016,1016,363.2857142857143,0.0,0.0,Andre Ellington,Titans,0.0,0.0,0.0,0.0,0.0,0.0,5.142857142857143,RB,0.0,0.0,42.42857142857143,4.714285714285714,0.0,2.142857142857143,0.14285714285714285,7.571428571428571,13,2017.0
