,Year,Week,Name,Fumble TD,Fumbles Lost,Opponent,Pass 2PT,Pass Attempts,Pass Completions,Pass Interceptions,Pass TD,Pass Yards,Points,Position,Receiving 2PT,Receiving TD,Receiving Yards,Receptions,Rush 2PT,Rush Attempts,Rush TD,Rush Yards,Away Games
909,2015.0,10,Brock Osweiler,0.0,0.0,Chiefs,0.0,24.0,14.0,1.0,1.0,146.0,10.0,QB,0.0,0.0,0.0,0.0,0.0,3.0,0.0,18.0,0.0
926,2015.0,11,Brock Osweiler,0.0,0.0,Bears,0.0,24.0,14.0,1.0,1.0,146.0,10.0,QB,0.0,0.0,0.0,0.0,0.0,3.0,0.0,18.0,0.0
974,2015.0,12,Brock Osweiler,0.0,0.0,Patriots,0.0,25.5,17.0,0.5,1.5,198.0,16.0,QB,0.0,0.0,0.0,0.0,0.0,2.5,0.0,11.0,0.5
1011,2015.0,13,Brock Osweiler,0.0,0.0,Chargers,0.0,31.0,19.0,0.6666666666666666,1.3333333333333333,222.0,15.333333333333334,QB,0.0,0.0,0.0,0.0,0.0,2.3333333333333335,0.0,8.666666666666666,0.3333333333333333
1046,2015.0,14,Brock Osweiler,0.0,0.0,Raiders,0.0,29.75,18.25,0.75,1.25,208.0,14.0,QB,0.0,0.0,0.0,0.0,0.0,2.5,0.0,6.75,0.5
1067,2015.0,15,Brock Osweiler,0.0,0.0,Steelers,0.0,34.0,21.6,0.6,1.0,228.0,13.8,QB,0.0,0.0,0.0,0.0,0.0,2.6,0.0,7.4,0.4
1121,2015.0,16,Brock Osweiler,0.0,0.0,Bengals,0.0,35.666666666666664,21.5,0.6666666666666666,1.3333333333333333,239.33333333333334,17.166666666666668,QB,0.0,0.0,0.0,0.0,0.0,3.0,0.16666666666666666,9.333333333333334,0.5
1169,2015.0,17,Brock Osweiler,0.0,0.0,Chargers,0.0,36.142857142857146,22.285714285714285,0.5714285714285714,1.2857142857142858,247.85714285714286,17.142857142857142,QB,0.0,0.0,0.0,0.0,0.0,3.0,0.14285714285714285,8.714285714285714,0.42857142857142855
