,Year,Week,Name,Fumble TD,Fumbles Lost,Opponent_x,Pass 2PT,Pass Attempts,Pass Completions,Pass Interceptions,Pass TD,Pass Yards,Points_x,Position_x,Receiving 2PT,Receiving TD,Receiving Yards,Receptions,Rush 2PT,Rush Attempts,Rush TD,Rush Yards,Away Games_x,Team,Blocks,Fumble Returns,Interception,Opponent_y,Pass Yards Allowed,Point After,Points_y,Position_y,Rush Yards Allowed,Sack,Safety,Total Yards,Touchdowns,Away Games_y
0,2014.0,4,Henry Hynoski,0.0,0.0,Redskins,0.0,0.0,0.0,0.0,0.0,0.0,0.0,RB,0.0,0.0,0.0,0.0,0.0,1.0,0.0,1.0,1.0,Redskins,0.0,0.6666666666666666,0.3333333333333333,Giants,218.0,21.33333333333333,9.0,DST,64.66666666666667,3.333333333333333,0.0,282.6666666666667,0.0,0.6666666666666666
1,2014.0,9,Henry Hynoski,0.0,0.0,Colts,0.0,0.0,0.0,0.0,0.0,0.0,0.0,RB,0.0,0.0,0.0,0.0,0.0,1.0,0.0,1.0,1.0,Colts,0.125,1.0,0.75,Giants,252.875,23.375,10.25,DST,99.25,2.625,0.0,352.125,0.125,0.5
2,2014.0,11,Henry Hynoski,0.0,0.0,49ers,0.0,0.0,0.0,0.0,0.0,0.0,0.0,RB,0.0,0.0,0.0,0.0,0.0,1.0,0.0,1.5,0.5,49ers,0.1111111111111111,0.5555555555555556,1.2222222222222223,Giants,215.22222222222226,22.444444444444446,9.222222222222221,DST,91.22222222222223,1.6666666666666667,0.0,306.4444444444445,0.2222222222222222,0.5555555555555556
3,2014.0,12,Henry Hynoski,0.0,0.0,Cowboys,0.0,0.0,0.0,0.0,0.0,0.0,0.0,RB,0.0,0.0,0.0,0.0,0.0,1.0,0.0,2.333333333333333,0.3333333333333333,Cowboys,0.0,0.7,1.0,Giants,239.8,21.2,8.7,DST,109.0,1.6,0.0,348.8,0.2,0.4
4,2014.0,15,Henry Hynoski,0.0,0.0,Redskins,0.0,0.0,0.0,0.0,0.0,0.0,0.0,RB,0.0,0.0,0.0,0.0,0.0,1.25,0.0,2.75,0.25,Redskins,0.0,0.7692307692307693,0.38461538461538464,Giants,237.84615384615384,26.615384615384613,6.769230769230768,DST,105.0,2.4615384615384617,0.0,342.84615384615387,0.0,0.5384615384615384
