,Year,Week,Name,Fumble TD,Fumbles Lost,Opponent_x,Pass 2PT,Pass Attempts,Pass Completions,Pass Interceptions,Pass TD,Pass Yards,Points_x,Position_x,Receiving 2PT,Receiving TD,Receiving Yards,Receptions,Rush 2PT,Rush Attempts,Rush TD,Rush Yards,Away Games_x,Team,Blocks,Fumble Returns,Interception,Opponent_y,Pass Yards Allowed,Point After,Points_y,Position_y,Rush Yards Allowed,Sack,Safety,Total Yards,Touchdowns,Away Games_y
0,2010.0,11,Marlon Moore,0.0,0.0,Bears,0.0,0.0,0.0,0.0,0.0,0.0,2.0,WR,0.0,0.0,20.0,2.0,0.0,0.0,0.0,0.0,0.0,Bears,0.2222222222222222,1.1111111111111112,1.5555555555555556,Dolphins,219.55555555555557,16.22222222222222,13.888888888888891,DST,82.33333333333333,1.4444444444444444,0.0,301.8888888888889,0.3333333333333333,0.4444444444444444
1,2010.0,12,Marlon Moore,0.0,0.0,Raiders,0.0,0.0,0.0,0.0,0.0,0.0,2.0,WR,0.0,0.0,20.0,2.0,0.0,0.0,0.0,0.0,0.0,Raiders,0.2,1.0,0.5,Dolphins,193.2,22.3,11.7,DST,128.5,2.9,0.1,321.7,0.4,0.5
2,2010.0,16,Marlon Moore,0.0,0.0,Lions,0.0,0.0,0.0,0.0,0.0,0.0,6.5,WR,0.0,0.5,38.5,1.5,0.0,0.0,0.0,0.0,0.5,Lions,0.0,1.0,0.7857142857142857,Dolphins,220.7142857142857,23.5,10.357142857142858,DST,126.5,2.7857142857142856,0.07142857142857142,347.21428571428567,0.21428571428571427,0.5
3,2010.0,17,Marlon Moore,0.0,0.0,Patriots,0.0,0.0,0.0,0.0,0.0,0.0,4.666666666666667,WR,0.0,0.3333333333333333,27.33333333333333,1.3333333333333333,0.0,0.3333333333333333,0.0,5.333333333333333,0.3333333333333333,Patriots,0.13333333333333333,0.8,1.6,Dolphins,262.0,20.4,13.466666666666667,DST,112.26666666666668,2.066666666666667,0.0,374.26666666666665,0.5333333333333333,0.5333333333333333
