,Year,Week,Name,Fumble TD,Fumbles Lost,Opponent_x,Pass 2PT,Pass Attempts,Pass Completions,Pass Interceptions,Pass TD,Pass Yards,Points_x,Position_x,Receiving 2PT,Receiving TD,Receiving Yards,Receptions,Rush 2PT,Rush Attempts,Rush TD,Rush Yards,Away Games_x,Team,Blocks,Fumble Returns,Interception,Opponent_y,Pass Yards Allowed,Point After,Points_y,Position_y,Rush Yards Allowed,Sack,Safety,Total Yards,Touchdowns,Away Games_y
0,2010.0,8,Maurice Stovall,0.0,0.0,Cardinals,0.0,0.0,0.0,0.0,0.0,0.0,0.0,WR,0.0,0.0,2.0,1.0,0.0,0.0,0.0,0.0,1.0,Cardinals,0.16666666666666666,0.8333333333333334,1.1666666666666667,Buccaneers,227.33333333333331,26.66666666666667,12.666666666666664,DST,141.33333333333334,2.1666666666666665,0.0,368.66666666666674,0.6666666666666666,0.6666666666666666
1,2010.0,11,Maurice Stovall,0.0,0.0,49ers,0.0,0.0,0.0,0.0,0.0,0.0,0.0,WR,0.0,0.0,2.0,1.0,0.0,0.0,0.0,0.0,1.0,49ers,0.1111111111111111,0.4444444444444444,0.8888888888888888,Buccaneers,230.77777777777774,22.0,8.888888888888891,DST,100.66666666666669,2.2222222222222223,0.0,331.4444444444445,0.2222222222222222,0.4444444444444444
2,2010.0,16,Maurice Stovall,0.0,0.0,Seahawks,0.0,0.0,0.0,0.0,0.0,0.0,1.0,WR,0.0,0.0,12.0,1.0,0.0,0.0,0.0,0.0,1.0,Seahawks,0.14285714285714285,0.7142857142857143,0.7857142857142857,Buccaneers,259.0,25.92857142857143,10.928571428571427,DST,117.71428571428572,2.2857142857142856,0.07142857142857142,376.71428571428567,0.42857142857142855,0.5
3,2010.0,17,Maurice Stovall,0.0,0.0,Saints,0.0,0.0,0.0,0.0,0.0,0.0,3.0,WR,0.0,0.3333333333333333,12.0,1.6666666666666667,0.0,0.0,0.0,0.0,0.6666666666666666,Saints,0.06666666666666668,0.9333333333333332,0.6,Buccaneers,191.33333333333331,18.933333333333334,9.866666666666667,DST,114.2,2.0,0.06666666666666668,305.53333333333336,0.13333333333333333,0.5333333333333333
