,Year,Week,Name,Fumble TD,Fumbles Lost,Opponent_x,Pass 2PT,Pass Attempts,Pass Completions,Pass Interceptions,Pass TD,Pass Yards,Points_x,Position_x,Receiving 2PT,Receiving TD,Receiving Yards,Receptions,Rush 2PT,Rush Attempts,Rush TD,Rush Yards,Away Games_x,Team,Blocks,Fumble Returns,Interception,Opponent_y,Pass Yards Allowed,Point After,Points_y,Position_y,Rush Yards Allowed,Sack,Safety,Total Yards,Touchdowns,Away Games_y
0,2015.0,11,Cooper Helfet,0.0,0.0,49ers,0.0,0.0,0.0,0.0,0.0,0.0,0.0,TE,0.0,0.0,7.0,1.0,0.0,0.0,0.0,0.0,0.0,49ers,0.1111111111111111,0.1111111111111111,0.7777777777777778,Seahawks,280.5555555555556,24.777777777777782,6.777777777777778,DST,111.88888888888887,1.7777777777777777,0.0,392.4444444444445,0.0,0.4444444444444444
1,2015.0,14,Cooper Helfet,0.0,0.0,Ravens,0.0,0.0,0.0,0.0,0.0,0.0,0.5,TE,0.0,0.0,10.0,1.0,0.0,0.0,0.0,0.0,0.5,Ravens,0.4166666666666667,0.5,0.3333333333333333,Seahawks,243.91666666666663,24.25,8.833333333333334,DST,97.5,2.333333333333333,0.0,341.4166666666667,0.3333333333333333,0.5833333333333334
2,2015.0,15,Cooper Helfet,0.0,0.0,Browns,0.0,0.0,0.0,0.0,0.0,0.0,1.0,TE,0.0,0.0,13.333333333333336,1.3333333333333333,0.0,0.0,0.0,0.0,0.6666666666666666,Browns,0.07692307692307693,0.6923076923076923,0.6153846153846154,Seahawks,253.84615384615384,27.461538461538463,7.230769230769232,DST,131.30769230769232,2.0,0.0,385.1538461538461,0.2307692307692308,0.4615384615384616
3,2015.0,16,Cooper Helfet,0.0,0.0,Rams,0.0,0.0,0.0,0.0,0.0,0.0,0.75,TE,0.0,0.0,11.25,1.25,0.0,0.0,0.0,0.0,0.5,Rams,0.0,0.7857142857142857,0.7857142857142857,Seahawks,247.28571428571428,21.0,10.071428571428571,DST,118.07142857142857,2.571428571428572,0.07142857142857142,365.3571428571428,0.21428571428571427,0.42857142857142855
4,2015.0,17,Cooper Helfet,0.0,0.0,Cardinals,0.0,0.0,0.0,0.0,0.0,0.0,1.4,TE,0.0,0.0,17.6,1.8,0.0,0.0,0.0,0.0,0.4,Cardinals,0.0,0.9333333333333332,1.2666666666666666,Seahawks,231.86666666666667,18.466666666666665,13.666666666666664,DST,87.66666666666669,2.333333333333333,0.13333333333333333,319.53333333333336,0.4666666666666667,0.5333333333333333
