,Year,Week,Name,Fumble TD,Fumbles Lost,Opponent_x,Pass 2PT,Pass Attempts,Pass Completions,Pass Interceptions,Pass TD,Pass Yards,Points_x,Position_x,Receiving 2PT,Receiving TD,Receiving Yards,Receptions,Rush 2PT,Rush Attempts,Rush TD,Rush Yards,Away Games_x,Team,Blocks,Fumble Returns,Interception,Opponent_y,Pass Yards Allowed,Point After,Points_y,Position_y,Rush Yards Allowed,Sack,Safety,Total Yards,Touchdowns,Away Games_y
0,2014.0,8,Brandon Weeden,0.0,0.0,Redskins,0.0,6.0,4.0,0.0,1.0,69.0,8.0,QB,0.0,0.0,0.0,0.0,0.0,1.0,0.0,0.0,0.0,Redskins,0.0,0.42857142857142855,0.42857142857142855,Cowboys,218.57142857142856,26.142857142857146,6.2857142857142865,DST,103.28571428571428,2.2857142857142856,0.0,321.85714285714283,0.0,0.42857142857142855
1,2014.0,9,Brandon Weeden,0.0,0.0,Cardinals,0.0,6.0,4.0,0.0,1.0,69.0,8.0,QB,0.0,0.0,0.0,0.0,0.0,1.0,0.0,0.0,0.0,Cardinals,0.14285714285714285,0.5714285714285714,1.4285714285714286,Cowboys,302.85714285714283,19.857142857142858,10.857142857142858,DST,77.85714285714286,1.0,0.0,380.71428571428567,0.2857142857142857,0.42857142857142855
2,2014.0,10,Brandon Weeden,0.0,0.0,Jaguars,0.0,19.5,11.0,1.0,1.0,126.0,8.5,QB,0.0,0.0,0.0,0.0,0.0,1.5,0.0,1.0,0.0,Jaguars,0.0,0.5555555555555556,0.5555555555555556,Cowboys,263.44444444444446,27.88888888888889,7.333333333333332,DST,123.44444444444444,3.0,0.0,386.88888888888886,0.0,0.5555555555555556
3,2014.0,16,Brandon Weeden,0.0,0.0,Colts,0.0,13.333333333333336,7.666666666666668,0.6666666666666666,0.6666666666666666,86.66666666666669,5.666666666666668,QB,0.0,0.0,0.0,0.0,0.0,2.0,0.0,-0.3333333333333333,0.3333333333333333,Colts,0.07142857142857142,0.8571428571428571,0.8571428571428571,Cowboys,240.64285714285717,22.642857142857146,10.214285714285714,DST,110.35714285714286,2.571428571428572,0.0,351.0,0.14285714285714285,0.42857142857142855
