,Year,Week,Name,Fumble TD,Fumbles Lost,Opponent_x,Pass 2PT,Pass Attempts,Pass Completions,Pass Interceptions,Pass TD,Pass Yards,Points_x,Position_x,Receiving 2PT,Receiving TD,Receiving Yards,Receptions,Rush 2PT,Rush Attempts,Rush TD,Rush Yards,Away Games_x,Team,Blocks,Fumble Returns,Interception,Opponent_y,Pass Yards Allowed,Point After,Points_y,Position_y,Rush Yards Allowed,Sack,Safety,Total Yards,Touchdowns,Away Games_y
0,2012.0,4,Ted Ginn Jr.,0.0,0.0,Jets,0.0,0.0,0.0,0.0,0.0,0.0,0.0,WR,0.0,0.0,0.0,0.0,0.0,1.0,0.0,7.0,1.0,Jets,0.0,0.6666666666666666,1.3333333333333333,49ers,218.66666666666663,25.0,12.666666666666664,DST,148.66666666666666,1.0,0.0,367.33333333333326,1.0,0.6666666666666666
1,2012.0,8,Ted Ginn Jr.,0.0,0.0,Cardinals,0.0,0.0,0.0,0.0,0.0,0.0,0.0,WR,0.0,0.0,0.0,0.0,0.0,1.0,0.0,7.0,1.0,Cardinals,0.2857142857142857,1.0,1.1428571428571428,49ers,191.28571428571428,16.857142857142858,12.857142857142858,DST,120.85714285714286,3.1428571428571432,0.0,312.14285714285717,0.14285714285714285,0.42857142857142855
2,2012.0,12,Ted Ginn Jr.,0.0,0.0,Saints,0.0,0.0,0.0,0.0,0.0,0.0,0.0,WR,0.0,0.0,0.0,0.5,0.0,0.5,0.0,3.5,1.0,Saints,0.1,0.7,0.7,49ers,305.0,27.3,8.6,DST,157.8,2.4,0.0,462.8,0.3,0.5
3,2012.0,13,Ted Ginn Jr.,0.0,0.3333333333333333,Rams,0.0,0.0,0.0,0.0,0.0,0.0,-0.3333333333333333,WR,0.0,0.0,0.0,0.3333333333333333,0.0,0.3333333333333333,0.0,2.333333333333333,1.0,Rams,0.18181818181818185,0.09090909090909093,1.0909090909090908,49ers,229.45454545454547,23.09090909090909,9.818181818181818,DST,111.36363636363636,2.8181818181818183,0.0,340.8181818181818,0.2727272727272727,0.4545454545454545
