,Year,Week,Name,Fumble TD,Fumbles Lost,Opponent_x,Pass 2PT,Pass Attempts,Pass Completions,Pass Interceptions,Pass TD,Pass Yards,Points_x,Position_x,Receiving 2PT,Receiving TD,Receiving Yards,Receptions,Rush 2PT,Rush Attempts,Rush TD,Rush Yards,Away Games_x,Team,Blocks,Fumble Returns,Interception,Opponent_y,Pass Yards Allowed,Point After,Points_y,Position_y,Rush Yards Allowed,Sack,Safety,Total Yards,Touchdowns,Away Games_y
0,2010.0,4,David Martin,0.0,0.0,Jets,0.0,0.0,0.0,0.0,0.0,0.0,6.0,TE,0.0,1.0,4.0,1.0,0.0,0.0,0.0,0.0,0.0,Jets,0.3333333333333333,1.0,1.3333333333333333,Bills,274.6666666666667,15.666666666666664,11.0,DST,61.66666666666666,1.6666666666666667,0.0,336.3333333333333,0.0,0.3333333333333333
1,2010.0,9,David Martin,0.0,0.0,Bears,0.0,0.0,0.0,0.0,0.0,0.0,6.0,TE,0.0,1.0,4.0,1.0,0.0,0.0,0.0,0.0,0.0,Bears,0.14285714285714285,1.1428571428571428,1.2857142857142858,Bills,216.0,16.285714285714285,13.714285714285715,DST,89.2857142857143,1.5714285714285714,0.0,305.2857142857143,0.42857142857142855,0.42857142857142855
2,2010.0,11,David Martin,0.0,0.0,Bengals,0.0,0.0,0.0,0.0,0.0,0.0,3.5,TE,0.0,0.5,7.5,1.0,0.0,0.0,0.0,0.0,0.0,Bengals,0.0,0.8888888888888888,1.1111111111111112,Bills,213.55555555555557,23.66666666666667,7.777777777777778,DST,115.77777777777777,1.0,0.0,329.3333333333333,0.1111111111111111,0.5555555555555556
3,2010.0,14,David Martin,0.0,0.0,Browns,0.0,0.0,0.0,0.0,0.0,0.0,2.0,TE,0.0,0.25,7.5,1.25,0.0,0.0,0.0,0.0,0.5,Browns,0.25,0.6666666666666666,1.5,Bills,231.33333333333331,19.916666666666668,11.25,DST,119.08333333333331,2.0,0.0,350.41666666666674,0.25,0.5
4,2010.0,17,David Martin,0.0,0.0,Jets,0.0,0.0,0.0,0.0,0.0,0.0,1.8,TE,0.0,0.2,8.6,1.2,0.0,0.0,0.0,0.0,0.4,Jets,0.06666666666666668,1.0666666666666669,0.5333333333333333,Bills,205.66666666666663,19.8,11.533333333333333,DST,94.46666666666668,2.466666666666667,0.13333333333333333,300.1333333333333,0.26666666666666666,0.5333333333333333
