,Year,Week,Name,Fumble TD,Fumbles Lost,Opponent_x,Pass 2PT,Pass Attempts,Pass Completions,Pass Interceptions,Pass TD,Pass Yards,Points_x,Position_x,Receiving 2PT,Receiving TD,Receiving Yards,Receptions,Rush 2PT,Rush Attempts,Rush TD,Rush Yards,Away Games_x,Team,Blocks,Fumble Returns,Interception,Opponent_y,Pass Yards Allowed,Point After,Points_y,Position_y,Rush Yards Allowed,Sack,Safety,Total Yards,Touchdowns,Away Games_y
0,2015.0,8,Bradley Marquez,0.0,0.0,49ers,0.0,0.0,0.0,0.0,0.0,0.0,0.0,WR,0.0,0.0,5.0,1.0,0.0,0.0,0.0,0.0,0.0,49ers,0.0,0.0,1.0,Rams,292.7142857142857,25.714285714285715,7.142857142857142,DST,113.28571428571428,2.0,0.0,406.0,0.0,0.42857142857142855
1,2015.0,10,Bradley Marquez,0.0,0.0,Bears,0.0,0.0,0.0,0.0,0.0,0.0,0.0,WR,0.0,0.0,4.0,1.0,0.0,0.0,0.0,0.0,0.5,Bears,0.125,0.625,0.5,Rams,220.25,27.625,6.0,DST,121.625,1.75,0.0,341.875,0.0,0.5
2,2015.0,12,Bradley Marquez,0.0,0.0,Bengals,0.0,0.0,0.0,0.0,0.0,0.0,0.3333333333333333,WR,0.0,0.0,9.0,1.3333333333333333,0.0,0.0,0.0,0.0,0.3333333333333333,Bengals,0.0,0.4,1.1,Rams,242.8,18.6,9.4,DST,100.4,2.8,0.0,343.2,0.0,0.5
3,2015.0,13,Bradley Marquez,0.0,0.0,Cardinals,0.0,0.0,0.0,0.0,0.0,0.0,0.5,WR,0.0,0.0,10.0,1.75,0.0,0.0,0.0,0.0,0.5,Cardinals,0.0,0.5454545454545454,1.3636363636363635,Rams,235.27272727272728,20.818181818181817,11.272727272727273,DST,91.0909090909091,1.9090909090909087,0.18181818181818185,326.3636363636364,0.3636363636363637,0.5454545454545454
4,2015.0,14,Bradley Marquez,0.0,0.0,Lions,0.0,0.0,0.0,0.0,0.0,0.0,0.6,WR,0.0,0.0,11.2,2.0,0.0,0.0,0.0,0.0,0.4,Lions,0.0,0.6666666666666666,0.4166666666666667,Rams,242.5,26.25,8.333333333333334,DST,108.66666666666669,2.75,0.16666666666666666,351.16666666666674,0.16666666666666666,0.4166666666666667
