,Year,Week,Name,Fumble TD,Fumbles Lost,Opponent_x,Pass 2PT,Pass Attempts,Pass Completions,Pass Interceptions,Pass TD,Pass Yards,Points_x,Position_x,Receiving 2PT,Receiving TD,Receiving Yards,Receptions,Rush 2PT,Rush Attempts,Rush TD,Rush Yards,Away Games_x,Team,Blocks,Fumble Returns,Interception,Opponent_y,Pass Yards Allowed,Point After,Points_y,Position_y,Rush Yards Allowed,Sack,Safety,Total Yards,Touchdowns,Away Games_y
0,2014.0,2,Gavin Escobar,0.0,0.0,Titans,0.0,0.0,0.0,0.0,0.0,0.0,0.0,TE,0.0,0.0,5.0,1.0,0.0,0.0,0.0,0.0,1.0,Titans,0.0,0.0,3.0,Cowboys,178.0,10.0,17.0,DST,67.0,4.0,0.0,245.0,0.0,1.0
1,2014.0,3,Gavin Escobar,0.0,0.0,Rams,0.0,0.0,0.0,0.0,0.0,0.0,0.0,TE,0.0,0.0,5.0,1.0,0.0,0.0,0.0,0.0,1.0,Rams,1.0,0.0,0.5,Cowboys,172.5,25.5,5.5,DST,171.0,0.5,0.0,343.5,0.0,0.5
2,2014.0,4,Gavin Escobar,0.0,0.0,Saints,0.0,0.0,0.0,0.0,0.0,0.0,0.0,TE,0.0,0.0,6.0,1.0,0.0,0.0,0.0,0.0,1.0,Saints,0.0,0.3333333333333333,0.0,Cowboys,278.3333333333333,24.0,4.666666666666667,DST,101.33333333333331,1.3333333333333333,0.0,379.66666666666674,0.0,0.6666666666666666
3,2014.0,6,Gavin Escobar,0.0,0.0,Seahawks,0.0,0.0,0.0,0.0,0.0,0.0,0.0,TE,0.0,0.0,6.0,1.0,0.0,0.0,0.0,0.0,0.6666666666666666,Seahawks,0.0,0.25,0.5,Cowboys,255.5,20.75,6.5,DST,62.25,1.5,0.25,317.75,0.0,0.5
4,2014.0,7,Gavin Escobar,0.0,0.0,Giants,0.0,0.0,0.0,0.0,0.0,0.0,1.5,TE,0.0,0.25,5.0,1.0,0.0,0.0,0.0,0.0,0.75,Giants,0.16666666666666666,0.3333333333333333,1.6666666666666667,Cowboys,261.6666666666667,23.0,8.5,DST,116.33333333333331,1.8333333333333333,0.0,378.0,0.0,0.5
5,2014.0,10,Gavin Escobar,0.0,0.0,Jaguars,0.0,0.0,0.0,0.0,0.0,0.0,4.8,TE,0.0,0.6,17.0,1.4,0.0,0.0,0.0,0.0,0.6,Jaguars,0.0,0.5555555555555556,0.5555555555555556,Cowboys,263.44444444444446,27.88888888888889,7.333333333333332,DST,123.44444444444444,3.0,0.0,386.88888888888886,0.0,0.5555555555555556
6,2014.0,14,Gavin Escobar,0.0,0.0,Bears,0.0,0.0,0.0,0.0,0.0,0.0,4.166666666666667,TE,0.0,0.5,16.5,1.3333333333333333,0.0,0.0,0.0,0.0,0.6666666666666666,Bears,0.16666666666666666,0.6666666666666666,0.9166666666666666,Cowboys,270.6666666666667,28.08333333333333,9.5,DST,105.58333333333331,2.4166666666666665,0.0,376.25,0.16666666666666666,0.5833333333333334
