,Year,Week,Name,Fumble TD,Fumbles Lost,Opponent,Pass 2PT,Pass Attempts,Pass Completions,Pass Interceptions,Pass TD,Pass Yards,Points,Position,Receiving 2PT,Receiving TD,Receiving Yards,Receptions,Rush 2PT,Rush Attempts,Rush TD,Rush Yards,Away Games
3527,2010.0,5,Leonard Pope,0.0,0.0,Colts,0.0,0.0,0.0,0.0,0.0,0.0,1.0,TE,0.0,0.0,11.0,1.0,0.0,0.0,0.0,0.0,1.0
3575,2010.0,6,Leonard Pope,0.0,0.0,Texans,0.0,0.0,0.0,0.0,0.0,0.0,1.0,TE,0.0,0.0,11.0,1.0,0.0,0.0,0.0,0.0,1.0
3654,2010.0,8,Leonard Pope,0.0,0.0,Bills,0.0,0.0,0.0,0.0,0.0,0.0,1.0,TE,0.0,0.0,11.5,1.0,0.0,0.0,0.0,0.0,1.0
3741,2010.0,10,Leonard Pope,0.0,0.0,Broncos,0.0,0.0,0.0,0.0,0.0,0.0,1.3333333333333333,TE,0.0,0.0,14.333333333333334,1.3333333333333333,0.0,0.0,0.0,0.0,0.6666666666666666
3871,2010.0,13,Leonard Pope,0.0,0.0,Broncos,0.0,0.0,0.0,0.0,0.0,0.0,1.5,TE,0.0,0.0,16.0,1.5,0.0,0.0,0.0,0.0,0.75
3958,2010.0,14,Leonard Pope,0.0,0.0,Chargers,0.0,0.0,0.0,0.0,0.0,0.0,2.4,TE,0.0,0.2,13.2,1.4,0.0,0.0,0.0,0.0,0.6
3980,2010.0,15,Leonard Pope,0.0,0.0,Rams,0.0,0.0,0.0,0.0,0.0,0.0,2.0,TE,0.0,0.16666666666666666,10.666666666666666,1.3333333333333333,0.0,0.0,0.0,0.0,0.6666666666666666
4058,2010.0,16,Leonard Pope,0.0,0.0,Titans,0.0,0.0,0.0,0.0,0.0,0.0,2.5714285714285716,TE,0.0,0.2857142857142857,9.428571428571429,1.2857142857142858,0.0,0.0,0.0,0.0,0.7142857142857143
