,Unnamed: 0,Unnamed: 0.1,Fumble TD,Fumbles Lost,Name,Opponent,Pass 2PT,Pass Attempts,Pass Completions,Pass Interceptions,Pass TD,Pass Yards,Points,Position,Receiving 2PT,Receiving TD,Receiving Yards,Receptions,Rush 2PT,Rush Attempts,Rush TD,Rush Yards,Week,Year
283,283,283.0,0.0,0.0,Aaron Jones,Packers,0.0,0.0,0.0,0.0,0.0,0.0,10.0,RB,0.0,0.0,0.0,0.0,0.0,13.0,1.0,49.0,4,2017.0
361,361,283.0,0.0,0.0,Aaron Jones,Cowboys,0.0,0.0,0.0,0.0,0.0,0.0,10.0,RB,0.0,0.0,0.0,0.0,0.0,13.0,1.0,49.0,5,2017.0
473,473,322.0,0.0,0.0,Aaron Jones,Vikings,0.0,0.0,0.0,0.0,0.0,0.0,14.0,RB,0.0,0.0,4.5,0.5,0.0,16.0,1.0,87.0,6,2017.0
514,514,372.3333333333333,0.0,0.0,Aaron Jones,Packers,0.0,0.0,0.0,0.0,0.0,0.0,10.666666666666666,RB,0.0,0.0,3.3333333333333335,0.6666666666666666,0.0,15.0,0.6666666666666666,71.66666666666667,7,2017.0
715,715,407.75,0.0,0.0,Aaron Jones,Packers,0.0,0.0,0.0,0.0,0.0,0.0,12.75,RB,0.0,0.0,4.25,1.25,0.0,15.5,0.75,86.5,9,2017.0
800,800,469.2,0.0,0.0,Aaron Jones,Bears,0.0,0.0,0.0,0.0,0.0,0.0,10.4,RB,0.0,0.0,3.2,1.4,0.0,13.4,0.6,71.6,10,2017.0
1006,1006,524.3333333333334,0.0,0.0,Aaron Jones,Packers,0.0,0.0,0.0,0.0,0.0,0.0,8.833333333333334,RB,0.0,0.0,2.6666666666666665,1.3333333333333333,0.0,11.666666666666666,0.5,61.666666666666664,13,2017.0
