,Year,Week,Name,Fumble TD,Fumbles Lost,Opponent,Pass 2PT,Pass Attempts,Pass Completions,Pass Interceptions,Pass TD,Pass Yards,Points,Position,Receiving 2PT,Receiving TD,Receiving Yards,Receptions,Rush 2PT,Rush Attempts,Rush TD,Rush Yards,Away Games
3519,2016.0,1,Braxton Miller,0.0,0.0,Bears,0.0,0.0,0.0,0.0,0.0,0.0,0.0,WR,0.0,0.0,6.0,1.0,0.0,0.0,0.0,0.0,0.0
3646,2016.0,2,Braxton Miller,0.0,0.0,Chiefs,0.0,0.0,0.0,0.0,0.0,0.0,0.0,WR,0.0,0.0,6.0,1.0,0.0,0.0,0.0,0.0,0.0
3957,2016.0,5,Braxton Miller,0.0,0.0,Min,0.0,0.0,0.0,0.0,0.0,0.0,0.0,WR,0.0,0.0,4.5,1.0,0.0,0.5,0.0,-1.0,0.0
4076,2016.0,6,Braxton Miller,0.0,0.0,Colts,0.0,0.0,0.0,0.0,0.0,0.0,0.3333333333333333,WR,0.0,0.0,7.0,1.0,0.0,0.3333333333333333,0.0,-0.6666666666666666,0.3333333333333333
4288,2016.0,8,Braxton Miller,0.0,0.0,Lions,0.0,0.0,0.0,0.0,0.0,0.0,0.5,WR,0.0,0.0,8.5,1.25,0.0,0.25,0.0,-0.5,0.25
4486,2016.0,10,Braxton Miller,0.0,0.0,Jaguars,0.0,0.0,0.0,0.0,0.0,0.0,0.6,WR,0.0,0.0,10.4,1.6,0.0,0.2,0.0,-0.4,0.2
4534,2016.0,11,Braxton Miller,0.0,0.0,Raiders,0.0,0.0,0.0,0.0,0.0,0.0,0.6666666666666666,WR,0.0,0.0,10.333333333333334,1.5,0.0,0.16666666666666666,0.0,-0.3333333333333333,0.3333333333333333
4713,2016.0,12,Braxton Miller,0.0,0.0,Chargers,0.0,0.0,0.0,0.0,0.0,0.0,1.7142857142857142,WR,0.0,0.14285714285714285,12.428571428571429,2.0,0.0,0.2857142857142857,0.0,-0.14285714285714285,0.42857142857142855
