,Unnamed: 0,Unnamed: 0.1,50+,FGA,FGM,Name,Opponent,Points,Position,Week,XPA,XPM,Year
6,6,6.0,0.0,4.0,3.0,Jason Myers,Texans,11.0,K,1,3.0,2.0,2017.0
57,57,6.0,0.0,4.0,3.0,Jason Myers,Jaguars,11.0,K,2,3.0,2.0,2017.0
68,68,31.5,0.0,2.5,2.0,Jason Myers,Jaguars,7.5,K,3,2.0,1.5,2017.0
109,109,43.666666666666664,0.0,2.6666666666666665,2.3333333333333335,Jason Myers,Jets,9.666666666666666,K,4,3.0,2.6666666666666665,2017.0
147,147,60.0,0.0,2.75,2.25,Jason Myers,Steelers,9.25,K,5,2.75,2.5,2017.0
178,178,77.4,0.0,2.4,2.0,Jason Myers,Jaguars,8.6,K,6,3.0,2.6,2017.0
