,Year,Week,Name,Fumble TD,Fumbles Lost,Opponent_x,Pass 2PT,Pass Attempts,Pass Completions,Pass Interceptions,Pass TD,Pass Yards,Points_x,Position_x,Receiving 2PT,Receiving TD,Receiving Yards,Receptions,Rush 2PT,Rush Attempts,Rush TD,Rush Yards,Away Games_x,Team,Blocks,Fumble Returns,Interception,Opponent_y,Pass Yards Allowed,Point After,Points_y,Position_y,Rush Yards Allowed,Sack,Safety,Total Yards,Touchdowns,Away Games_y
0,2014.0,12,Nick Toon,0.0,0.0,Ravens,0.0,0.0,0.0,0.0,0.0,0.0,4.0,WR,0.0,0.0,42.0,3.0,0.0,0.0,0.0,0.0,0.0,Ravens,0.2,0.9,0.6,Saints,251.2,18.1,10.9,DST,84.5,2.5,0.1,335.7,0.1,0.5
1,2014.0,13,Nick Toon,0.0,0.0,Steelers,0.0,0.0,0.0,0.0,0.0,0.0,4.0,WR,0.0,0.0,42.0,3.0,0.0,0.0,0.0,0.0,0.0,Steelers,0.0,0.5454545454545454,0.7272727272727273,Saints,241.63636363636363,23.90909090909091,8.636363636363637,DST,102.1818181818182,1.818181818181818,0.09090909090909093,343.8181818181818,0.3636363636363637,0.5454545454545454
2,2014.0,14,Nick Toon,0.0,0.0,Panthers,0.0,0.0,0.0,0.0,0.0,0.0,5.5,WR,0.0,0.5,29.5,2.5,0.0,0.0,0.0,0.0,0.5,Panthers,0.0,0.6666666666666666,0.75,Saints,243.5,27.58333333333333,7.416666666666668,DST,116.83333333333331,2.1666666666666665,0.0,360.33333333333326,0.08333333333333333,0.5
3,2014.0,15,Nick Toon,0.0,0.0,Bears,0.0,0.0,0.0,0.0,0.0,0.0,5.0,WR,0.0,0.3333333333333333,34.666666666666664,3.0,0.0,0.0,0.0,0.0,0.3333333333333333,Bears,0.15384615384615385,0.6153846153846154,0.8461538461538461,Saints,265.46153846153845,29.07692307692308,8.846153846153848,DST,112.3846153846154,2.3076923076923075,0.0,377.8461538461538,0.15384615384615385,0.5384615384615384
4,2014.0,16,Nick Toon,0.0,0.25,Falcons,0.0,0.0,0.0,0.0,0.0,0.0,4.5,WR,0.0,0.25,36.75,3.25,0.0,0.0,0.0,0.0,0.5,Falcons,0.21428571428571427,0.7142857142857143,1.0,Saints,292.5,26.357142857142854,7.357142857142858,DST,117.35714285714286,1.1428571428571428,0.0,409.8571428571428,0.14285714285714285,0.5
5,2014.0,17,Nick Toon,0.0,0.2,Buccaneers,0.0,0.0,0.0,0.0,0.0,0.0,4.4,WR,0.0,0.2,38.2,3.2,0.0,0.2,0.0,0.8,0.4,Buccaneers,0.06666666666666668,0.7333333333333333,0.7333333333333333,Saints,254.4,25.8,8.866666666666667,DST,116.6,2.2666666666666666,0.0,371.0,0.2,0.5333333333333333
