,Year,Week,Name,Fumble TD,Fumbles Lost,Opponent_x,Pass 2PT,Pass Attempts,Pass Completions,Pass Interceptions,Pass TD,Pass Yards,Points_x,Position_x,Receiving 2PT,Receiving TD,Receiving Yards,Receptions,Rush 2PT,Rush Attempts,Rush TD,Rush Yards,Away Games_x,Team,Blocks,Fumble Returns,Interception,Opponent_y,Pass Yards Allowed,Point After,Points_y,Position_y,Rush Yards Allowed,Sack,Safety,Total Yards,Touchdowns,Away Games_y
0,2011.0,3,Alfonso Smith,0.0,0.0,Seahawks,0.0,0.0,0.0,0.0,0.0,0.0,7.0,RB,0.0,0.0,21.0,3.0,0.0,17.0,0.0,54.0,1.0,Seahawks,0.0,0.0,0.0,Cardinals,210.5,28.5,1.5,DST,104.5,1.0,0.0,315.0,0.0,1.0
1,2011.0,4,Alfonso Smith,0.0,0.0,Giants,0.0,0.0,0.0,0.0,0.0,0.0,7.0,RB,0.0,0.0,21.0,3.0,0.0,17.0,0.0,54.0,1.0,Giants,0.0,1.0,1.0,Cardinals,255.0,20.0,11.333333333333336,DST,103.33333333333331,2.6666666666666665,0.0,358.33333333333326,0.3333333333333333,0.6666666666666666
2,2011.0,7,Alfonso Smith,0.0,0.0,Steelers,0.0,0.0,0.0,0.0,0.0,0.0,2.6666666666666665,RB,0.0,0.0,7.0,1.0,0.0,6.666666666666668,0.0,24.0,0.6666666666666666,Steelers,0.0,0.16666666666666666,0.16666666666666666,Cardinals,157.66666666666666,17.0,9.0,DST,112.83333333333331,2.5,0.0,270.5,0.16666666666666666,0.5
3,2011.0,8,Alfonso Smith,0.0,0.0,Ravens,0.0,0.0,0.0,0.0,0.0,0.0,3.75,RB,0.0,0.0,5.25,0.75,0.0,6.25,0.25,22.25,0.5,Ravens,0.0,1.5,1.0,Cardinals,186.83333333333331,13.833333333333336,17.166666666666668,DST,85.83333333333333,3.1666666666666665,0.0,272.6666666666667,0.6666666666666666,0.5
4,2011.0,12,Alfonso Smith,0.0,0.0,Rams,0.0,0.0,0.0,0.0,0.0,0.0,3.0,RB,0.0,0.0,4.2,0.6,0.0,5.2,0.2,18.0,0.6,Rams,0.1,0.4,0.8,Cardinals,215.0,24.7,8.0,DST,148.1,2.6,0.2,363.1,0.1,0.5
5,2011.0,15,Alfonso Smith,0.0,0.0,Browns,0.0,0.0,0.0,0.0,0.0,0.0,2.6666666666666665,RB,0.0,0.0,3.5,0.5,0.0,4.833333333333333,0.16666666666666666,17.0,0.6666666666666666,Browns,0.0,0.6923076923076923,0.5384615384615384,Cardinals,180.6923076923077,19.53846153846154,7.769230769230768,DST,150.9230769230769,1.9230769230769231,0.0,331.61538461538464,0.0,0.4615384615384616
