,Year,Week,Name,Fumble TD,Fumbles Lost,Opponent_x,Pass 2PT,Pass Attempts,Pass Completions,Pass Interceptions,Pass TD,Pass Yards,Points_x,Position_x,Receiving 2PT,Receiving TD,Receiving Yards,Receptions,Rush 2PT,Rush Attempts,Rush TD,Rush Yards,Away Games_x,Team,Blocks,Fumble Returns,Interception,Opponent_y,Pass Yards Allowed,Point After,Points_y,Position_y,Rush Yards Allowed,Sack,Safety,Total Yards,Touchdowns,Away Games_y
0,2010.0,1,Justin Peelle,0.0,0.0,Steelers,0.0,0.0,0.0,0.0,0.0,0.0,1.0,TE,0.0,0.0,11.0,2.0,0.0,0.0,0.0,0.0,1.0,Steelers,0.0,0.0,1.0,Falcons,237.0,9.0,11.0,DST,58.0,2.0,0.0,295.0,0.0,0.0
1,2010.0,5,Justin Peelle,0.0,0.0,Browns,0.0,0.0,0.0,0.0,0.0,0.0,1.0,TE,0.0,0.0,11.0,2.0,0.0,0.0,0.0,0.0,1.0,Browns,0.25,0.75,0.75,Falcons,235.75,19.25,8.75,DST,108.75,2.0,0.0,344.5,0.0,0.5
2,2010.0,11,Justin Peelle,0.0,0.0,Rams,0.0,0.0,0.0,0.0,0.0,0.0,1.0,TE,0.0,0.0,13.0,1.5,0.0,0.0,0.0,0.0,1.0,Rams,0.2222222222222222,0.7777777777777778,0.8888888888888888,Falcons,228.0,18.222222222222218,11.111111111111109,DST,97.77777777777777,3.111111111111111,0.0,325.77777777777777,0.0,0.4444444444444444
3,2010.0,12,Justin Peelle,0.0,0.0,Packers,0.0,0.0,0.0,0.0,0.0,0.0,3.0,TE,0.0,0.3333333333333333,13.333333333333336,1.6666666666666667,0.0,0.0,0.0,0.0,1.0,Packers,0.0,0.6,1.5,Falcons,211.3,14.6,14.4,DST,112.1,2.9,0.0,323.4,0.4,0.5
4,2010.0,15,Justin Peelle,0.0,0.0,Seahawks,0.0,0.0,0.0,0.0,0.0,0.0,2.5,TE,0.0,0.25,13.5,1.5,0.0,0.0,0.0,0.0,0.75,Seahawks,0.15384615384615385,0.7692307692307693,0.7692307692307693,Falcons,266.0,25.30769230769231,11.538461538461537,DST,119.23076923076924,2.3846153846153846,0.07692307692307693,385.23076923076917,0.4615384615384616,0.5384615384615384
5,2010.0,16,Justin Peelle,0.0,0.0,Saints,0.0,0.0,0.0,0.0,0.0,0.0,2.2,TE,0.0,0.2,12.8,1.4,0.0,0.0,0.0,0.0,0.8,Saints,0.07142857142857142,0.8571428571428571,0.6428571428571429,Falcons,195.0,19.285714285714285,9.928571428571429,DST,117.0,2.071428571428572,0.07142857142857142,312.0,0.14285714285714285,0.5
6,2010.0,17,Justin Peelle,0.0,0.0,Panthers,0.0,0.0,0.0,0.0,0.0,0.0,2.0,TE,0.0,0.16666666666666666,12.333333333333336,1.3333333333333333,0.0,0.0,0.0,0.0,0.6666666666666666,Panthers,0.06666666666666668,0.7333333333333333,1.1333333333333333,Falcons,209.33333333333331,25.13333333333333,8.4,DST,125.46666666666668,2.0,0.06666666666666668,334.8,0.06666666666666668,0.4666666666666667
