,Year,Week,Name,Fumble TD,Fumbles Lost,Opponent,Pass 2PT,Pass Attempts,Pass Completions,Pass Interceptions,Pass TD,Pass Yards,Points,Position,Receiving 2PT,Receiving TD,Receiving Yards,Receptions,Rush 2PT,Rush Attempts,Rush TD,Rush Yards,Away Games
6031,2013.0,4,Darrel Young,0.0,0.0,Raiders,0.0,0.0,0.0,0.0,0.0,0.0,0.0,RB,0.0,0.0,4.0,1.0,0.0,0.0,0.0,0.0,1.0
6181,2013.0,6,Darrel Young,0.0,0.0,Cowboys,0.0,0.0,0.0,0.0,0.0,0.0,0.0,RB,0.0,0.0,4.0,1.0,0.0,0.0,0.0,0.0,1.0
6280,2013.0,7,Darrel Young,0.0,0.0,Bears,0.0,0.0,0.0,0.0,0.0,0.0,0.5,RB,0.0,0.0,2.0,0.5,0.0,0.5,0.0,9.5,1.0
6383,2013.0,9,Darrel Young,0.0,0.0,Chargers,0.0,0.0,0.0,0.0,0.0,0.0,0.3333333333333333,RB,0.0,0.0,1.3333333333333333,0.3333333333333333,0.0,0.6666666666666666,0.0,6.333333333333333,0.6666666666666666
6502,2013.0,10,Darrel Young,0.0,0.0,Min,0.0,0.0,0.0,0.0,0.0,0.0,5.0,RB,0.0,0.0,1.0,0.25,0.0,1.75,0.75,7.75,0.5
6526,2013.0,11,Darrel Young,0.0,0.0,Eagles,0.0,0.0,0.0,0.0,0.0,0.0,4.0,RB,0.0,0.0,0.8,0.2,0.0,1.6,0.6,6.2,0.6
6994,2013.0,16,Darrel Young,0.0,0.0,Cowboys,0.0,0.0,0.0,0.0,0.0,0.0,5.333333333333333,RB,0.0,0.16666666666666666,11.0,0.3333333333333333,0.0,1.6666666666666667,0.5,6.166666666666667,0.6666666666666666
7092,2013.0,17,Darrel Young,0.0,0.0,Giants,0.0,0.0,0.0,0.0,0.0,0.0,4.571428571428571,RB,0.0,0.14285714285714285,10.142857142857142,0.5714285714285714,0.0,1.4285714285714286,0.42857142857142855,5.285714285714286,0.5714285714285714
