,Year,Week,Name,Fumble TD,Fumbles Lost,Opponent,Pass 2PT,Pass Attempts,Pass Completions,Pass Interceptions,Pass TD,Pass Yards,Points,Position,Receiving 2PT,Receiving TD,Receiving Yards,Receptions,Rush 2PT,Rush Attempts,Rush TD,Rush Yards,Away Games
2481,2015.0,1,Rhett Ellison,0.0,0.0,49ers,0.0,0.0,0.0,0.0,0.0,0.0,0.0,TE,0.0,0.0,3.0,1.0,0.0,0.0,0.0,0.0,1.0
2708,2015.0,6,Rhett Ellison,0.0,0.0,Chiefs,0.0,0.0,0.0,0.0,0.0,0.0,0.0,TE,0.0,0.0,3.0,1.0,0.0,0.0,0.0,0.0,1.0
2848,2015.0,9,Rhett Ellison,0.0,0.0,Rams,0.0,0.0,0.0,0.0,0.0,0.0,0.5,TE,0.0,0.0,7.0,1.0,0.0,0.0,0.0,0.0,0.5
2874,2015.0,10,Rhett Ellison,0.0,0.0,Raiders,0.0,0.0,0.0,0.0,0.0,0.0,0.6666666666666666,TE,0.0,0.0,8.333333333333334,1.3333333333333333,0.0,0.0,0.0,0.0,0.3333333333333333
2948,2015.0,11,Rhett Ellison,0.0,0.0,Packers,0.0,0.0,0.0,0.0,0.0,0.0,2.25,TE,0.0,0.25,10.75,1.5,0.0,0.0,0.0,0.0,0.5
3000,2015.0,12,Rhett Ellison,0.0,0.0,Falcons,0.0,0.0,0.0,0.0,0.0,0.0,2.0,TE,0.0,0.2,12.4,1.6,0.0,0.0,0.0,0.0,0.4
3105,2015.0,14,Rhett Ellison,0.0,0.0,Cardinals,0.0,0.0,0.0,0.0,0.0,0.0,2.0,TE,0.0,0.16666666666666666,14.166666666666666,1.5,0.0,0.0,0.0,0.0,0.5
3293,2015.0,17,Rhett Ellison,0.0,0.0,Packers,0.0,0.0,0.0,0.0,0.0,0.0,2.2857142857142856,TE,0.0,0.14285714285714285,18.0,1.4285714285714286,0.0,0.0,0.0,0.0,0.5714285714285714
