,Unnamed: 0,Unnamed: 0.1,Fumble TD,Fumbles Lost,Name,Opponent,Pass 2PT,Pass Attempts,Pass Completions,Pass Interceptions,Pass TD,Pass Yards,Points,Position,Receiving 2PT,Receiving TD,Receiving Yards,Receptions,Rush 2PT,Rush Attempts,Rush TD,Rush Yards,Week,Year
1,1,1.0,0.0,0.0,Jesse James,Browns,0.0,0.0,0.0,0.0,0.0,0.0,16.0,TE,0.0,2.0,41.0,6.0,0.0,0.0,0.0,0.0,1,2017.0
73,73,1.0,0.0,0.0,Jesse James,Steelers,0.0,0.0,0.0,0.0,0.0,0.0,16.0,TE,0.0,2.0,41.0,6.0,0.0,0.0,0.0,0.0,2,2017.0
127,127,37.0,0.0,0.0,Jesse James,Bears,0.0,0.0,0.0,0.0,0.0,0.0,9.0,TE,0.0,1.0,34.0,5.0,0.0,0.0,0.0,0.0,3,2017.0
174,174,67.0,0.0,0.0,Jesse James,Ravens,0.0,0.0,0.0,0.0,0.0,0.0,6.333333333333333,TE,0.0,0.6666666666666666,29.0,4.0,0.0,0.0,0.0,0.0,4,2017.0
231,231,93.75,0.0,0.0,Jesse James,Steelers,0.0,0.0,0.0,0.0,0.0,0.0,5.75,TE,0.0,0.5,31.75,3.75,0.0,0.0,0.0,0.0,5,2017.0
367,367,121.2,0.0,0.0,Jesse James,Lions,0.0,0.0,0.0,0.0,0.0,0.0,5.0,TE,0.0,0.4,30.2,3.6,0.0,0.0,0.0,0.0,8,2017.0
494,494,162.16666666666666,0.0,0.0,Jesse James,Steelers,0.0,0.0,0.0,0.0,0.0,0.0,4.833333333333333,TE,0.0,0.3333333333333333,32.166666666666664,3.3333333333333335,0.0,0.0,0.0,0.0,11,2017.0
557,557,209.57142857142858,0.0,0.0,Jesse James,Steelers,0.0,0.0,0.0,0.0,0.0,0.0,5.285714285714286,TE,0.0,0.42857142857142855,30.571428571428573,3.5714285714285716,0.0,0.0,0.0,0.0,12,2017.0
625,625,253.0,0.0,0.0,Jesse James,Bengals,0.0,0.0,0.0,0.0,0.0,0.0,5.0,TE,0.0,0.375,30.75,3.5,0.0,0.0,0.0,0.0,13,2017.0
