,Unnamed: 0.1_x,Unnamed: 0.1.1_x,Fumble TD,Fumbles Lost,Name,Opponent_x,Pass 2PT,Pass Attempts,Pass Completions,Pass Interceptions,Pass TD,Pass Yards,Points_x,Position_x,Receiving 2PT,Receiving TD,Receiving Yards,Receptions,Rush 2PT,Rush Attempts,Rush TD,Rush Yards,Week,Year,Unnamed: 0.1_y,Unnamed: 0.1.1_y,Blocks,Fumble Returns,Interception,Opponent_y,Pass Yards Allowed,Point After,Points_y,Position_y,Rush Yards Allowed,Sack,Safety,Team,Total Yards,Touchdowns
0,621,621.0,0.0,0.0,Jordan Taylor,Broncos,0.0,0.0,0.0,0.0,0.0,0.0,2.0,WR,0.0,0.0,26.0,3.0,0.0,0.0,0.0,0.0,6,2017.0,174,58.75,0.25,0.0,1.0,Giants,210.0,18.5,9.75,DST,50.75,2.5,0.0,Broncos,260.75,0.25
1,762,621.0,0.0,0.0,Jordan Taylor,Chargers,0.0,0.0,0.0,0.0,0.0,0.0,2.0,WR,0.0,0.0,26.0,3.0,0.0,0.0,0.0,0.0,7,2017.0,183,95.0,0.0,0.3333333333333333,0.6666666666666666,Broncos,186.0,21.83333333333333,7.0,DST,152.5,3.0,0.0,Chargers,338.5,0.0
2,847,691.5,0.0,0.0,Jordan Taylor,Chiefs,0.0,0.0,0.0,0.0,0.0,0.0,1.0,WR,0.0,0.0,16.5,2.0,0.0,0.0,0.0,0.0,8,2017.0,213,105.85714285714286,0.14285714285714285,0.42857142857142855,0.7142857142857143,Broncos,271.7142857142857,23.0,9.285714285714286,DST,124.57142857142857,2.142857142857143,0.0,Chiefs,396.28571428571433,0.2857142857142857
3,1145,743.3333333333335,0.0,0.0,Jordan Taylor,Broncos,0.0,0.0,0.0,0.0,0.0,0.0,0.6666666666666666,WR,0.0,0.0,13.666666666666664,1.6666666666666667,0.0,0.0,0.0,0.0,11,2017.0,306,153.0,0.2222222222222222,0.2222222222222222,0.5555555555555556,Bengals,204.0,26.555555555555557,7.222222222222222,DST,89.55555555555556,2.2222222222222223,0.0,Broncos,293.5555555555556,0.2222222222222222
