,Year,Week,Name,Fumble TD,Fumbles Lost,Opponent_x,Pass 2PT,Pass Attempts,Pass Completions,Pass Interceptions,Pass TD,Pass Yards,Points_x,Position_x,Receiving 2PT,Receiving TD,Receiving Yards,Receptions,Rush 2PT,Rush Attempts,Rush TD,Rush Yards,Away Games_x,Team,Blocks,Fumble Returns,Interception,Opponent_y,Pass Yards Allowed,Point After,Points_y,Position_y,Rush Yards Allowed,Sack,Safety,Total Yards,Touchdowns,Away Games_y
0,2013.0,15,Edwin Baker,0.0,0.0,Bears,0.0,0.0,0.0,0.0,0.0,0.0,13.0,RB,0.0,0.0,46.0,4.0,0.0,8.0,1.0,38.0,0.0,Bears,0.0,0.6153846153846154,1.1538461538461535,Browns,224.53846153846158,27.69230769230769,9.384615384615383,DST,157.0,2.0,0.0,381.5384615384616,0.4615384615384616,0.4615384615384616
1,2013.0,16,Edwin Baker,0.0,0.0,Jets,0.0,0.0,0.0,0.0,0.0,0.0,13.0,RB,0.0,0.0,46.0,4.0,0.0,8.0,1.0,38.0,0.0,Jets,0.07142857142857142,0.14285714285714285,0.5714285714285714,Browns,255.35714285714286,26.214285714285715,7.428571428571429,DST,86.07142857142857,2.7142857142857144,0.07142857142857142,341.42857142857144,0.14285714285714285,0.5
2,2013.0,17,Edwin Baker,0.0,0.0,Steelers,0.0,0.0,0.0,0.0,0.0,0.0,13.0,RB,0.0,0.0,29.0,3.0,0.0,12.5,1.0,51.0,0.5,Steelers,0.06666666666666668,0.6,0.6,Browns,222.13333333333333,24.2,9.2,DST,118.0,2.066666666666667,0.06666666666666668,340.1333333333333,0.26666666666666666,0.5333333333333333
3,2014.0,9,Edwin Baker,0.0,0.0,Panthers,0.0,0.0,0.0,0.0,0.0,0.0,0.0,RB,0.0,0.0,0.0,0.0,0.0,1.0,0.0,2.0,1.0,Panthers,0.0,0.75,1.0,Saints,243.25,26.0,8.625,DST,135.25,2.0,0.0,378.5,0.125,0.5
