,Year,Week,Name,Fumble TD,Fumbles Lost,Opponent_x,Pass 2PT,Pass Attempts,Pass Completions,Pass Interceptions,Pass TD,Pass Yards,Points_x,Position_x,Receiving 2PT,Receiving TD,Receiving Yards,Receptions,Rush 2PT,Rush Attempts,Rush TD,Rush Yards,Away Games_x,Team,Blocks,Fumble Returns,Interception,Opponent_y,Pass Yards Allowed,Point After,Points_y,Position_y,Rush Yards Allowed,Sack,Safety,Total Yards,Touchdowns,Away Games_y
0,2015.0,1,Marshawn Lynch,0.0,0.0,Rams,0.0,0.0,0.0,0.0,0.0,0.0,12.0,RB,0.0,0.0,31.0,5.0,1.0,18.0,0.0,73.0,1.0,Rams,0.0,0.0,1.0,Seahawks,219.0,31.0,14.0,DST,124.0,6.0,0.0,343.0,1.0,0.0
1,2015.0,2,Marshawn Lynch,0.0,0.0,Packers,0.0,0.0,0.0,0.0,0.0,0.0,12.0,RB,0.0,0.0,31.0,5.0,1.0,18.0,0.0,73.0,1.0,Packers,0.0,0.0,1.0,Seahawks,213.0,23.0,5.0,DST,189.0,2.0,0.0,402.0,0.0,1.0
2,2015.0,3,Marshawn Lynch,0.0,0.0,Bears,0.0,0.0,0.0,0.0,0.0,0.0,9.0,RB,0.0,0.0,26.0,4.0,0.5,16.5,0.0,57.0,1.0,Bears,0.0,0.5,0.5,Seahawks,187.0,39.5,2.0,DST,124.0,0.0,0.0,311.0,0.0,0.0
3,2015.0,6,Marshawn Lynch,0.0,0.0,Panthers,0.0,0.0,0.0,0.0,0.0,0.0,6.333333333333332,RB,0.0,0.0,20.33333333333333,3.0,0.3333333333333333,12.666666666666664,0.0,42.66666666666666,0.6666666666666666,Panthers,0.0,0.75,2.0,Seahawks,247.0,17.75,15.5,DST,92.0,2.25,0.0,339.0,0.75,0.5
4,2015.0,7,Marshawn Lynch,0.0,0.0,49ers,0.0,0.0,0.0,0.0,0.0,0.0,7.5,RB,0.0,0.0,15.25,2.5,0.25,13.75,0.25,45.5,0.5,49ers,0.0,0.0,0.8333333333333334,Seahawks,306.1666666666667,26.66666666666667,6.166666666666668,DST,102.83333333333331,1.5,0.0,409.0,0.0,0.5
5,2015.0,8,Marshawn Lynch,0.0,0.0,Cowboys,0.0,0.0,0.0,0.0,0.0,0.0,9.6,RB,0.0,0.0,12.2,2.0,0.2,16.4,0.4,60.8,0.6,Cowboys,0.16666666666666666,0.16666666666666666,0.3333333333333333,Seahawks,237.33333333333331,26.33333333333333,6.166666666666668,DST,101.33333333333331,2.1666666666666665,0.0,338.6666666666667,0.16666666666666666,0.5
6,2015.0,10,Marshawn Lynch,0.0,0.0,Cardinals,0.0,0.0,0.0,0.0,0.0,0.0,9.333333333333334,RB,0.0,0.0,12.0,2.0,0.16666666666666666,17.166666666666668,0.3333333333333333,62.5,0.6666666666666666,Cardinals,0.0,0.5,1.625,Seahawks,222.625,19.125,12.375,DST,90.125,1.625,0.125,312.75,0.5,0.5
