,Year,Week,Name,Fumble TD,Fumbles Lost,Opponent_x,Pass 2PT,Pass Attempts,Pass Completions,Pass Interceptions,Pass TD,Pass Yards,Points_x,Position_x,Receiving 2PT,Receiving TD,Receiving Yards,Receptions,Rush 2PT,Rush Attempts,Rush TD,Rush Yards,Away Games_x,Team,Blocks,Fumble Returns,Interception,Opponent_y,Pass Yards Allowed,Point After,Points_y,Position_y,Rush Yards Allowed,Sack,Safety,Total Yards,Touchdowns,Away Games_y
0,2012.0,11,Dwayne Harris,0.0,0.0,Browns,0.0,0.0,0.0,0.0,0.0,0.0,2.0,WR,0.0,0.0,20.0,3.0,0.0,0.0,0.0,0.0,0.0,Browns,0.0,0.6666666666666666,1.1111111111111112,Cowboys,247.88888888888889,23.444444444444446,9.555555555555557,DST,132.22222222222223,2.2222222222222223,0.0,380.11111111111114,0.2222222222222222,0.4444444444444444
1,2012.0,12,Dwayne Harris,0.0,0.0,Redskins,0.0,0.0,0.0,0.0,0.0,0.0,2.0,WR,0.0,0.0,20.0,3.0,0.0,0.0,0.0,0.0,0.0,Redskins,0.0,0.6,1.2,Cowboys,289.2,25.4,10.0,DST,94.6,1.8,0.0,383.8,0.5,0.5
2,2012.0,13,Dwayne Harris,0.0,0.0,Eagles,0.0,0.0,0.0,0.0,0.0,0.0,4.5,WR,0.0,0.0,45.5,3.5,0.0,0.0,0.0,0.0,0.0,Eagles,0.09090909090909093,0.2727272727272727,0.6363636363636364,Cowboys,228.0909090909091,25.63636363636364,5.0,DST,117.45454545454544,1.6363636363636365,0.0,345.54545454545456,0.0,0.4545454545454545
3,2012.0,14,Dwayne Harris,0.0,0.0,Bengals,0.0,0.0,0.0,0.0,0.0,0.0,3.333333333333333,WR,0.0,0.0,34.0,2.6666666666666665,0.0,0.0,0.0,0.0,0.0,Bengals,0.0,0.9166666666666666,0.75,Cowboys,221.08333333333331,21.66666666666667,10.75,DST,110.25,3.25,0.0,331.3333333333333,0.08333333333333333,0.5
4,2012.0,15,Dwayne Harris,0.0,0.0,Steelers,0.0,0.0,0.0,0.0,0.0,0.0,3.25,WR,0.0,0.0,33.75,2.75,0.0,0.0,0.0,0.0,0.25,Steelers,0.07692307692307693,0.38461538461538464,0.5384615384615384,Cowboys,169.23076923076925,20.30769230769231,8.23076923076923,DST,93.15384615384615,2.0,0.0,262.38461538461536,0.07692307692307693,0.5384615384615384
5,2012.0,16,Dwayne Harris,0.0,0.0,Saints,0.0,0.0,0.0,0.0,0.0,0.0,3.4,WR,0.0,0.0,36.2,3.0,0.0,0.0,0.0,0.0,0.2,Saints,0.14285714285714285,0.7142857142857143,1.0,Cowboys,287.0,27.07142857142857,9.142857142857142,DST,146.28571428571428,1.9285714285714288,0.0,433.28571428571433,0.2857142857142857,0.5
6,2012.0,17,Dwayne Harris,0.0,0.0,Redskins,0.0,0.0,0.0,0.0,0.0,0.0,4.0,WR,0.0,0.16666666666666666,32.833333333333336,2.6666666666666665,0.0,0.0,0.0,0.0,0.16666666666666666,Redskins,0.0,0.6,1.2,Cowboys,287.6666666666667,24.66666666666667,9.666666666666666,DST,95.46666666666668,2.0,0.0,383.13333333333327,0.4,0.5333333333333333
