,Unnamed: 0.1,50+,FGA,FGM,Name,Opponent_x,Points_x,Position_x,Week,XPA,XPM,Year,Away Games_x,Team,Blocks,Fumble Returns,Interception,Opponent_y,Pass Yards Allowed,Point After,Points_y,Position_y,Rush Yards Allowed,Sack,Safety,Total Yards,Touchdowns,Away Games_y
0,462.0,0.0,0.0,0.0,Johnny Hekker,Seahawks,0.0,K,15,0.0,0.0,2016.0,1.0,Seahawks,0.2307692307692308,0.38461538461538464,0.8461538461538461,LA,231.46153846153842,17.846153846153847,9.923076923076923,DST,98.76923076923076,2.4615384615384617,0.07692307692307693,330.23076923076917,0.07692307692307693,0.5384615384615384
1,462.0,0.0,0.0,0.0,Johnny Hekker,Cardinals,0.0,K,17,0.0,0.0,2016.0,1.0,Cardinals,0.13333333333333333,0.8666666666666667,0.8,LA,219.6,23.73333333333333,10.0,DST,97.73333333333332,2.7333333333333334,0.13333333333333333,317.3333333333333,0.13333333333333333,0.4666666666666667
