,Unnamed: 0.1,50+,FGA,FGM,Name,Opponent_x,Points_x,Position_x,Week,XPA,XPM,Year,Away Games_x,Team,Blocks,Fumble Returns,Interception,Opponent_y,Pass Yards Allowed,Point After,Points_y,Position_y,Rush Yards Allowed,Sack,Safety,Total Yards,Touchdowns,Away Games_y
0,2.0,0.0,4.0,4.0,Billy Cundiff,Saints,16.0,K,1,4.0,4.0,2012.0,1.0,Saints,1.0,0.0,0.0,Redskins,306.0,40.0,10.0,DST,153.0,2.0,0.0,459.0,1.0,0.0
1,2.0,0.0,4.0,4.0,Billy Cundiff,Rams,16.0,K,2,4.0,4.0,2012.0,1.0,Rams,0.0,0.0,3.0,Redskins,346.0,27.0,14.0,DST,83.0,1.0,0.0,429.0,1.0,1.0
2,31.5,0.0,2.5,2.0,Billy Cundiff,Bengals,10.0,K,3,4.0,4.0,2012.0,1.0,Bengals,0.0,0.5,0.0,Redskins,308.5,35.5,7.0,DST,126.0,2.5,0.0,434.5,0.5,0.5
3,49.33333333333334,0.0,2.0,1.6666666666666667,Billy Cundiff,Buccaneers,9.0,K,4,4.0,4.0,2012.0,0.6666666666666666,Buccaneers,0.3333333333333333,0.6666666666666666,2.0,Redskins,353.33333333333326,22.33333333333333,14.0,DST,47.33333333333334,2.333333333333333,0.0,400.66666666666674,0.3333333333333333,0.6666666666666666
4,66.75,0.0,2.5,1.5,Billy Cundiff,Falcons,8.25,K,5,3.75,3.75,2012.0,0.75,Falcons,0.0,1.25,1.75,Redskins,207.0,19.0,11.5,DST,146.25,2.5,0.0,353.25,0.0,0.5
