,Year,Week,Name,Fumble TD,Fumbles Lost,Opponent,Pass 2PT,Pass Attempts,Pass Completions,Pass Interceptions,Pass TD,Pass Yards,Points,Position,Receiving 2PT,Receiving TD,Receiving Yards,Receptions,Rush 2PT,Rush Attempts,Rush TD,Rush Yards,Away Games
5593,2013.0,3,Justin Hunter,0.0,0.0,Chargers,0.0,0.0,0.0,0.0,0.0,0.0,9.0,WR,0.0,1.0,34.0,1.0,0.0,0.0,0.0,0.0,0.0
5710,2013.0,4,Justin Hunter,0.0,0.0,Jets,0.0,0.0,0.0,0.0,0.0,0.0,9.0,WR,0.0,1.0,34.0,1.0,0.0,0.0,0.0,0.0,0.0
5985,2013.0,6,Justin Hunter,0.0,0.0,Seahawks,0.0,0.0,0.0,0.0,0.0,0.0,8.0,WR,0.0,1.0,25.0,1.0,0.0,0.0,0.0,0.0,0.0
6270,2013.0,9,Justin Hunter,0.0,0.0,Rams,0.0,0.0,0.0,0.0,0.0,0.0,5.333333333333333,WR,0.0,0.6666666666666666,19.333333333333332,1.0,0.0,0.0,0.0,0.0,0.3333333333333333
6322,2013.0,10,Justin Hunter,0.0,0.0,Jaguars,0.0,0.0,0.0,0.0,0.0,0.0,4.25,WR,0.0,0.5,17.75,1.25,0.0,0.0,0.0,0.0,0.5
6499,2013.0,12,Justin Hunter,0.0,0.0,Raiders,0.0,0.0,0.0,0.0,0.0,0.0,4.4,WR,0.0,0.4,24.4,1.4,0.0,0.0,0.0,0.0,0.4
6691,2013.0,13,Justin Hunter,0.0,0.0,Colts,0.0,0.0,0.0,0.0,0.0,0.0,6.333333333333333,WR,0.0,0.5,38.5,2.1666666666666665,0.0,0.0,0.0,0.0,0.5
6706,2013.0,14,Justin Hunter,0.0,0.0,Broncos,0.0,0.0,0.0,0.0,0.0,0.0,5.428571428571429,WR,0.0,0.42857142857142855,34.285714285714285,2.0,0.0,0.0,0.0,0.0,0.5714285714285714
