,Year,Week,Name,Fumble TD,Fumbles Lost,Opponent_x,Pass 2PT,Pass Attempts,Pass Completions,Pass Interceptions,Pass TD,Pass Yards,Points_x,Position_x,Receiving 2PT,Receiving TD,Receiving Yards,Receptions,Rush 2PT,Rush Attempts,Rush TD,Rush Yards,Away Games_x,Team,Blocks,Fumble Returns,Interception,Opponent_y,Pass Yards Allowed,Point After,Points_y,Position_y,Rush Yards Allowed,Sack,Safety,Total Yards,Touchdowns,Away Games_y
0,2014.0,7,Jerome Felton,0.0,0.0,Bills,0.0,0.0,0.0,0.0,0.0,0.0,2.0,RB,0.0,0.0,0.0,0.0,0.0,2.0,0.0,21.0,1.0,Bills,0.16666666666666666,0.6666666666666666,1.0,Min,269.1666666666667,21.0,10.666666666666666,DST,67.5,3.1666666666666665,0.0,336.6666666666667,0.16666666666666666,0.5
1,2014.0,11,Jerome Felton,0.0,0.0,Bears,0.0,0.0,0.0,0.0,0.0,0.0,2.0,RB,0.0,0.0,0.0,0.0,0.0,2.0,0.0,21.0,1.0,Bears,0.2222222222222222,0.5555555555555556,0.8888888888888888,Min,268.5555555555556,30.777777777777782,8.777777777777779,DST,112.66666666666669,2.2222222222222223,0.0,381.22222222222223,0.2222222222222222,0.6666666666666666
2,2014.0,17,Jerome Felton,0.0,0.0,Bears,0.0,0.0,0.0,0.0,0.0,0.0,1.0,RB,0.0,0.0,0.0,0.0,0.0,1.5,0.0,12.0,1.0,Bears,0.2,0.6666666666666666,0.8666666666666667,Min,269.3333333333333,28.6,9.0,DST,112.13333333333334,2.4,0.0,381.4666666666666,0.13333333333333333,0.4666666666666667
