,Year,Week,Name,Fumble TD,Fumbles Lost,Opponent_x,Pass 2PT,Pass Attempts,Pass Completions,Pass Interceptions,Pass TD,Pass Yards,Points_x,Position_x,Receiving 2PT,Receiving TD,Receiving Yards,Receptions,Rush 2PT,Rush Attempts,Rush TD,Rush Yards,Away Games_x,Team,Blocks,Fumble Returns,Interception,Opponent_y,Pass Yards Allowed,Point After,Points_y,Position_y,Rush Yards Allowed,Sack,Safety,Total Yards,Touchdowns,Away Games_y
0,2011.0,9,Louis Murphy,0.0,0.0,Broncos,0.0,0.0,0.0,0.0,0.0,0.0,2.0,WR,0.0,0.0,23.0,1.0,0.0,0.0,0.0,0.0,0.0,Broncos,0.0,0.7142857142857143,0.42857142857142855,Raiders,249.7142857142857,28.57142857142857,8.0,DST,117.71428571428572,2.571428571428572,0.0,367.4285714285714,0.2857142857142857,0.42857142857142855
1,2011.0,12,Louis Murphy,0.0,0.0,Bears,0.0,0.0,0.0,0.0,0.0,0.0,2.0,WR,0.0,0.0,23.0,1.0,0.0,0.0,0.0,0.0,0.0,Bears,0.1,0.8,1.5,Raiders,270.7,20.7,14.2,DST,101.2,1.8,0.1,371.9,0.7,0.4
2,2011.0,13,Louis Murphy,0.0,0.0,Dolphins,0.0,0.0,0.0,0.0,0.0,0.0,3.5,WR,0.0,0.0,38.0,1.5,0.0,0.0,0.0,0.0,0.0,Dolphins,0.09090909090909093,0.18181818181818185,0.7272727272727273,Raiders,248.0909090909091,18.727272727272727,8.818181818181818,DST,97.45454545454544,2.363636363636364,0.0,345.54545454545456,0.09090909090909093,0.5454545454545454
3,2011.0,14,Louis Murphy,0.0,0.0,Packers,0.0,0.0,0.0,0.0,0.0,0.0,3.0,WR,0.0,0.0,30.33333333333333,1.6666666666666667,0.0,0.6666666666666666,0.0,5.333333333333333,0.3333333333333333,Packers,0.0,0.3333333333333333,1.9166666666666667,Raiders,292.75,21.83333333333333,12.416666666666664,DST,105.08333333333331,2.1666666666666665,0.0,397.83333333333326,0.5,0.5833333333333334
4,2011.0,15,Louis Murphy,0.0,0.0,Lions,0.0,0.0,0.0,0.0,0.0,0.0,4.25,WR,0.0,0.0,40.25,2.25,0.0,0.75,0.0,6.5,0.5,Lions,0.0,0.8461538461538461,1.3846153846153846,Raiders,209.0769230769231,23.461538461538463,12.384615384615385,DST,136.0769230769231,2.6923076923076925,0.0,345.15384615384613,0.4615384615384616,0.4615384615384616
5,2011.0,17,Louis Murphy,0.0,0.0,Chargers,0.0,0.0,0.0,0.0,0.0,0.0,4.8,WR,0.0,0.0,33.8,2.0,0.0,1.0,0.2,8.4,0.4,Chargers,0.0,0.26666666666666666,1.0666666666666669,Raiders,211.6,23.4,7.933333333333334,DST,123.46666666666668,2.1333333333333333,0.0,335.06666666666666,0.13333333333333333,0.4666666666666667
