,Year,Week,Name,Fumble TD,Fumbles Lost,Opponent_x,Pass 2PT,Pass Attempts,Pass Completions,Pass Interceptions,Pass TD,Pass Yards,Points_x,Position_x,Receiving 2PT,Receiving TD,Receiving Yards,Receptions,Rush 2PT,Rush Attempts,Rush TD,Rush Yards,Away Games_x,Team,Blocks,Fumble Returns,Interception,Opponent_y,Pass Yards Allowed,Point After,Points_y,Position_y,Rush Yards Allowed,Sack,Safety,Total Yards,Touchdowns,Away Games_y
0,2013.0,3,Will Johnson,0.0,0.0,Bears,0.0,0.0,0.0,0.0,0.0,0.0,0.0,RB,0.0,0.0,5.0,1.0,0.0,0.0,0.0,0.0,0.0,Bears,0.0,1.5,1.5,Steelers,252.0,25.5,10.5,DST,93.0,1.0,0.0,345.0,0.5,0.0
1,2013.0,6,Will Johnson,0.0,0.0,Jets,0.0,0.0,0.0,0.0,0.0,0.0,0.0,RB,0.0,0.0,5.0,1.0,0.0,0.0,0.0,0.0,0.0,Jets,0.0,0.4,0.2,Steelers,222.8,23.2,7.8,DST,76.2,3.2,0.2,299.0,0.0,0.6
2,2013.0,11,Will Johnson,0.0,0.0,Lions,0.0,0.0,0.0,0.0,0.0,0.0,0.0,RB,0.0,0.0,3.5,1.5,0.0,0.0,0.0,0.0,0.5,Lions,0.0,0.3333333333333333,1.2222222222222223,Steelers,275.5555555555556,24.0,7.888888888888888,DST,100.66666666666669,1.6666666666666667,0.0,376.22222222222223,0.2222222222222222,0.5555555555555556
3,2013.0,12,Will Johnson,0.0,0.0,Browns,0.0,0.0,0.0,0.0,0.0,0.0,2.0,RB,0.0,0.3333333333333333,2.6666666666666665,1.3333333333333333,0.0,0.0,0.0,0.0,0.3333333333333333,Browns,0.0,0.5,0.8,Steelers,207.5,23.8,9.7,DST,99.0,3.1,0.0,306.5,0.3,0.5
4,2013.0,14,Will Johnson,0.0,0.0,Dolphins,0.0,0.0,0.0,0.0,0.0,0.0,1.5,RB,0.0,0.25,4.25,1.25,0.0,0.0,0.0,0.0,0.5,Dolphins,0.08333333333333333,0.4166666666666667,1.3333333333333333,Steelers,221.66666666666663,20.666666666666668,11.083333333333336,DST,121.75,3.083333333333333,0.08333333333333333,343.4166666666667,0.16666666666666666,0.5
5,2013.0,16,Will Johnson,0.0,0.0,Packers,0.0,0.0,0.0,0.0,0.0,0.0,1.2,RB,0.0,0.2,5.2,1.2,0.0,0.0,0.0,0.0,0.4,Packers,0.14285714285714285,0.6428571428571429,0.6428571428571429,Steelers,252.85714285714286,25.857142857142854,9.071428571428571,DST,123.42857142857143,3.0,0.0,376.28571428571433,0.21428571428571427,0.5
6,2013.0,17,Will Johnson,0.0,0.0,Browns,0.0,0.0,0.0,0.0,0.0,0.0,1.0,RB,0.0,0.16666666666666666,5.333333333333333,1.1666666666666667,0.0,0.0,0.0,0.0,0.5,Browns,0.0,0.4666666666666667,0.8,Steelers,224.4,25.73333333333333,8.8,DST,110.73333333333332,2.6,0.0,335.1333333333333,0.3333333333333333,0.4666666666666667
