,Year,Week,Name,Fumble TD,Fumbles Lost,Opponent,Pass 2PT,Pass Attempts,Pass Completions,Pass Interceptions,Pass TD,Pass Yards,Points,Position,Receiving 2PT,Receiving TD,Receiving Yards,Receptions,Rush 2PT,Rush Attempts,Rush TD,Rush Yards,Away Games
2851,2010.0,1,Joseph Addai,0.0,0.0,Texans,0.0,0.0,0.0,0.0,0.0,0.0,6.0,RB,0.0,0.0,29.0,6.0,0.0,10.0,0.0,44.0,1.0
2925,2010.0,2,Joseph Addai,0.0,0.0,Giants,0.0,0.0,0.0,0.0,0.0,0.0,6.0,RB,0.0,0.0,29.0,6.0,0.0,10.0,0.0,44.0,1.0
3058,2010.0,3,Joseph Addai,0.0,0.0,Broncos,0.0,0.0,0.0,0.0,0.0,0.0,8.5,RB,0.0,0.0,25.0,4.0,0.0,15.0,0.0,68.0,0.5
3104,2010.0,4,Joseph Addai,0.0,0.0,Jaguars,0.0,0.0,0.0,0.0,0.0,0.0,6.666666666666667,RB,0.0,0.0,20.0,3.3333333333333335,0.0,14.333333333333334,0.0,55.0,0.6666666666666666
3203,2010.0,5,Joseph Addai,0.0,0.0,Chiefs,0.0,0.0,0.0,0.0,0.0,0.0,9.75,RB,0.0,0.0,19.75,3.25,0.0,14.75,0.5,57.0,0.75
3260,2010.0,6,Joseph Addai,0.0,0.0,Redskins,0.0,0.0,0.0,0.0,0.0,0.0,9.4,RB,0.0,0.0,23.6,3.6,0.0,15.2,0.4,55.6,0.6
4097,2010.0,16,Joseph Addai,0.0,0.16666666666666666,Raiders,0.0,0.0,0.0,0.0,0.0,0.0,10.666666666666666,RB,0.0,0.0,19.666666666666668,3.0,0.0,15.5,0.5,67.66666666666667,0.6666666666666666
4207,2010.0,17,Joseph Addai,0.0,0.14285714285714285,Titans,0.0,0.0,0.0,0.0,0.0,0.0,10.571428571428571,RB,0.0,0.0,17.714285714285715,2.7142857142857144,0.0,15.0,0.5714285714285714,64.42857142857143,0.7142857142857143
