,Year,Week,Name,Fumble TD,Fumbles Lost,Opponent_x,Pass 2PT,Pass Attempts,Pass Completions,Pass Interceptions,Pass TD,Pass Yards,Points_x,Position_x,Receiving 2PT,Receiving TD,Receiving Yards,Receptions,Rush 2PT,Rush Attempts,Rush TD,Rush Yards,Away Games_x,Team,Blocks,Fumble Returns,Interception,Opponent_y,Pass Yards Allowed,Point After,Points_y,Position_y,Rush Yards Allowed,Sack,Safety,Total Yards,Touchdowns,Away Games_y
0,2015.0,1,Jim Dray,0.0,0.0,Jets,0.0,0.0,0.0,0.0,0.0,0.0,1.0,TE,0.0,0.0,13.0,1.0,0.0,0.0,0.0,0.0,1.0,Jets,0.0,4.0,1.0,Browns,217.0,10.0,20.0,DST,104.0,3.0,0.0,321.0,0.0,0.0
1,2015.0,5,Jim Dray,0.0,0.0,Ravens,0.0,0.0,0.0,0.0,0.0,0.0,1.0,TE,0.0,0.0,13.0,1.0,0.0,0.0,0.0,0.0,1.0,Ravens,0.0,0.25,0.75,Browns,242.25,26.0,9.75,DST,104.75,2.75,0.0,347.0,0.5,0.75
2,2015.0,7,Jim Dray,0.0,0.0,Rams,0.0,0.0,0.0,0.0,0.0,0.0,0.5,TE,0.0,0.0,10.0,1.0,0.0,0.0,0.0,0.0,1.0,Rams,0.0,0.8,1.0,Browns,235.4,22.6,10.6,DST,113.4,3.8,0.0,348.8,0.2,0.6
3,2015.0,9,Jim Dray,0.0,0.0,Bengals,0.0,0.0,0.0,0.0,0.0,0.0,0.6666666666666666,TE,0.0,0.0,10.0,1.3333333333333333,0.0,0.0,0.0,0.0,1.0,Bengals,0.0,0.5714285714285714,1.1428571428571428,Browns,258.42857142857144,18.857142857142858,9.428571428571429,DST,110.14285714285714,2.8571428571428568,0.0,368.57142857142856,0.0,0.5714285714285714
4,2015.0,16,Jim Dray,0.0,0.0,Chiefs,0.0,0.0,0.0,0.0,0.0,0.0,0.75,TE,0.0,0.0,10.75,1.25,0.0,0.0,0.0,0.0,1.0,Chiefs,0.0,0.5,1.4285714285714286,Browns,243.2142857142857,18.357142857142858,13.785714285714285,DST,92.21428571428572,2.9285714285714284,0.0,335.42857142857144,0.42857142857142855,0.5714285714285714
