,Unnamed: 0.1_x,Unnamed: 0.1.1_x,50+,FGA,FGM,Name,Opponent_x,Points_x,Position_x,Week,XPA,XPM,Year,Unnamed: 0.1_y,Unnamed: 0.1.1_y,Blocks,Fumble Returns,Interception,Opponent_y,Pass Yards Allowed,Point After,Points_y,Position_y,Rush Yards Allowed,Sack,Safety,Team,Total Yards,Touchdowns
0,199,199.0,0.0,2.0,2.0,Josh Lambo,Colts,9.0,K,7,3.0,3.0,2017.0,200,95.33333333333331,0.0,0.16666666666666666,1.1666666666666667,Jaguars,295.8333333333333,32.5,6.833333333333332,DST,114.16666666666669,2.0,0.16666666666666666,Colts,410.0,0.16666666666666666
1,244,199.0,0.0,2.0,2.0,Josh Lambo,Jaguars,9.0,K,9,3.0,3.0,2017.0,241,100.85714285714286,0.0,0.8571428571428571,1.4285714285714286,Bengals,161.71428571428572,15.714285714285715,17.428571428571427,DST,138.57142857142858,4.714285714285714,0.0,Jaguars,300.2857142857143,0.5714285714285714
2,286,221.5,0.5,2.5,2.5,Josh Lambo,Jaguars,11.0,K,10,2.5,2.5,2017.0,277,118.375,0.0,0.75,1.25,Chargers,156.375,14.625,17.125,DST,124.875,4.375,0.0,Jaguars,281.25,0.625
3,312,243.0,0.3333333333333333,2.333333333333333,2.333333333333333,Josh Lambo,Browns,9.333333333333334,K,11,2.0,1.6666666666666667,2017.0,305,141.33333333333334,0.1111111111111111,0.4444444444444444,0.6666666666666666,Jaguars,230.55555555555557,26.66666666666667,6.777777777777778,DST,86.44444444444444,2.2222222222222223,0.0,Browns,317.0,0.1111111111111111
4,345,260.25,0.25,2.5,2.25,Josh Lambo,Cardinals,8.75,K,12,1.75,1.5,2017.0,333,159.8,0.0,0.2,0.9,Jaguars,242.9,25.4,7.1,DST,101.3,2.4,0.0,Cardinals,344.2,0.1
5,365,277.2,0.2,2.2,2.0,Josh Lambo,Jaguars,8.2,K,13,2.0,1.8,2017.0,358,167.63636363636363,0.0,1.0,1.2727272727272727,Colts,168.72727272727272,15.272727272727273,16.818181818181817,DST,113.0909090909091,3.727272727272727,0.0,Jaguars,281.8181818181818,0.6363636363636364
