,Year,Week,Name,Fumble TD,Fumbles Lost,Opponent_x,Pass 2PT,Pass Attempts,Pass Completions,Pass Interceptions,Pass TD,Pass Yards,Points_x,Position_x,Receiving 2PT,Receiving TD,Receiving Yards,Receptions,Rush 2PT,Rush Attempts,Rush TD,Rush Yards,Away Games_x,Team,Blocks,Fumble Returns,Interception,Opponent_y,Pass Yards Allowed,Point After,Points_y,Position_y,Rush Yards Allowed,Sack,Safety,Total Yards,Touchdowns,Away Games_y
0,2016.0,3,John Phillips,0.0,0.0,Bengals,0.0,0.0,0.0,0.0,0.0,0.0,6.0,TE,0.0,1.0,9.0,2.0,0.0,0.0,0.0,0.0,1.0,Bengals,0.5,0.0,1.5,Broncos,219.0,23.0,6.0,DST,138.0,1.0,0.0,357.0,0.0,1.0
1,2016.0,6,John Phillips,0.0,0.0,Chargers,0.0,0.0,0.0,0.0,0.0,0.0,6.0,TE,0.0,1.0,9.0,2.0,0.0,0.0,0.0,0.0,1.0,Chargers,0.0,0.4,1.4,Broncos,291.6,28.4,8.2,DST,83.4,2.4,0.0,375.0,0.2,0.6
2,2016.0,11,John Phillips,0.0,0.0,Panthers,0.0,0.0,0.0,0.0,0.0,0.0,4.5,TE,0.0,0.5,20.0,2.5,0.0,0.0,0.0,0.0,1.0,Panthers,0.0,0.3333333333333333,1.0,Saints,272.5555555555556,25.11111111111111,10.111111111111109,DST,79.0,3.0,0.0,351.5555555555556,0.3333333333333333,0.4444444444444444
3,2016.0,14,John Phillips,0.0,0.0,Buccaneers,0.0,0.0,0.0,0.0,0.0,0.0,3.0,TE,0.0,0.3333333333333333,13.333333333333336,2.0,0.0,0.0,0.0,0.0,1.0,Buccaneers,0.0,0.9166666666666666,0.9166666666666666,Saints,249.91666666666663,23.75,10.416666666666666,DST,116.08333333333331,2.4166666666666665,0.08333333333333333,366.0,0.25,0.5
4,2016.0,15,John Phillips,0.0,0.0,Cardinals,0.0,0.0,0.0,0.0,0.0,0.0,2.25,TE,0.0,0.25,12.0,1.75,0.0,0.0,0.0,0.0,1.0,Cardinals,0.07692307692307693,0.8461538461538461,0.9230769230769232,Saints,201.7692307692308,21.30769230769231,9.923076923076923,DST,96.76923076923076,2.4615384615384617,0.15384615384615385,298.53846153846155,0.07692307692307693,0.4615384615384616
5,2016.0,16,John Phillips,0.0,0.0,Buccaneers,0.0,0.0,0.0,0.0,0.0,0.0,1.8,TE,0.0,0.2,11.4,1.6,0.0,0.0,0.0,0.0,1.0,Buccaneers,0.0,0.8571428571428571,1.0,Saints,250.78571428571428,23.0,10.357142857142858,DST,116.0,2.357142857142857,0.07142857142857142,366.78571428571433,0.21428571428571427,0.5
