,Year,Week,Name,Fumble TD,Fumbles Lost,Opponent,Pass 2PT,Pass Attempts,Pass Completions,Pass Interceptions,Pass TD,Pass Yards,Points,Position,Receiving 2PT,Receiving TD,Receiving Yards,Receptions,Rush 2PT,Rush Attempts,Rush TD,Rush Yards,Away Games
7174,2015.0,1,Alshon Jeffery,0.0,0.0,Packers,0.0,0.0,0.0,0.0,0.0,0.0,7.0,WR,0.0,0.0,78.0,5.0,0.0,0.0,0.0,0.0,0.0
7688,2015.0,6,Alshon Jeffery,0.0,0.0,Lions,0.0,0.0,0.0,0.0,0.0,0.0,7.0,WR,0.0,0.0,78.0,5.0,0.0,0.0,0.0,0.0,0.0
7899,2015.0,8,Alshon Jeffery,0.0,0.0,Min,0.0,0.0,0.0,0.0,0.0,0.0,13.5,WR,0.0,0.5,112.5,6.5,0.0,0.0,0.0,0.0,0.5
7999,2015.0,9,Alshon Jeffery,0.0,0.0,Chargers,0.0,0.0,0.0,0.0,0.0,0.0,14.666666666666666,WR,0.0,0.6666666666666666,113.66666666666667,7.666666666666667,0.0,0.0,0.0,0.0,0.3333333333333333
8141,2015.0,10,Alshon Jeffery,0.0,0.0,Rams,0.0,0.0,0.0,0.0,0.0,0.0,14.75,WR,0.0,0.5,123.0,8.25,0.0,0.0,0.0,0.0,0.5
8312,2015.0,12,Alshon Jeffery,0.0,0.0,Packers,0.0,0.0,0.0,0.0,0.0,0.0,12.2,WR,0.0,0.4,103.0,7.2,0.0,0.0,0.0,0.0,0.6
8430,2015.0,13,Alshon Jeffery,0.0,0.0,49ers,0.0,0.0,0.0,0.0,0.0,0.0,11.666666666666666,WR,0.0,0.3333333333333333,100.83333333333333,7.166666666666667,0.0,0.0,0.0,0.0,0.6666666666666666
8520,2015.0,14,Alshon Jeffery,0.0,0.0,Redskins,0.0,0.0,0.0,0.0,0.0,0.0,11.142857142857142,WR,0.0,0.2857142857142857,98.57142857142857,6.714285714285714,0.0,0.0,0.0,0.0,0.5714285714285714
8676,2015.0,15,Alshon Jeffery,0.0,0.0,Min,0.0,0.0,0.0,0.0,0.0,0.0,11.75,WR,0.0,0.375,99.625,6.625,0.0,0.0,0.0,0.0,0.5
