,Year,Week,Name,Fumble TD,Fumbles Lost,Opponent_x,Pass 2PT,Pass Attempts,Pass Completions,Pass Interceptions,Pass TD,Pass Yards,Points_x,Position_x,Receiving 2PT,Receiving TD,Receiving Yards,Receptions,Rush 2PT,Rush Attempts,Rush TD,Rush Yards,Away Games_x,Team,Blocks,Fumble Returns,Interception,Opponent_y,Pass Yards Allowed,Point After,Points_y,Position_y,Rush Yards Allowed,Sack,Safety,Total Yards,Touchdowns,Away Games_y
0,2015.0,1,Alshon Jeffery,0.0,0.0,Packers,0.0,0.0,0.0,0.0,0.0,0.0,7.0,WR,0.0,0.0,78.0,5.0,0.0,0.0,0.0,0.0,0.0,Packers,0.0,0.0,1.0,Bears,213.0,23.0,5.0,DST,189.0,2.0,0.0,402.0,0.0,1.0
1,2015.0,6,Alshon Jeffery,0.0,0.0,Lions,0.0,0.0,0.0,0.0,0.0,0.0,7.0,WR,0.0,0.0,78.0,5.0,0.0,0.0,0.0,0.0,0.0,Lions,0.0,1.2,0.6,Bears,248.8,27.6,10.2,DST,126.6,2.4,0.0,375.4,0.4,0.6
2,2015.0,9,Alshon Jeffery,0.0,0.0,Chargers,0.0,0.0,0.0,0.0,0.0,0.0,14.666666666666664,WR,0.0,0.6666666666666666,113.66666666666669,7.666666666666668,0.0,0.0,0.0,0.0,0.3333333333333333,Chargers,0.0,0.375,0.5,Bears,238.25,28.375,4.125,DST,124.625,1.875,0.0,362.875,0.0,0.5
3,2015.0,10,Alshon Jeffery,0.0,0.0,Rams,0.0,0.0,0.0,0.0,0.0,0.0,14.75,WR,0.0,0.5,123.0,8.25,0.0,0.0,0.0,0.0,0.5,Rams,0.0,1.0,0.75,Bears,219.75,18.25,12.5,DST,104.0,3.375,0.125,323.75,0.25,0.5
4,2015.0,12,Alshon Jeffery,0.0,0.0,Packers,0.0,0.0,0.0,0.0,0.0,0.0,12.2,WR,0.0,0.4,103.0,7.2,0.0,0.0,0.0,0.0,0.6,Packers,0.1,0.3,1.1,Bears,254.6,19.8,10.2,DST,114.0,2.9,0.0,368.6,0.1,0.5
5,2015.0,13,Alshon Jeffery,0.0,0.0,49ers,0.0,0.0,0.0,0.0,0.0,0.0,11.666666666666664,WR,0.0,0.3333333333333333,100.83333333333331,7.166666666666668,0.0,0.0,0.0,0.0,0.6666666666666666,49ers,0.18181818181818185,0.09090909090909093,0.6363636363636364,Bears,276.8181818181818,24.63636363636364,6.363636363636362,DST,121.0909090909091,1.7272727272727273,0.0,397.9090909090909,0.0,0.4545454545454545
6,2015.0,14,Alshon Jeffery,0.0,0.0,Redskins,0.0,0.0,0.0,0.0,0.0,0.0,11.142857142857142,WR,0.0,0.2857142857142857,98.57142857142857,6.7142857142857135,0.0,0.0,0.0,0.0,0.5714285714285714,Redskins,0.08333333333333333,0.9166666666666666,0.75,Bears,238.41666666666663,23.83333333333333,9.833333333333334,DST,124.16666666666669,1.75,0.08333333333333333,362.58333333333326,0.3333333333333333,0.4166666666666667
