,Year,Week,Name,Fumble TD,Fumbles Lost,Opponent_x,Pass 2PT,Pass Attempts,Pass Completions,Pass Interceptions,Pass TD,Pass Yards,Points_x,Position_x,Receiving 2PT,Receiving TD,Receiving Yards,Receptions,Rush 2PT,Rush Attempts,Rush TD,Rush Yards,Away Games_x,Team,Blocks,Fumble Returns,Interception,Opponent_y,Pass Yards Allowed,Point After,Points_y,Position_y,Rush Yards Allowed,Sack,Safety,Total Yards,Touchdowns,Away Games_y
0,2016.0,1,Fitzgerald Toussaint,0.0,0.0,Redskins,0.0,0.0,0.0,0.0,0.0,0.0,0.0,RB,0.0,0.0,0.0,0.0,0.0,3.0,0.0,6.0,1.0,Redskins,0.0,0.0,1.0,Steelers,290.0,38.0,3.0,DST,147.0,1.0,0.0,437.0,0.0,0.0
1,2016.0,2,Fitzgerald Toussaint,0.0,0.0,Bengals,0.0,0.0,0.0,0.0,0.0,0.0,0.0,RB,0.0,0.0,0.0,0.0,0.0,3.0,0.0,6.0,1.0,Bengals,1.0,0.0,1.0,Steelers,188.0,22.0,6.0,DST,152.0,1.0,0.0,340.0,0.0,1.0
2,2016.0,12,Fitzgerald Toussaint,0.0,0.0,Colts,0.0,0.0,0.0,0.0,0.0,0.0,0.0,RB,0.0,0.0,4.5,0.5,0.0,2.0,0.0,5.0,0.5,Colts,0.1,0.5,0.3,Steelers,284.5,27.3,6.1,DST,113.1,2.2,0.0,397.6,0.2,0.5
3,2016.0,14,Fitzgerald Toussaint,0.0,0.0,Bills,0.0,0.0,0.0,0.0,0.0,0.0,0.6666666666666666,RB,0.0,0.0,3.0,0.3333333333333333,0.0,3.333333333333333,0.0,12.666666666666664,0.6666666666666666,Bills,0.08333333333333333,0.5,0.6666666666666666,Steelers,230.41666666666663,22.83333333333333,9.833333333333334,DST,116.25,2.75,0.0,346.66666666666674,0.25,0.5833333333333334
4,2016.0,17,Fitzgerald Toussaint,0.0,0.0,Browns,0.0,0.0,0.0,0.0,0.0,0.0,0.5,RB,0.0,0.0,2.25,0.25,0.0,2.75,0.0,11.0,0.75,Browns,0.06666666666666668,0.2,0.6,Steelers,250.2,28.33333333333333,4.133333333333334,DST,147.6,1.4666666666666666,0.0,397.8,0.06666666666666668,0.4666666666666667
