,Year,Week,Name,Fumble TD,Fumbles Lost,Opponent_x,Pass 2PT,Pass Attempts,Pass Completions,Pass Interceptions,Pass TD,Pass Yards,Points_x,Position_x,Receiving 2PT,Receiving TD,Receiving Yards,Receptions,Rush 2PT,Rush Attempts,Rush TD,Rush Yards,Away Games_x,Team,Blocks,Fumble Returns,Interception,Opponent_y,Pass Yards Allowed,Point After,Points_y,Position_y,Rush Yards Allowed,Sack,Safety,Total Yards,Touchdowns,Away Games_y
0,2014.0,1,Gary Barnidge,0.0,0.0,Steelers,0.0,0.0,0.0,0.0,0.0,0.0,1.0,TE,0.0,0.0,13.0,1.0,0.0,0.0,0.0,0.0,1.0,Steelers,0.0,0.0,0.0,Browns,198.0,27.0,4.0,DST,191.0,3.0,0.0,389.0,0.0,0.0
1,2014.0,2,Gary Barnidge,0.0,0.0,Saints,0.0,0.0,0.0,0.0,0.0,0.0,1.0,TE,0.0,0.0,13.0,1.0,0.0,0.0,0.0,0.0,1.0,Saints,0.0,1.0,0.0,Browns,445.0,37.0,3.0,DST,123.0,1.0,0.0,568.0,0.0,1.0
2,2014.0,9,Gary Barnidge,0.0,0.0,Buccaneers,0.0,0.0,0.0,0.0,0.0,0.0,2.5,TE,0.0,0.0,27.0,2.5,0.0,0.0,0.0,0.0,0.5,Buccaneers,0.14285714285714285,0.8571428571428571,0.5714285714285714,Browns,286.0,31.857142857142854,8.142857142857142,DST,123.85714285714286,1.4285714285714286,0.0,409.8571428571428,0.2857142857142857,0.42857142857142855
3,2014.0,10,Gary Barnidge,0.0,0.0,Bengals,0.0,0.0,0.0,0.0,0.0,0.0,2.0,TE,0.0,0.0,23.33333333333333,2.333333333333333,0.0,0.0,0.0,0.0,0.3333333333333333,Bengals,0.125,0.375,1.25,Browns,255.25,23.375,8.25,DST,139.625,1.625,0.25,394.875,0.0,0.375
4,2014.0,11,Gary Barnidge,0.0,0.0,Texans,0.0,0.0,0.0,0.0,0.0,0.0,2.5,TE,0.0,0.0,29.0,2.25,0.0,0.0,0.0,0.0,0.5,Texans,0.2222222222222222,1.2222222222222223,1.1111111111111112,Browns,273.77777777777777,21.88888888888889,12.777777777777779,DST,117.33333333333331,2.1111111111111107,0.0,391.11111111111114,0.4444444444444444,0.5555555555555556
5,2014.0,12,Gary Barnidge,0.0,0.0,Falcons,0.0,0.0,0.0,0.0,0.0,0.0,2.2,TE,0.0,0.0,25.4,2.0,0.0,0.0,0.0,0.0,0.4,Falcons,0.2,0.9,0.9,Browns,281.2,25.5,8.0,DST,122.2,1.3,0.0,403.4,0.2,0.6
6,2014.0,13,Gary Barnidge,0.0,0.0,Bills,0.0,0.0,0.0,0.0,0.0,0.0,2.1666666666666665,TE,0.0,0.0,25.0,2.0,0.0,0.0,0.0,0.0,0.5,Bills,0.18181818181818185,0.8181818181818182,1.181818181818182,Browns,213.8181818181818,18.818181818181817,13.0,DST,98.36363636363636,4.181818181818182,0.0,312.1818181818182,0.18181818181818185,0.4545454545454545
