,Year,Week,Name,Fumble TD,Fumbles Lost,Opponent_x,Pass 2PT,Pass Attempts,Pass Completions,Pass Interceptions,Pass TD,Pass Yards,Points_x,Position_x,Receiving 2PT,Receiving TD,Receiving Yards,Receptions,Rush 2PT,Rush Attempts,Rush TD,Rush Yards,Away Games_x,Team,Blocks,Fumble Returns,Interception,Opponent_y,Pass Yards Allowed,Point After,Points_y,Position_y,Rush Yards Allowed,Sack,Safety,Total Yards,Touchdowns,Away Games_y
0,2011.0,1,Earnest Graham,0.0,0.0,Lions,0.0,0.0,0.0,0.0,0.0,0.0,6.0,RB,0.0,0.0,58.0,8.0,0.0,6.0,0.0,13.0,0.0,Lions,0.0,1.0,1.0,Buccaneers,259.0,20.0,10.0,DST,56.0,2.0,0.0,315.0,0.0,1.0
1,2011.0,3,Earnest Graham,0.0,0.0,Falcons,0.0,0.0,0.0,0.0,0.0,0.0,4.5,RB,0.0,0.0,39.5,6.5,0.0,4.5,0.0,15.5,0.5,Falcons,0.0,1.0,1.0,Buccaneers,301.5,30.5,9.5,DST,110.5,2.5,0.0,412.0,0.5,0.5
2,2011.0,4,Earnest Graham,0.0,0.0,Colts,0.0,0.0,0.0,0.0,0.0,0.0,4.0,RB,0.0,0.0,38.66666666666666,6.666666666666668,0.0,3.6666666666666665,0.0,10.0,0.3333333333333333,Colts,0.0,1.3333333333333333,1.0,Buccaneers,251.66666666666663,28.0,9.0,DST,113.33333333333331,1.6666666666666667,0.0,365.0,0.3333333333333333,0.3333333333333333
3,2011.0,5,Earnest Graham,0.0,0.0,49ers,0.0,0.0,0.0,0.0,0.0,0.0,4.0,RB,0.0,0.0,35.75,5.75,0.0,3.25,0.0,13.5,0.25,49ers,0.0,1.25,1.5,Buccaneers,284.0,18.75,14.0,DST,74.0,2.25,0.0,358.0,0.5,0.5
4,2011.0,6,Earnest Graham,0.0,0.0,Saints,0.0,0.0,0.0,0.0,0.0,0.0,3.8,RB,0.0,0.0,28.6,4.6,0.0,3.6,0.0,16.8,0.4,Saints,0.2,0.2,0.6,Buccaneers,247.0,25.0,9.0,DST,107.6,2.8,0.0,354.6,0.2,0.6
5,2011.0,7,Earnest Graham,0.0,0.0,Bears,0.0,0.0,0.0,0.0,0.0,0.0,5.166666666666667,RB,0.0,0.0,27.5,4.166666666666667,0.0,5.833333333333332,0.0,32.166666666666664,0.3333333333333333,Bears,0.16666666666666666,0.6666666666666666,0.6666666666666666,Buccaneers,275.5,22.0,12.333333333333336,DST,121.83333333333331,2.333333333333333,0.16666666666666666,397.33333333333326,0.6666666666666666,0.3333333333333333
