,Year,Week,Name,Fumble TD,Fumbles Lost,Opponent,Pass 2PT,Pass Attempts,Pass Completions,Pass Interceptions,Pass TD,Pass Yards,Points,Position,Receiving 2PT,Receiving TD,Receiving Yards,Receptions,Rush 2PT,Rush Attempts,Rush TD,Rush Yards,Away Games
33,2011.0,1,Earnest Graham,0.0,0.0,Lions,0.0,0.0,0.0,0.0,0.0,0.0,6.0,RB,0.0,0.0,58.0,8.0,0.0,6.0,0.0,13.0,0.0
139,2011.0,2,Earnest Graham,0.0,0.0,Min,0.0,0.0,0.0,0.0,0.0,0.0,6.0,RB,0.0,0.0,58.0,8.0,0.0,6.0,0.0,13.0,0.0
223,2011.0,3,Earnest Graham,0.0,0.0,Falcons,0.0,0.0,0.0,0.0,0.0,0.0,4.5,RB,0.0,0.0,39.5,6.5,0.0,4.5,0.0,15.5,0.5
315,2011.0,4,Earnest Graham,0.0,0.0,Colts,0.0,0.0,0.0,0.0,0.0,0.0,4.0,RB,0.0,0.0,38.666666666666664,6.666666666666667,0.0,3.6666666666666665,0.0,10.0,0.3333333333333333
402,2011.0,5,Earnest Graham,0.0,0.0,49ers,0.0,0.0,0.0,0.0,0.0,0.0,4.0,RB,0.0,0.0,35.75,5.75,0.0,3.25,0.0,13.5,0.25
447,2011.0,6,Earnest Graham,0.0,0.0,Saints,0.0,0.0,0.0,0.0,0.0,0.0,3.8,RB,0.0,0.0,28.6,4.6,0.0,3.6,0.0,16.8,0.4
562,2011.0,7,Earnest Graham,0.0,0.0,Bears,0.0,0.0,0.0,0.0,0.0,0.0,5.166666666666667,RB,0.0,0.0,27.5,4.166666666666667,0.0,5.833333333333333,0.0,32.166666666666664,0.3333333333333333
