,Year,Week,Name,Fumble TD,Fumbles Lost,Opponent_x,Pass 2PT,Pass Attempts,Pass Completions,Pass Interceptions,Pass TD,Pass Yards,Points_x,Position_x,Receiving 2PT,Receiving TD,Receiving Yards,Receptions,Rush 2PT,Rush Attempts,Rush TD,Rush Yards,Away Games_x,Team,Blocks,Fumble Returns,Interception,Opponent_y,Pass Yards Allowed,Point After,Points_y,Position_y,Rush Yards Allowed,Sack,Safety,Total Yards,Touchdowns,Away Games_y
0,2011.0,10,Patrick Turner,0.0,0.0,Patriots,0.0,0.0,0.0,0.0,0.0,0.0,2.0,WR,0.0,0.0,22.0,1.0,0.0,0.0,0.0,0.0,0.0,Patriots,0.0,0.5,1.25,Jets,314.0,23.0,7.0,DST,102.25,1.875,0.0,416.25,0.0,0.5
1,2011.0,11,Patrick Turner,0.0,0.0,Broncos,0.0,0.0,0.0,0.0,0.0,0.0,2.0,WR,0.0,0.0,22.0,1.0,0.0,0.0,0.0,0.0,0.0,Broncos,0.0,0.5555555555555556,0.6666666666666666,Jets,243.11111111111111,26.0,9.111111111111109,DST,117.55555555555556,2.6666666666666665,0.0,360.66666666666674,0.3333333333333333,0.5555555555555556
2,2011.0,12,Patrick Turner,0.0,0.0,Bills,0.0,0.0,0.0,0.0,0.0,0.0,2.5,WR,0.0,0.0,29.0,2.0,0.0,0.0,0.0,0.0,0.5,Bills,0.2,0.5,1.5,Jets,250.0,25.3,10.1,DST,122.4,1.6,0.1,372.4,0.3,0.5
3,2011.0,13,Patrick Turner,0.0,0.0,Redskins,0.0,0.0,0.0,0.0,0.0,0.0,2.0,WR,0.0,0.0,23.33333333333333,1.6666666666666667,0.0,0.0,0.0,0.0,0.3333333333333333,Redskins,0.09090909090909093,0.5454545454545454,0.7272727272727273,Jets,212.72727272727272,20.181818181818183,9.363636363636363,DST,117.9090909090909,3.0,0.0,330.6363636363636,0.09090909090909093,0.5454545454545454
4,2011.0,14,Patrick Turner,0.0,0.0,Chiefs,0.0,0.0,0.0,0.0,0.0,0.0,1.5,WR,0.0,0.0,19.0,1.5,0.0,0.0,0.0,0.0,0.5,Chiefs,0.0,0.3333333333333333,1.4166666666666667,Jets,213.83333333333331,22.33333333333333,9.833333333333334,DST,130.33333333333334,1.6666666666666667,0.0,344.16666666666674,0.16666666666666666,0.5
5,2011.0,17,Patrick Turner,0.0,0.0,Dolphins,0.0,0.0,0.0,0.0,0.0,0.0,1.4,WR,0.0,0.0,17.2,1.4,0.0,0.0,0.0,0.0,0.4,Dolphins,0.13333333333333333,0.2,0.8666666666666667,Jets,249.8,19.733333333333334,9.133333333333333,DST,93.4,2.6,0.0,343.2,0.13333333333333333,0.5333333333333333
