,Unnamed: 0,Unnamed: 0.1,Fumble TD,Fumbles Lost,Name,Opponent,Pass 2PT,Pass Attempts,Pass Completions,Pass Interceptions,Pass TD,Pass Yards,Points,Position,Receiving 2PT,Receiving TD,Receiving Yards,Receptions,Rush 2PT,Rush Attempts,Rush TD,Rush Yards,Week,Year
51,51,51.0,0.0,0.0,Jameis Winston,Buccaneers,0.0,30.0,18.0,0.0,1.0,204.0,14.0,QB,0.0,0.0,0.0,0.0,0.0,1.0,0.0,3.0,2,2017.0
85,85,51.0,0.0,0.0,Jameis Winston,Vikings,0.0,30.0,18.0,0.0,1.0,204.0,14.0,QB,0.0,0.0,0.0,0.0,0.0,1.0,0.0,3.0,3,2017.0
105,105,68.0,0.0,0.0,Jameis Winston,Buccaneers,0.0,35.0,23.0,1.5,1.5,266.0,16.5,QB,0.0,0.0,0.0,0.0,0.0,1.0,0.0,3.5,4,2017.0
146,146,80.33333333333333,0.0,0.0,Jameis Winston,Buccaneers,0.0,36.0,22.666666666666668,1.0,2.0,288.0,21.666666666666668,QB,0.0,0.0,0.0,0.0,0.0,2.0,0.0,6.333333333333333,5,2017.0
196,196,96.75,0.0,0.0,Jameis Winston,Cardinals,0.0,38.5,23.5,0.75,1.75,299.5,21.25,QB,0.0,0.0,0.0,0.0,0.0,2.25,0.0,7.5,6,2017.0
205,205,116.6,0.0,0.0,Jameis Winston,Bills,0.0,32.8,19.8,0.6,1.4,251.8,17.4,QB,0.0,0.0,0.0,0.0,0.0,1.8,0.0,6.0,7,2017.0
261,261,131.33333333333334,0.0,0.16666666666666666,Jameis Winston,Buccaneers,0.0,34.666666666666664,21.833333333333332,0.6666666666666666,1.6666666666666667,273.8333333333333,19.5,QB,0.0,0.0,0.0,0.0,0.0,1.6666666666666667,0.0,5.0,8,2017.0
290,290,149.85714285714286,0.0,0.2857142857142857,Jameis Winston,Saints,0.0,35.142857142857146,21.714285714285715,0.8571428571428571,1.4285714285714286,264.7142857142857,17.285714285714285,QB,0.0,0.0,0.0,0.0,0.0,1.8571428571428572,0.0,6.142857142857143,9,2017.0
401,401,167.375,0.0,0.25,Jameis Winston,Packers,0.0,32.375,19.875,0.75,1.25,240.0,15.375,QB,0.0,0.0,0.0,0.0,0.0,1.875,0.0,6.375,13,2017.0
