,Year,Week,Name,Fumble TD,Fumbles Lost,Opponent_x,Pass 2PT,Pass Attempts,Pass Completions,Pass Interceptions,Pass TD,Pass Yards,Points_x,Position_x,Receiving 2PT,Receiving TD,Receiving Yards,Receptions,Rush 2PT,Rush Attempts,Rush TD,Rush Yards,Away Games_x,Team,Blocks,Fumble Returns,Interception,Opponent_y,Pass Yards Allowed,Point After,Points_y,Position_y,Rush Yards Allowed,Sack,Safety,Total Yards,Touchdowns,Away Games_y
0,2011.0,1,James Casey,0.0,0.0,Colts,0.0,0.0,0.0,0.0,0.0,0.0,2.0,TE,0.0,0.0,29.0,3.0,0.0,0.0,0.0,0.0,0.0,Colts,0.0,1.0,2.0,Texans,217.0,34.0,7.0,DST,167.0,1.0,0.0,384.0,0.0,1.0
1,2011.0,3,James Casey,0.0,0.0,Saints,0.0,0.0,0.0,0.0,0.0,0.0,2.0,TE,0.0,0.0,29.0,3.0,0.0,0.0,0.0,0.0,0.0,Saints,0.0,0.5,0.0,Texans,241.0,27.5,11.5,DST,81.5,4.0,0.0,322.5,0.5,0.5
2,2011.0,4,James Casey,0.0,0.0,Steelers,0.0,0.0,0.0,0.0,0.0,0.0,10.5,TE,0.0,0.5,77.5,4.0,0.0,0.5,0.0,5.5,0.5,Steelers,0.0,0.3333333333333333,0.0,Texans,164.0,18.33333333333333,9.666666666666666,DST,99.33333333333331,2.333333333333333,0.0,263.3333333333333,0.3333333333333333,0.6666666666666666
3,2011.0,9,James Casey,0.0,0.0,Browns,0.0,0.0,0.0,0.0,0.0,0.0,7.0,TE,0.0,0.3333333333333333,54.33333333333334,3.0,0.0,0.3333333333333333,0.0,3.6666666666666665,0.3333333333333333,Browns,0.0,0.5714285714285714,0.5714285714285714,Texans,171.85714285714286,20.0,8.285714285714286,DST,127.28571428571428,2.571428571428572,0.0,299.14285714285717,0.0,0.42857142857142855
4,2011.0,12,James Casey,0.0,0.0,Jaguars,0.0,0.0,0.0,0.0,0.0,0.0,5.25,TE,0.0,0.25,41.0,2.5,0.0,0.25,0.0,2.75,0.25,Jaguars,0.0,0.4,1.0,Texans,189.0,18.0,8.6,DST,111.2,2.3,0.0,300.2,0.0,0.6
5,2011.0,17,James Casey,0.0,0.0,Titans,0.0,0.0,0.0,0.0,0.0,0.0,4.2,TE,0.0,0.2,33.8,2.2,0.0,0.2,0.0,2.2,0.4,Titans,0.13333333333333333,0.7333333333333333,0.7333333333333333,Texans,226.26666666666668,19.666666666666668,10.133333333333333,DST,126.73333333333332,1.6666666666666667,0.0,353.0,0.26666666666666666,0.4666666666666667
