,Unnamed: 0,50+,FGA,FGM,Name,Opponent,Points,Position,Week,XPA,XPM,Year,Away Games
3133,1.0,1.0,6.0,4.0,Blair Walsh,Titans,15.0,K,1,2.0,1.0,2016.0,1.0
3186,1.0,1.0,6.0,4.0,Blair Walsh,Packers,15.0,K,2,2.0,1.0,2016.0,1.0
3212,27.5,0.5,3.5,2.5,Blair Walsh,Panthers,10.0,K,3,2.0,1.5,2016.0,0.5
3244,45.0,0.3333333333333333,3.0,2.3333333333333335,Blair Walsh,Giants,8.666666666666666,K,4,1.6666666666666667,1.0,2016.0,0.6666666666666666
3268,61.75,0.25,2.75,2.0,Blair Walsh,Texans,8.0,K,5,2.0,1.5,2016.0,0.5
3344,76.6,0.2,2.4,1.8,Blair Walsh,Eagles,7.8,K,7,2.4,2.0,2016.0,0.4
3369,99.16666666666667,0.16666666666666666,2.1666666666666665,1.6666666666666667,Blair Walsh,Bears,7.166666666666667,K,8,2.1666666666666665,1.8333333333333333,2016.0,0.5
3399,118.85714285714286,0.14285714285714285,2.0,1.5714285714285714,Blair Walsh,Lions,6.714285714285714,K,9,2.0,1.7142857142857142,2016.0,0.5714285714285714
3431,137.375,0.125,2.0,1.5,Blair Walsh,Redskins,6.375,K,10,2.0,1.625,2016.0,0.5
