,Year,Week,Name,Fumble TD,Fumbles Lost,Opponent_x,Pass 2PT,Pass Attempts,Pass Completions,Pass Interceptions,Pass TD,Pass Yards,Points_x,Position_x,Receiving 2PT,Receiving TD,Receiving Yards,Receptions,Rush 2PT,Rush Attempts,Rush TD,Rush Yards,Away Games_x,Team,Blocks,Fumble Returns,Interception,Opponent_y,Pass Yards Allowed,Point After,Points_y,Position_y,Rush Yards Allowed,Sack,Safety,Total Yards,Touchdowns,Away Games_y
0,2015.0,3,Jason Avant,0.0,0.0,Packers,0.0,0.0,0.0,0.0,0.0,0.0,0.0,WR,0.0,0.0,8.0,2.0,0.0,0.0,0.0,0.0,1.0,Packers,0.0,0.5,1.0,Chiefs,209.0,20.0,7.5,DST,154.0,2.0,0.0,363.0,0.0,0.5
1,2015.0,4,Jason Avant,0.0,0.0,Bengals,0.0,0.0,0.0,0.0,0.0,0.0,0.0,WR,0.0,0.0,8.0,2.0,0.0,0.0,0.0,0.0,1.0,Bengals,0.0,1.0,1.0,Chiefs,256.0,18.666666666666668,10.0,DST,76.66666666666667,2.0,0.0,332.6666666666667,0.0,0.6666666666666666
2,2015.0,7,Jason Avant,0.0,0.0,Steelers,0.0,0.0,0.0,0.0,0.0,0.0,1.3333333333333333,WR,0.0,0.0,18.33333333333333,2.333333333333333,0.0,0.0,0.0,0.0,1.0,Steelers,0.0,0.6666666666666666,0.8333333333333334,Chiefs,283.1666666666667,18.0,11.166666666666664,DST,93.33333333333331,2.833333333333333,0.0,376.5,0.16666666666666666,0.5
3,2015.0,11,Jason Avant,0.0,0.0,Chargers,0.0,0.0,0.0,0.0,0.0,0.0,1.25,WR,0.0,0.0,16.5,2.25,0.0,0.0,0.0,0.0,0.75,Chargers,0.0,0.4444444444444444,0.5555555555555556,Chiefs,249.22222222222226,27.66666666666667,5.0,DST,122.88888888888887,1.7777777777777777,0.0,372.11111111111114,0.1111111111111111,0.4444444444444444
4,2015.0,15,Jason Avant,0.0,0.0,Ravens,0.0,0.0,0.0,0.0,0.0,0.0,1.4,WR,0.0,0.0,18.4,2.2,0.0,0.0,0.0,0.0,0.8,Ravens,0.38461538461538464,0.5384615384615384,0.3076923076923077,Chiefs,248.3076923076923,25.07692307692308,8.307692307692307,DST,99.46153846153848,2.1538461538461537,0.0,347.76923076923083,0.3076923076923077,0.5384615384615384
5,2015.0,17,Jason Avant,0.0,0.0,Raiders,0.0,0.0,0.0,0.0,0.0,0.0,1.3333333333333333,WR,0.0,0.0,17.333333333333332,2.1666666666666665,0.0,0.0,0.0,0.0,0.8333333333333334,Raiders,0.3333333333333333,0.7333333333333333,0.8,Chiefs,266.0,25.066666666666666,8.4,DST,99.26666666666668,2.466666666666667,0.13333333333333333,365.26666666666665,0.0,0.4666666666666667
