,Year,Week,Name,Fumble TD,Fumbles Lost,Opponent_x,Pass 2PT,Pass Attempts,Pass Completions,Pass Interceptions,Pass TD,Pass Yards,Points_x,Position_x,Receiving 2PT,Receiving TD,Receiving Yards,Receptions,Rush 2PT,Rush Attempts,Rush TD,Rush Yards,Away Games_x,Team,Blocks,Fumble Returns,Interception,Opponent_y,Pass Yards Allowed,Point After,Points_y,Position_y,Rush Yards Allowed,Sack,Safety,Total Yards,Touchdowns,Away Games_y
0,2014.0,7,Matt Flynn,0.0,0.0,Panthers,0.0,5.0,3.0,1.0,0.0,22.0,-2.0,QB,0.0,0.0,0.0,0.0,0.0,1.0,0.0,-1.0,0.0,Panthers,0.0,0.8333333333333334,1.1666666666666667,Packers,252.33333333333331,26.16666666666667,9.166666666666666,DST,140.16666666666666,2.1666666666666665,0.0,392.5,0.16666666666666666,0.5
1,2014.0,8,Matt Flynn,0.0,0.0,Saints,0.0,3.5,1.5,0.5,0.0,11.0,-1.0,QB,0.0,0.0,0.0,0.0,0.0,2.0,0.0,-2.0,0.0,Saints,0.0,0.16666666666666666,0.5,Packers,270.5,27.5,4.666666666666667,DST,103.16666666666669,1.5,0.16666666666666666,373.66666666666674,0.0,0.6666666666666666
2,2014.0,10,Matt Flynn,0.0,0.3333333333333333,Bears,0.0,2.6666666666666665,1.3333333333333333,0.3333333333333333,0.0,10.0,-1.0,QB,0.0,0.0,0.0,0.0,0.0,1.3333333333333333,0.0,-1.3333333333333333,0.3333333333333333,Bears,0.25,0.5,1.0,Packers,262.25,27.75,8.875,DST,110.25,2.5,0.0,372.5,0.125,0.625
3,2014.0,11,Matt Flynn,0.0,0.25,Eagles,0.0,3.25,1.25,0.25,0.0,8.5,-0.75,QB,0.0,0.0,0.0,0.0,0.0,1.0,0.0,-1.0,0.25,Eagles,0.3333333333333333,1.0,0.7777777777777778,Packers,251.66666666666663,22.0,15.888888888888891,DST,115.22222222222223,3.555555555555556,0.0,366.88888888888886,1.0,0.4444444444444444
4,2014.0,16,Matt Flynn,0.0,0.2,Buccaneers,0.0,3.0,1.4,0.2,0.0,12.0,-0.4,QB,0.0,0.0,0.0,0.0,0.0,1.4,0.0,-1.4,0.2,Buccaneers,0.07142857142857142,0.7142857142857143,0.7857142857142857,Packers,250.42857142857144,26.214285714285715,9.0,DST,116.28571428571428,2.357142857142857,0.0,366.71428571428567,0.21428571428571427,0.5714285714285714
5,2014.0,17,Matt Flynn,0.0,0.16666666666666666,Lions,0.0,2.5,1.1666666666666667,0.16666666666666666,0.0,10.0,-0.3333333333333333,QB,0.0,0.0,0.0,0.0,0.0,1.6666666666666667,0.0,-1.6666666666666667,0.3333333333333333,Lions,0.06666666666666668,0.3333333333333333,1.3333333333333333,Packers,232.06666666666663,16.8,10.866666666666667,DST,63.8,2.7333333333333334,0.06666666666666668,295.8666666666667,0.13333333333333333,0.4666666666666667
