,Unnamed: 0,50+,FGA,FGM,Name,Opponent,Points,Position,Week,XPA,XPM,Year,Away Games
1222,180.0,0.0,0.0,0.0,Shayne Graham,Lions,4.0,K,6,4.0,4.0,2010.0,0.0
1320,180.0,0.0,0.0,0.0,Shayne Graham,Steelers,4.0,K,10,4.0,4.0,2010.0,0.0
1355,229.0,0.0,1.0,1.0,Shayne Graham,Colts,6.5,K,11,4.0,3.5,2010.0,0.5
1383,257.0,0.0,1.0,1.0,Shayne Graham,Lions,6.666666666666667,K,12,4.0,3.6666666666666665,2010.0,0.3333333333333333
1412,278.0,0.0,1.0,1.0,Shayne Graham,Jets,7.25,K,13,4.5,4.25,2010.0,0.5
1440,296.4,0.0,1.0,1.0,Shayne Graham,Bears,7.6,K,14,4.8,4.6,2010.0,0.4
1486,313.3333333333333,0.0,1.3333333333333333,1.3333333333333333,Shayne Graham,Packers,8.333333333333334,K,15,4.666666666666667,4.333333333333333,2010.0,0.5
1505,332.0,0.0,1.2857142857142858,1.2857142857142858,Shayne Graham,Bills,8.142857142857142,K,16,4.571428571428571,4.285714285714286,2010.0,0.42857142857142855
1540,348.375,0.0,1.375,1.375,Shayne Graham,Dolphins,8.375,K,17,4.5,4.25,2010.0,0.5
