,Year,Week,Name,Fumble TD,Fumbles Lost,Opponent_x,Pass 2PT,Pass Attempts,Pass Completions,Pass Interceptions,Pass TD,Pass Yards,Points_x,Position_x,Receiving 2PT,Receiving TD,Receiving Yards,Receptions,Rush 2PT,Rush Attempts,Rush TD,Rush Yards,Away Games_x,Team,Blocks,Fumble Returns,Interception,Opponent_y,Pass Yards Allowed,Point After,Points_y,Position_y,Rush Yards Allowed,Sack,Safety,Total Yards,Touchdowns,Away Games_y
0,2015.0,12,Austin Davis,0.0,0.0,Ravens,0.0,10.0,7.0,0.0,1.0,77.0,9.0,QB,0.0,0.0,0.0,0.0,0.0,1.0,0.0,7.0,0.0,Ravens,0.4,0.5,0.4,Browns,257.0,24.9,8.2,DST,97.0,2.5,0.0,354.0,0.2,0.5
1,2015.0,13,Austin Davis,0.0,0.0,Bengals,0.0,10.0,7.0,0.0,1.0,77.0,9.0,QB,0.0,0.0,0.0,0.0,0.0,1.0,0.0,7.0,0.0,Bengals,0.0,0.3636363636363637,1.2727272727272727,Browns,243.54545454545453,17.545454545454547,10.363636363636363,DST,99.8181818181818,2.636363636363636,0.0,343.3636363636364,0.09090909090909093,0.4545454545454545
2,2015.0,17,Austin Davis,0.0,0.5,Steelers,0.0,24.0,16.0,0.5,0.5,153.5,7.5,QB,0.0,0.0,0.0,0.0,0.0,2.0,0.0,5.5,0.0,Steelers,0.13333333333333333,0.7333333333333333,1.0,Browns,278.2,20.466666666666665,11.266666666666667,DST,91.53333333333332,2.7333333333333334,0.0,369.73333333333335,0.2,0.4666666666666667
