,Unnamed: 0.1_x,Unnamed: 0.1.1_x,Fumble TD,Fumbles Lost,Name,Opponent_x,Pass 2PT,Pass Attempts,Pass Completions,Pass Interceptions,Pass TD,Pass Yards,Points_x,Position_x,Receiving 2PT,Receiving TD,Receiving Yards,Receptions,Rush 2PT,Rush Attempts,Rush TD,Rush Yards,Week,Year,Unnamed: 0.1_y,Unnamed: 0.1.1_y,Blocks,Fumble Returns,Interception,Opponent_y,Pass Yards Allowed,Point After,Points_y,Position_y,Rush Yards Allowed,Sack,Safety,Team,Total Yards,Touchdowns
0,328,328.0,0.0,0.0,Isaiah McKenzie,Bills,0.0,0.0,0.0,0.0,0.0,0.0,0.0,WR,0.0,0.0,0.0,0.0,0.0,1.0,0.0,4.0,3,2017.0,72,22.5,0.0,0.0,1.0,Broncos,177.0,10.5,12.5,DST,57.5,3.5,0.0,Bills,234.5,0.0
1,654,328.0,0.0,0.0,Isaiah McKenzie,Broncos,0.0,0.0,0.0,0.0,0.0,0.0,0.0,WR,0.0,0.0,0.0,0.0,0.0,1.0,0.0,4.0,6,2017.0,174,58.75,0.25,0.0,1.0,Giants,210.0,18.5,9.75,DST,50.75,2.5,0.0,Broncos,260.75,0.25
2,861,491.0,0.0,0.0,Isaiah McKenzie,Chiefs,0.0,0.0,0.0,0.0,0.0,0.0,0.0,WR,0.0,0.0,0.0,0.5,0.0,0.5,0.0,2.0,8,2017.0,213,105.85714285714286,0.14285714285714285,0.42857142857142855,0.7142857142857143,Broncos,271.7142857142857,23.0,9.285714285714286,DST,124.57142857142857,2.142857142857143,0.0,Chiefs,396.28571428571433,0.2857142857142857
3,940,614.3333333333334,0.0,0.3333333333333333,Isaiah McKenzie,Eagles,0.0,0.0,0.0,0.0,0.0,0.0,-0.3333333333333333,WR,0.0,0.0,0.0,0.3333333333333333,0.0,0.3333333333333333,0.0,1.3333333333333333,9,2017.0,253,121.125,0.25,0.625,1.125,Broncos,256.75,19.5,11.125,DST,70.375,2.75,0.0,Eagles,327.125,0.25
4,1066,695.75,0.0,0.25,Isaiah McKenzie,Broncos,0.0,0.0,0.0,0.0,0.0,0.0,0.0,WR,0.0,0.0,3.5,0.5,0.0,0.25,0.0,1.0,10,2017.0,290,135.875,0.25,0.25,0.625,Patriots,192.375,24.75,8.0,DST,88.375,2.375,0.0,Broncos,280.75,0.25
