,Year,Week,Name,Fumble TD,Fumbles Lost,Opponent,Pass 2PT,Pass Attempts,Pass Completions,Pass Interceptions,Pass TD,Pass Yards,Points,Position,Receiving 2PT,Receiving TD,Receiving Yards,Receptions,Rush 2PT,Rush Attempts,Rush TD,Rush Yards,Away Games
2028,,7,Colt McCoy,,,Titans,,,,,,,,QB,,,,,,,,,
2058,2014.0,8,Colt McCoy,0.0,0.0,Cowboys,0.0,12.0,11.0,0.0,1.0,128.0,11.0,QB,0.0,0.0,0.0,0.0,0.0,2.0,0.0,3.0,0.0
2205,2014.0,13,Colt McCoy,0.0,0.0,Colts,0.0,21.0,18.0,0.5,0.5,213.5,13.5,QB,0.0,0.0,0.0,0.0,0.0,4.5,0.5,9.5,0.5
2266,2014.0,14,Colt McCoy,0.0,0.3333333333333333,Rams,0.0,29.666666666666668,22.333333333333332,0.3333333333333333,1.3333333333333333,273.0,20.0,QB,0.0,0.0,0.0,0.0,0.0,4.0,0.3333333333333333,10.333333333333334,0.6666666666666666
2303,2014.0,15,Colt McCoy,0.0,0.25,Giants,0.0,30.25,21.75,0.75,1.0,254.5,16.0,QB,0.0,0.0,0.0,0.0,0.0,3.5,0.25,10.5,0.5
