,Year,Week,Name,Fumble TD,Fumbles Lost,Opponent_x,Pass 2PT,Pass Attempts,Pass Completions,Pass Interceptions,Pass TD,Pass Yards,Points_x,Position_x,Receiving 2PT,Receiving TD,Receiving Yards,Receptions,Rush 2PT,Rush Attempts,Rush TD,Rush Yards,Away Games_x,Team,Blocks,Fumble Returns,Interception,Opponent_y,Pass Yards Allowed,Point After,Points_y,Position_y,Rush Yards Allowed,Sack,Safety,Total Yards,Touchdowns,Away Games_y
0,2014.0,7,Colt McCoy,0.0,0.0,Titans,0.0,12.0,11.0,0.0,1.0,128.0,11.0,QB,0.0,0.0,0.0,0.0,0.0,2.0,0.0,3.0,0.0,Titans,0.16666666666666666,0.3333333333333333,1.1666666666666667,Redskins,247.33333333333331,25.5,7.833333333333332,DST,127.66666666666669,2.5,0.0,375.0,0.0,0.5
1,2014.0,8,Colt McCoy,0.0,0.0,Cowboys,0.0,12.0,11.0,0.0,1.0,128.0,11.0,QB,0.0,0.0,0.0,0.0,0.0,2.0,0.0,3.0,0.0,Cowboys,0.0,0.7142857142857143,1.0,Redskins,230.42857142857144,21.0,7.7142857142857135,DST,113.42857142857143,1.0,0.0,343.8571428571428,0.14285714285714285,0.42857142857142855
2,2014.0,13,Colt McCoy,0.0,0.0,Colts,0.0,21.0,18.0,0.5,0.5,213.5,13.5,QB,0.0,0.0,0.0,0.0,0.0,4.5,0.5,9.5,0.5,Colts,0.09090909090909093,0.9090909090909092,0.8181818181818182,Redskins,249.3636363636364,23.272727272727273,10.0,DST,109.9090909090909,2.5454545454545454,0.0,359.27272727272725,0.09090909090909093,0.4545454545454545
3,2014.0,14,Colt McCoy,0.0,0.3333333333333333,Rams,0.0,29.66666666666667,22.33333333333333,0.3333333333333333,1.3333333333333333,273.0,20.0,QB,0.0,0.0,0.0,0.0,0.0,4.0,0.3333333333333333,10.333333333333334,0.6666666666666666,Rams,0.16666666666666666,0.9166666666666666,0.8333333333333334,Redskins,245.25,23.75,10.666666666666666,DST,111.25,2.333333333333333,0.0,356.5,0.3333333333333333,0.5
4,2014.0,15,Colt McCoy,0.0,0.25,Giants,0.0,30.25,21.75,0.75,1.0,254.5,16.0,QB,0.0,0.0,0.0,0.0,0.0,3.5,0.25,10.5,0.5,Giants,0.07692307692307693,0.4615384615384616,1.1538461538461535,Redskins,236.84615384615384,25.07692307692308,8.461538461538463,DST,134.46153846153842,2.6153846153846154,0.0,371.3076923076923,0.07692307692307693,0.5384615384615384
