,Year,Week,Name,Fumble TD,Fumbles Lost,Opponent,Pass 2PT,Pass Attempts,Pass Completions,Pass Interceptions,Pass TD,Pass Yards,Points,Position,Receiving 2PT,Receiving TD,Receiving Yards,Receptions,Rush 2PT,Rush Attempts,Rush TD,Rush Yards,Away Games
1920,2014.0,4,Charlie Whitehurst,0.0,0.0,Colts,0.0,23.0,12.0,1.0,1.0,177.0,15.0,QB,0.0,0.0,0.0,0.0,0.0,5.0,0.0,40.0,1.0
1951,2014.0,5,Charlie Whitehurst,0.0,0.0,Browns,0.0,23.0,12.0,1.0,1.0,177.0,15.0,QB,0.0,0.0,0.0,0.0,0.0,5.0,0.0,40.0,1.0
2000,2014.0,6,Charlie Whitehurst,0.0,0.0,Jaguars,0.0,22.0,12.5,0.5,1.5,185.5,17.0,QB,0.0,0.0,0.0,0.0,0.0,3.5,0.0,19.5,0.5
2023,2014.0,7,Charlie Whitehurst,0.0,0.0,Redskins,0.0,24.0,14.0,0.3333333333333333,1.0,201.33333333333334,14.333333333333334,QB,0.0,0.0,0.0,0.0,0.0,3.0,0.0,13.333333333333334,0.3333333333333333
2295,2014.0,15,Charlie Whitehurst,0.0,0.0,Jets,0.0,24.5,14.75,0.5,1.25,191.0,15.0,QB,0.0,0.0,0.0,0.0,0.0,2.75,0.0,12.5,0.5
2324,2014.0,16,Charlie Whitehurst,0.0,0.0,Jaguars,0.0,24.4,13.8,0.4,1.0,193.4,13.8,QB,0.0,0.0,2.0,0.0,0.0,2.6,0.0,11.8,0.4
2371,2014.0,17,Charlie Whitehurst,0.0,0.0,Colts,0.0,26.166666666666668,15.5,0.3333333333333333,1.0,209.0,14.5,QB,0.0,0.0,1.6666666666666667,0.0,0.0,2.6666666666666665,0.0,11.833333333333334,0.5
