,Year,Week,Name,Fumble TD,Fumbles Lost,Opponent,Pass 2PT,Pass Attempts,Pass Completions,Pass Interceptions,Pass TD,Pass Yards,Points,Position,Receiving 2PT,Receiving TD,Receiving Yards,Receptions,Rush 2PT,Rush Attempts,Rush TD,Rush Yards,Away Games
2472,2015.0,1,Ryan Griffin,0.0,0.0,Chiefs,0.0,0.0,0.0,0.0,0.0,0.0,1.0,TE,0.0,0.0,18.0,1.0,0.0,0.0,0.0,0.0,0.0
2887,2015.0,10,Ryan Griffin,0.0,0.0,Bengals,0.0,0.0,0.0,0.0,0.0,0.0,1.0,TE,0.0,0.0,18.0,1.0,0.0,0.0,0.0,0.0,0.0
2956,2015.0,11,Ryan Griffin,0.0,0.0,Jets,0.0,0.0,0.0,0.0,0.0,0.0,2.0,TE,0.0,0.0,27.0,2.0,0.0,0.0,0.0,0.0,0.5
2966,2015.0,12,Ryan Griffin,0.0,0.0,Saints,0.0,0.0,0.0,0.0,0.0,0.0,1.3333333333333333,TE,0.0,0.0,20.0,2.0,0.0,0.0,0.0,0.0,0.3333333333333333
3030,2015.0,13,Ryan Griffin,0.0,0.0,Bills,0.0,0.0,0.0,0.0,0.0,0.0,4.25,TE,0.0,0.25,33.0,2.5,0.0,0.0,0.0,0.0,0.25
3116,2015.0,14,Ryan Griffin,0.0,0.0,Patriots,0.0,0.0,0.0,0.0,0.0,0.0,5.0,TE,0.0,0.4,32.2,2.6,0.0,0.0,0.0,0.0,0.4
3160,2015.0,15,Ryan Griffin,0.0,0.0,Colts,0.0,0.0,0.0,0.0,0.0,0.0,4.5,TE,0.0,0.3333333333333333,30.166666666666668,2.3333333333333335,0.0,0.0,0.0,0.0,0.3333333333333333
3226,2015.0,16,Ryan Griffin,0.0,0.0,Titans,0.0,0.0,0.0,0.0,0.0,0.0,4.285714285714286,TE,0.0,0.2857142857142857,30.142857142857142,2.2857142857142856,0.0,0.0,0.0,0.0,0.42857142857142855
3274,2015.0,17,Ryan Griffin,0.0,0.0,Jaguars,0.0,0.0,0.0,0.0,0.0,0.0,3.875,TE,0.0,0.25,28.0,2.125,0.0,0.0,0.0,0.0,0.5
