,Year,Week,Name,Fumble TD,Fumbles Lost,Opponent_x,Pass 2PT,Pass Attempts,Pass Completions,Pass Interceptions,Pass TD,Pass Yards,Points_x,Position_x,Receiving 2PT,Receiving TD,Receiving Yards,Receptions,Rush 2PT,Rush Attempts,Rush TD,Rush Yards,Away Games_x,Team,Blocks,Fumble Returns,Interception,Opponent_y,Pass Yards Allowed,Point After,Points_y,Position_y,Rush Yards Allowed,Sack,Safety,Total Yards,Touchdowns,Away Games_y
0,2016.0,2,Corey Grant,0.0,0.0,Chargers,0.0,0.0,0.0,0.0,0.0,0.0,7.0,RB,0.0,1.0,15.0,1.0,0.0,0.0,0.0,0.0,1.0,Chargers,0.0,0.0,1.0,Jaguars,330.0,33.0,5.0,DST,83.0,3.0,0.0,413.0,0.0,1.0
1,2016.0,13,Corey Grant,0.0,0.0,Broncos,0.0,0.0,0.0,0.0,0.0,0.0,7.0,RB,0.0,1.0,15.0,1.0,0.0,0.0,0.0,0.0,1.0,Broncos,0.18181818181818185,0.9090909090909092,0.9090909090909092,Jaguars,193.9090909090909,19.90909090909091,12.0,DST,120.0,3.1818181818181817,0.0,313.90909090909093,0.2727272727272727,0.4545454545454545
2,2016.0,16,Corey Grant,0.0,0.0,Titans,0.0,0.0,0.0,0.0,0.0,0.0,2.6666666666666665,RB,0.0,0.3333333333333333,5.0,0.3333333333333333,0.0,1.6666666666666667,0.0,5.0,0.3333333333333333,Titans,0.0,0.2857142857142857,0.8571428571428571,Jaguars,266.64285714285717,23.07142857142857,6.857142857142858,DST,91.64285714285714,2.4285714285714284,0.0,358.28571428571433,0.0,0.5
3,2016.0,17,Corey Grant,0.0,0.0,Colts,0.0,0.0,0.0,0.0,0.0,0.0,2.5,RB,0.0,0.25,5.0,0.5,0.0,3.5,0.0,10.5,0.25,Colts,0.13333333333333333,0.4666666666666667,0.5333333333333333,Jaguars,260.8,24.8,6.933333333333334,DST,116.26666666666668,2.066666666666667,0.0,377.06666666666666,0.13333333333333333,0.5333333333333333
