,Year,Week,Name,Fumble TD,Fumbles Lost,Opponent,Pass 2PT,Pass Attempts,Pass Completions,Pass Interceptions,Pass TD,Pass Yards,Points,Position,Receiving 2PT,Receiving TD,Receiving Yards,Receptions,Rush 2PT,Rush Attempts,Rush TD,Rush Yards,Away Games
1201,2012.0,1,Matt Cassel,0.0,1.0,Falcons,0.0,33.0,21.0,2.0,1.0,258.0,19.0,QB,0.0,0.0,0.0,0.0,0.0,4.0,1.0,20.0,0.0
1232,2012.0,2,Matt Cassel,0.0,1.0,Bills,0.0,33.0,21.0,2.0,1.0,258.0,19.0,QB,0.0,0.0,0.0,0.0,0.0,4.0,1.0,20.0,0.0
1287,2012.0,3,Matt Cassel,0.0,1.0,Saints,0.0,37.5,22.0,1.5,1.5,279.5,21.0,QB,0.0,0.0,0.0,0.0,0.0,3.0,0.5,22.5,0.5
1312,2012.0,4,Matt Cassel,0.0,1.0,Chargers,0.0,39.666666666666664,23.333333333333332,1.3333333333333333,1.0,269.0,16.0,QB,0.0,0.0,0.0,0.0,0.0,2.3333333333333335,0.3333333333333333,15.666666666666666,0.6666666666666666
1364,2012.0,5,Matt Cassel,0.0,0.75,Ravens,0.0,40.25,23.5,1.75,1.25,264.5,16.0,QB,0.0,0.0,0.0,0.0,0.0,1.75,0.25,11.75,0.5
1445,2012.0,8,Matt Cassel,0.0,1.0,Raiders,0.0,35.2,20.6,1.8,1.0,230.0,12.4,QB,0.0,0.0,0.0,0.0,0.0,2.2,0.2,12.2,0.4
1486,2012.0,9,Matt Cassel,0.0,1.0,Chargers,0.0,34.333333333333336,20.5,1.6666666666666667,1.0,228.0,12.666666666666666,QB,0.0,0.0,0.0,0.0,0.0,3.0,0.16666666666666666,16.0,0.3333333333333333
1518,2012.0,10,Matt Cassel,0.0,1.0,Steelers,0.0,33.57142857142857,20.285714285714285,1.5714285714285714,0.8571428571428571,221.28571428571428,11.857142857142858,QB,0.0,0.0,0.0,0.0,0.0,3.4285714285714284,0.14285714285714285,19.0,0.42857142857142855
1557,2012.0,11,Matt Cassel,0.0,0.875,Bengals,0.0,32.625,19.125,1.5,0.75,212.875,11.0,QB,0.0,0.0,0.0,0.0,0.0,3.25,0.125,18.125,0.5
