,Year,Week,Name,Fumble TD,Fumbles Lost,Opponent,Pass 2PT,Pass Attempts,Pass Completions,Pass Interceptions,Pass TD,Pass Yards,Points,Position,Receiving 2PT,Receiving TD,Receiving Yards,Receptions,Rush 2PT,Rush Attempts,Rush TD,Rush Yards,Away Games
10830,2014.0,1,Chris Givens,0.0,0.0,Min,0.0,0.0,0.0,0.0,0.0,0.0,3.0,WR,0.0,0.0,30.0,2.0,0.0,1.0,0.0,4.0,0.0
10965,2014.0,2,Chris Givens,0.0,0.0,Buccaneers,0.0,0.0,0.0,0.0,0.0,0.0,3.0,WR,0.0,0.0,30.0,2.0,0.0,1.0,0.0,4.0,0.0
11109,2014.0,3,Chris Givens,0.0,0.0,Cowboys,0.0,0.0,0.0,0.0,0.0,0.0,2.0,WR,0.0,0.0,22.5,1.5,0.0,0.5,0.0,2.0,0.5
11514,2014.0,7,Chris Givens,0.0,0.0,Seahawks,0.0,0.0,0.0,0.0,0.0,0.0,1.3333333333333333,WR,0.0,0.0,16.666666666666668,1.3333333333333333,0.0,0.3333333333333333,0.0,1.3333333333333333,0.3333333333333333
11644,2014.0,8,Chris Givens,0.0,0.0,Chiefs,0.0,0.0,0.0,0.0,0.0,0.0,1.75,WR,0.0,0.0,20.0,1.25,0.0,0.25,0.0,1.0,0.25
11859,2014.0,10,Chris Givens,0.0,0.0,Cardinals,0.0,0.0,0.0,0.0,0.0,0.0,1.6,WR,0.0,0.0,18.4,1.2,0.0,0.2,0.0,0.8,0.4
12419,2014.0,16,Chris Givens,0.0,0.0,Giants,0.0,0.0,0.0,0.0,0.0,0.0,1.3333333333333333,WR,0.0,0.0,15.666666666666666,1.3333333333333333,0.0,0.16666666666666666,0.0,0.6666666666666666,0.5
12600,2014.0,17,Chris Givens,0.0,0.0,Seahawks,0.0,0.0,0.0,0.0,0.0,0.0,2.5714285714285716,WR,0.0,0.14285714285714285,20.142857142857142,1.2857142857142858,0.0,0.14285714285714285,0.0,0.5714285714285714,0.42857142857142855
