,Year,Week,Name,Fumble TD,Fumbles Lost,Opponent_x,Pass 2PT,Pass Attempts,Pass Completions,Pass Interceptions,Pass TD,Pass Yards,Points_x,Position_x,Receiving 2PT,Receiving TD,Receiving Yards,Receptions,Rush 2PT,Rush Attempts,Rush TD,Rush Yards,Away Games_x,Team,Blocks,Fumble Returns,Interception,Opponent_y,Pass Yards Allowed,Point After,Points_y,Position_y,Rush Yards Allowed,Sack,Safety,Total Yards,Touchdowns,Away Games_y
0,2012.0,1,Brandon Banks,0.0,0.0,Saints,0.0,0.0,0.0,0.0,0.0,0.0,0.0,WR,0.0,0.0,6.0,1.0,0.0,0.0,0.0,0.0,1.0,Saints,1.0,0.0,0.0,Redskins,306.0,40.0,10.0,DST,153.0,2.0,0.0,459.0,1.0,0.0
1,2012.0,3,Brandon Banks,0.0,0.0,Bengals,0.0,0.0,0.0,0.0,0.0,0.0,0.0,WR,0.0,0.0,6.0,1.0,0.0,0.0,0.0,0.0,1.0,Bengals,0.0,0.5,0.0,Redskins,308.5,35.5,7.0,DST,126.0,2.5,0.0,434.5,0.5,0.5
2,2012.0,9,Brandon Banks,0.0,0.0,Panthers,0.0,0.0,0.0,0.0,0.0,0.0,0.6666666666666666,WR,0.0,0.0,4.666666666666667,1.3333333333333333,0.0,1.6666666666666667,0.0,9.0,0.3333333333333333,Panthers,0.0,0.5714285714285714,0.8571428571428571,Redskins,229.42857142857144,23.857142857142854,10.571428571428571,DST,114.42857142857143,2.8571428571428568,0.14285714285714285,343.8571428571428,0.42857142857142855,0.42857142857142855
3,2012.0,11,Brandon Banks,0.0,0.0,Eagles,0.0,0.0,0.0,0.0,0.0,0.0,0.5,WR,0.0,0.0,1.75,1.5,0.0,1.5,0.0,7.5,0.25,Eagles,0.1111111111111111,0.3333333333333333,0.7777777777777778,Redskins,225.33333333333331,24.555555555555557,5.666666666666668,DST,112.66666666666669,1.5555555555555556,0.0,338.0,0.0,0.4444444444444444
4,2012.0,12,Brandon Banks,0.0,0.0,Cowboys,0.0,0.0,0.0,0.0,0.0,0.0,0.4,WR,0.0,0.0,1.4,1.4,0.0,1.4,0.0,7.2,0.2,Cowboys,0.0,0.7,0.4,Redskins,211.4,22.4,8.5,DST,106.6,2.0,0.0,318.0,0.3,0.6
