,Year,Week,Name,Fumble TD,Fumbles Lost,Opponent_x,Pass 2PT,Pass Attempts,Pass Completions,Pass Interceptions,Pass TD,Pass Yards,Points_x,Position_x,Receiving 2PT,Receiving TD,Receiving Yards,Receptions,Rush 2PT,Rush Attempts,Rush TD,Rush Yards,Away Games_x,Team,Blocks,Fumble Returns,Interception,Opponent_y,Pass Yards Allowed,Point After,Points_y,Position_y,Rush Yards Allowed,Sack,Safety,Total Yards,Touchdowns,Away Games_y
0,2015.0,4,John Kuhn,0.0,0.0,49ers,0.0,0.0,0.0,0.0,0.0,0.0,6.0,RB,0.0,0.0,8.0,1.0,0.0,1.0,1.0,1.0,1.0,49ers,0.0,0.0,0.6666666666666666,Packers,284.3333333333333,31.0,6.666666666666668,DST,98.0,2.0,0.0,382.33333333333326,0.0,0.6666666666666666
1,2015.0,5,John Kuhn,0.0,0.0,Rams,0.0,0.0,0.0,0.0,0.0,0.0,6.0,RB,0.0,0.0,8.0,1.0,0.0,1.0,1.0,1.0,1.0,Rams,0.0,0.75,0.75,Packers,235.25,22.25,11.0,DST,120.25,4.25,0.0,355.5,0.25,0.5
2,2015.0,6,John Kuhn,0.0,0.0,Chargers,0.0,0.0,0.0,0.0,0.0,0.0,3.0,RB,0.0,0.0,4.0,0.5,0.0,1.0,0.5,2.0,0.5,Chargers,0.0,0.6,0.8,Packers,218.8,26.8,5.0,DST,132.4,1.6,0.0,351.2,0.0,0.4
3,2015.0,14,John Kuhn,0.0,0.0,Cowboys,0.0,0.0,0.0,0.0,0.0,0.0,2.0,RB,0.0,0.0,7.0,0.75,0.0,0.75,0.25,2.0,0.5,Cowboys,0.25,0.16666666666666666,0.5,Packers,222.08333333333331,23.08333333333333,7.416666666666668,DST,104.08333333333331,1.9166666666666667,0.0,326.1666666666667,0.16666666666666666,0.5
4,2015.0,15,John Kuhn,0.0,0.0,Raiders,0.0,0.0,0.0,0.0,0.0,0.0,1.8,RB,0.0,0.0,8.4,0.8,0.0,0.8,0.2,2.0,0.4,Raiders,0.3076923076923077,0.6923076923076923,0.8461538461538461,Packers,271.46153846153845,25.07692307692308,8.384615384615385,DST,101.07692307692308,2.6153846153846154,0.07692307692307693,372.5384615384616,0.0,0.5384615384615384
5,2015.0,16,John Kuhn,0.0,0.0,Cardinals,0.0,0.0,0.0,0.0,0.0,0.0,2.6666666666666665,RB,0.0,0.0,7.0,0.6666666666666666,0.0,1.1666666666666667,0.3333333333333333,3.6666666666666665,0.5,Cardinals,0.0,0.7857142857142857,1.2857142857142858,Packers,242.92857142857144,19.214285714285715,12.071428571428573,DST,86.7142857142857,1.8571428571428568,0.14285714285714285,329.64285714285717,0.35714285714285715,0.5714285714285714
