,Year,Week,Name,Fumble TD,Fumbles Lost,Opponent_x,Pass 2PT,Pass Attempts,Pass Completions,Pass Interceptions,Pass TD,Pass Yards,Points_x,Position_x,Receiving 2PT,Receiving TD,Receiving Yards,Receptions,Rush 2PT,Rush Attempts,Rush TD,Rush Yards,Away Games_x,Team,Blocks,Fumble Returns,Interception,Opponent_y,Pass Yards Allowed,Point After,Points_y,Position_y,Rush Yards Allowed,Sack,Safety,Total Yards,Touchdowns,Away Games_y
0,2013.0,2,David Paulson,0.0,1.0,Bengals,0.0,0.0,0.0,0.0,0.0,0.0,3.0,TE,0.0,0.0,49.0,3.0,0.0,0.0,0.0,0.0,1.0,Bengals,0.0,0.0,1.0,Steelers,242.0,24.0,3.0,DST,81.0,0.0,0.0,323.0,0.0,1.0
1,2013.0,3,David Paulson,0.0,1.0,Bears,0.0,0.0,0.0,0.0,0.0,0.0,3.0,TE,0.0,0.0,49.0,3.0,0.0,0.0,0.0,0.0,1.0,Bears,0.0,1.5,1.5,Steelers,252.0,25.5,10.5,DST,93.0,1.0,0.0,345.0,0.5,0.0
2,2013.0,7,David Paulson,0.0,0.5,Ravens,0.0,0.0,0.0,0.0,0.0,0.0,1.5,TE,0.0,0.0,27.5,2.0,0.0,0.0,0.0,0.0,0.5,Ravens,0.0,0.5,0.6666666666666666,Steelers,254.33333333333331,21.5,11.833333333333336,DST,98.16666666666669,3.6666666666666665,0.0,352.5,0.3333333333333333,0.5
3,2013.0,16,David Paulson,0.0,0.3333333333333333,Packers,0.0,0.0,0.0,0.0,0.0,0.0,1.3333333333333333,TE,0.0,0.0,24.0,1.6666666666666667,0.0,0.0,0.0,0.0,0.3333333333333333,Packers,0.14285714285714285,0.6428571428571429,0.6428571428571429,Steelers,252.85714285714286,25.857142857142854,9.071428571428571,DST,123.42857142857143,3.0,0.0,376.28571428571433,0.21428571428571427,0.5
