,Year,Week,Name,Fumble TD,Fumbles Lost,Opponent,Pass 2PT,Pass Attempts,Pass Completions,Pass Interceptions,Pass TD,Pass Yards,Points,Position,Receiving 2PT,Receiving TD,Receiving Yards,Receptions,Rush 2PT,Rush Attempts,Rush TD,Rush Yards,Away Games
594,2015.0,1,Tony Romo,0.0,0.0,Giants,0.0,45.0,36.0,2.0,3.0,356.0,28.0,QB,0.0,0.0,0.0,0.0,0.0,1.0,0.0,-1.0,0.0
657,2015.0,2,Tony Romo,0.0,0.0,Eagles,0.0,45.0,36.0,2.0,3.0,356.0,28.0,QB,0.0,0.0,0.0,0.0,0.0,1.0,0.0,-1.0,0.0
933,2015.0,11,Tony Romo,0.0,0.5,Dolphins,0.0,36.0,27.0,1.0,1.5,275.5,17.5,QB,0.0,0.0,0.0,0.0,0.0,1.0,0.0,5.5,0.5
985,2015.0,12,Tony Romo,0.0,0.3333333333333333,Panthers,0.0,33.333333333333336,24.0,1.3333333333333333,1.6666666666666667,259.3333333333333,17.333333333333332,QB,0.0,0.0,0.0,0.0,0.0,1.3333333333333333,0.0,4.333333333333333,0.6666666666666666
