,Year,Week,Name,Fumble TD,Fumbles Lost,Opponent_x,Pass 2PT,Pass Attempts,Pass Completions,Pass Interceptions,Pass TD,Pass Yards,Points_x,Position_x,Receiving 2PT,Receiving TD,Receiving Yards,Receptions,Rush 2PT,Rush Attempts,Rush TD,Rush Yards,Away Games_x,Team,Blocks,Fumble Returns,Interception,Opponent_y,Pass Yards Allowed,Point After,Points_y,Position_y,Rush Yards Allowed,Sack,Safety,Total Yards,Touchdowns,Away Games_y
0,2015.0,1,Tony Romo,0.0,0.0,Giants,0.0,45.0,36.0,2.0,3.0,356.0,28.0,QB,0.0,0.0,0.0,0.0,0.0,1.0,0.0,-1.0,0.0,Giants,0.0,1.0,2.0,Cowboys,356.0,27.0,13.0,DST,80.0,0.0,0.0,436.0,1.0,1.0
1,2015.0,2,Tony Romo,0.0,0.0,Eagles,0.0,45.0,36.0,2.0,3.0,356.0,28.0,QB,0.0,0.0,0.0,0.0,0.0,1.0,0.0,-1.0,0.0,Eagles,0.0,0.0,2.0,Cowboys,290.0,26.0,6.0,DST,105.0,1.0,0.0,395.0,0.0,1.0
2,2015.0,11,Tony Romo,0.0,0.5,Dolphins,0.0,36.0,27.0,1.0,1.5,275.5,17.5,QB,0.0,0.0,0.0,0.0,0.0,1.0,0.0,5.5,0.5,Dolphins,0.1111111111111111,0.2222222222222222,0.7777777777777778,Cowboys,254.66666666666663,25.0,8.777777777777779,DST,135.55555555555554,2.2222222222222223,0.0,390.22222222222223,0.3333333333333333,0.6666666666666666
3,2015.0,12,Tony Romo,0.0,0.3333333333333333,Panthers,0.0,33.333333333333336,24.0,1.3333333333333333,1.6666666666666667,259.3333333333333,17.333333333333332,QB,0.0,0.0,0.0,0.0,0.0,1.3333333333333333,0.0,4.333333333333333,0.6666666666666666,Panthers,0.0,1.0,1.5,Cowboys,228.3,19.1,12.9,DST,94.5,3.1,0.0,322.8,0.3,0.4
