,Unnamed: 0.1_x,Unnamed: 0.1.1_x,Fumble TD,Fumbles Lost,Name,Opponent_x,Pass 2PT,Pass Attempts,Pass Completions,Pass Interceptions,Pass TD,Pass Yards,Points_x,Position_x,Receiving 2PT,Receiving TD,Receiving Yards,Receptions,Rush 2PT,Rush Attempts,Rush TD,Rush Yards,Week,Year,Unnamed: 0.1_y,Unnamed: 0.1.1_y,Blocks,Fumble Returns,Interception,Opponent_y,Pass Yards Allowed,Point After,Points_y,Position_y,Rush Yards Allowed,Sack,Safety,Team,Total Yards,Touchdowns
0,60,60.0,0.0,0.0,Branden Oliver,Broncos,0.0,0.0,0.0,0.0,0.0,0.0,1.0,RB,0.0,0.0,0.0,0.0,0.0,4.0,0.0,10.0,1,2017.0,16,16.0,1.0,0.0,1.0,Chargers,185.0,21.0,6.0,DST,64.0,1.0,0.0,Broncos,249.0,0.0
1,130,60.0,0.0,0.0,Branden Oliver,Chargers,0.0,0.0,0.0,0.0,0.0,0.0,1.0,RB,0.0,0.0,0.0,0.0,0.0,4.0,0.0,10.0,2,2017.0,50,13.0,0.0,1.0,1.0,Dolphins,181.0,24.0,9.0,DST,140.0,4.0,0.0,Chargers,321.0,0.0
2,223,95.0,0.0,0.0,Branden Oliver,Chargers,0.0,0.0,0.0,0.0,0.0,0.0,2.0,RB,0.0,0.0,0.0,0.0,0.0,3.5,0.0,20.5,3,2017.0,79,31.5,0.0,0.5,0.5,Chiefs,203.0,21.5,7.5,DST,125.5,3.0,0.0,Chargers,328.5,0.0
3,349,137.66666666666666,0.0,0.0,Branden Oliver,Chargers,0.0,0.0,0.0,0.0,0.0,0.0,2.0,RB,0.0,0.0,6.0,1.3333333333333333,0.0,5.0,0.0,19.0,4,2017.0,122,47.33333333333334,0.0,0.3333333333333333,0.3333333333333333,Eagles,176.0,22.33333333333333,7.0,DST,146.66666666666666,3.6666666666666665,0.0,Chargers,322.6666666666667,0.0
4,653,190.5,0.0,0.0,Branden Oliver,Patriots,0.0,0.0,0.0,0.0,0.0,0.0,1.5,RB,0.0,0.0,5.0,1.25,0.0,4.25,0.0,14.5,8,2017.0,220,108.85714285714286,0.14285714285714285,0.42857142857142855,0.7142857142857143,Chargers,310.2857142857143,23.714285714285715,7.428571428571429,DST,116.42857142857143,2.142857142857143,0.0,Patriots,426.71428571428567,0.0
