,Unnamed: 0,50+,FGA,FGM,Name,Opponent,Points,Position,Week,XPA,XPM,Year,Away Games
3160,28.0,0.0,0.0,0.0,Randy Bullock,Cowboys,2.0,K,1,3.0,2.0,2016.0,1.0
3505,28.0,0.0,0.0,0.0,Randy Bullock,Giants,2.0,K,13,3.0,2.0,2016.0,1.0
3579,200.5,0.0,1.5,1.5,Randy Bullock,Steelers,6.0,K,15,2.0,1.5,2016.0,0.5
3620,282.6666666666667,0.0,1.6666666666666667,1.6666666666666667,Randy Bullock,Texans,6.666666666666667,K,16,2.0,1.6666666666666667,2016.0,0.3333333333333333
3636,334.0,0.0,1.75,1.5,Randy Bullock,Ravens,6.0,K,17,1.75,1.5,2016.0,0.5
