,Unnamed: 0.1,50+,FGA,FGM,Name,Opponent_x,Points_x,Position_x,Week,XPA,XPM,Year,Away Games_x,Team,Blocks,Fumble Returns,Interception,Opponent_y,Pass Yards Allowed,Point After,Points_y,Position_y,Rush Yards Allowed,Sack,Safety,Total Yards,Touchdowns,Away Games_y
0,28.0,0.0,0.0,0.0,Randy Bullock,Cowboys,2.0,K,1,3.0,2.0,2016.0,1.0,Cowboys,0.0,0.0,1.0,Giants,203.0,20.0,8.0,DST,113.0,2.0,0.0,316.0,0.0,0.0
1,28.0,0.0,0.0,0.0,Randy Bullock,Giants,2.0,K,13,3.0,2.0,2016.0,1.0,Giants,0.18181818181818185,0.3636363636363637,0.9090909090909092,Steelers,264.72727272727275,19.363636363636363,10.181818181818182,DST,89.0909090909091,2.272727272727273,0.0,353.8181818181818,0.2727272727272727,0.4545454545454545
2,200.5,0.0,1.5,1.5,Randy Bullock,Steelers,6.0,K,15,2.0,1.5,2016.0,0.5,Steelers,0.07692307692307693,0.5384615384615384,0.7692307692307693,Bengals,252.61538461538458,19.69230769230769,9.076923076923077,DST,90.07692307692308,2.3846153846153846,0.07692307692307693,342.6923076923077,0.07692307692307693,0.5384615384615384
3,282.6666666666667,0.0,1.6666666666666667,1.6666666666666667,Randy Bullock,Texans,6.666666666666668,K,16,2.0,1.6666666666666667,2016.0,0.3333333333333333,Texans,0.0,0.42857142857142855,0.6428571428571429,Bengals,203.5,21.0,7.5,DST,103.0,1.7142857142857142,0.07142857142857142,306.5,0.14285714285714285,0.5
4,334.0,0.0,1.75,1.5,Randy Bullock,Ravens,6.0,K,17,1.75,1.5,2016.0,0.5,Ravens,0.26666666666666666,0.6666666666666666,1.2,Bengals,233.7333333333333,19.6,10.4,DST,85.13333333333334,2.0,0.0,318.8666666666667,0.13333333333333333,0.4666666666666667
