,Year,Week,Name,Fumble TD,Fumbles Lost,Opponent_x,Pass 2PT,Pass Attempts,Pass Completions,Pass Interceptions,Pass TD,Pass Yards,Points_x,Position_x,Receiving 2PT,Receiving TD,Receiving Yards,Receptions,Rush 2PT,Rush Attempts,Rush TD,Rush Yards,Away Games_x,Team,Blocks,Fumble Returns,Interception,Opponent_y,Pass Yards Allowed,Point After,Points_y,Position_y,Rush Yards Allowed,Sack,Safety,Total Yards,Touchdowns,Away Games_y
0,2014.0,1,C.J. Spiller,0.0,0.0,Bears,0.0,0.0,0.0,0.0,0.0,0.0,12.0,RB,0.0,1.0,11.0,3.0,0.0,15.0,0.0,53.0,1.0,Bears,0.0,0.0,1.0,Bills,167.0,23.0,4.0,DST,193.0,1.0,0.0,360.0,0.0,0.0
1,2014.0,2,C.J. Spiller,0.0,0.0,Dolphins,0.0,0.0,0.0,0.0,0.0,0.0,12.0,RB,0.0,1.0,11.0,3.0,0.0,15.0,0.0,53.0,1.0,Dolphins,1.0,2.0,0.0,Bills,226.0,20.0,14.0,DST,89.0,4.0,0.0,315.0,0.0,0.0
2,2014.0,3,C.J. Spiller,0.0,0.0,Chargers,0.0,0.0,0.0,0.0,0.0,0.0,9.0,RB,0.0,0.5,10.0,2.0,0.0,13.5,0.0,61.0,0.5,Chargers,0.5,1.5,0.0,Bills,237.0,19.5,8.5,DST,108.5,2.0,0.0,345.5,0.0,0.5
3,2014.0,4,C.J. Spiller,0.0,0.0,Texans,0.0,0.0,0.0,0.0,0.0,0.0,7.666666666666668,RB,0.0,0.3333333333333333,19.0,2.333333333333333,0.0,12.333333333333336,0.0,49.0,0.3333333333333333,Texans,0.6666666666666666,1.6666666666666667,0.6666666666666666,Bills,243.33333333333331,16.666666666666668,14.0,DST,141.66666666666666,1.3333333333333333,0.0,385.0,0.3333333333333333,0.6666666666666666
4,2014.0,5,C.J. Spiller,0.0,0.0,Lions,0.0,0.0,0.0,0.0,0.0,0.0,7.75,RB,0.0,0.25,20.25,2.5,0.0,13.0,0.0,51.75,0.5,Lions,0.0,0.5,0.75,Bills,186.5,15.5,11.0,DST,80.75,2.5,0.25,267.25,0.25,0.5
5,2014.0,6,C.J. Spiller,0.0,0.0,Patriots,0.0,0.0,0.0,0.0,0.0,0.0,6.6,RB,0.0,0.2,21.2,2.6,0.0,12.4,0.0,43.0,0.6,Patriots,0.2,1.0,1.2,Bills,196.6,21.4,12.8,DST,119.6,2.0,0.0,316.2,0.4,0.6
6,2014.0,16,C.J. Spiller,0.0,0.14285714285714285,Raiders,0.0,0.0,0.0,0.0,0.0,0.0,5.428571428571429,RB,0.0,0.14285714285714285,15.571428571428573,2.0,0.0,9.857142857142858,0.0,41.0,0.42857142857142855,Raiders,0.14285714285714285,0.2857142857142857,0.5,Bills,228.07142857142856,27.214285714285715,5.642857142857142,DST,125.42857142857143,1.3571428571428572,0.0,353.5,0.07142857142857142,0.5
7,2014.0,17,C.J. Spiller,0.0,0.125,Patriots,0.0,0.0,0.0,0.0,0.0,0.0,4.875,RB,0.0,0.125,15.375,2.25,0.0,9.125,0.0,35.375,0.5,Patriots,0.3333333333333333,0.5333333333333333,1.0666666666666669,Bills,244.86666666666667,19.733333333333334,11.666666666666664,DST,104.33333333333331,2.533333333333333,0.0,349.2,0.3333333333333333,0.5333333333333333
