,Year,Week,Name,Fumble TD,Fumbles Lost,Opponent,Pass 2PT,Pass Attempts,Pass Completions,Pass Interceptions,Pass TD,Pass Yards,Points,Position,Receiving 2PT,Receiving TD,Receiving Yards,Receptions,Rush 2PT,Rush Attempts,Rush TD,Rush Yards,Away Games
7124,2014.0,1,C.J. Spiller,0.0,0.0,Bears,0.0,0.0,0.0,0.0,0.0,0.0,12.0,RB,0.0,1.0,11.0,3.0,0.0,15.0,0.0,53.0,1.0
7233,2014.0,2,C.J. Spiller,0.0,0.0,Dolphins,0.0,0.0,0.0,0.0,0.0,0.0,12.0,RB,0.0,1.0,11.0,3.0,0.0,15.0,0.0,53.0,1.0
7326,2014.0,3,C.J. Spiller,0.0,0.0,Chargers,0.0,0.0,0.0,0.0,0.0,0.0,9.0,RB,0.0,0.5,10.0,2.0,0.0,13.5,0.0,61.0,0.5
7400,2014.0,4,C.J. Spiller,0.0,0.0,Texans,0.0,0.0,0.0,0.0,0.0,0.0,7.666666666666667,RB,0.0,0.3333333333333333,19.0,2.3333333333333335,0.0,12.333333333333334,0.0,49.0,0.3333333333333333
7503,2014.0,5,C.J. Spiller,0.0,0.0,Lions,0.0,0.0,0.0,0.0,0.0,0.0,7.75,RB,0.0,0.25,20.25,2.5,0.0,13.0,0.0,51.75,0.5
7609,2014.0,6,C.J. Spiller,0.0,0.0,Patriots,0.0,0.0,0.0,0.0,0.0,0.0,6.6,RB,0.0,0.2,21.2,2.6,0.0,12.4,0.0,43.0,0.6
7647,2014.0,7,C.J. Spiller,0.0,0.16666666666666666,Min,0.0,0.0,0.0,0.0,0.0,0.0,5.5,RB,0.0,0.16666666666666666,17.666666666666668,2.1666666666666665,0.0,11.333333333333334,0.0,39.0,0.5
8420,2014.0,16,C.J. Spiller,0.0,0.14285714285714285,Raiders,0.0,0.0,0.0,0.0,0.0,0.0,5.428571428571429,RB,0.0,0.14285714285714285,15.571428571428571,2.0,0.0,9.857142857142858,0.0,41.0,0.42857142857142855
8512,2014.0,17,C.J. Spiller,0.0,0.125,Patriots,0.0,0.0,0.0,0.0,0.0,0.0,4.875,RB,0.0,0.125,15.375,2.25,0.0,9.125,0.0,35.375,0.5
