,Year,Week,Name,Fumble TD,Fumbles Lost,Opponent_x,Pass 2PT,Pass Attempts,Pass Completions,Pass Interceptions,Pass TD,Pass Yards,Points_x,Position_x,Receiving 2PT,Receiving TD,Receiving Yards,Receptions,Rush 2PT,Rush Attempts,Rush TD,Rush Yards,Away Games_x,Team,Blocks,Fumble Returns,Interception,Opponent_y,Pass Yards Allowed,Point After,Points_y,Position_y,Rush Yards Allowed,Sack,Safety,Total Yards,Touchdowns,Away Games_y
0,2010.0,9,David Reed,0.0,0.0,Dolphins,0.0,0.0,0.0,0.0,0.0,0.0,1.0,WR,0.0,0.0,0.0,0.0,0.0,1.0,0.0,15.0,0.0,Dolphins,0.14285714285714285,0.42857142857142855,0.7142857142857143,Ravens,207.85714285714286,21.285714285714285,9.428571428571429,DST,101.57142857142857,2.4285714285714284,0.14285714285714285,309.42857142857144,0.14285714285714285,0.5714285714285714
1,2011.0,10,David Reed,0.0,2.0,Seahawks,0.0,0.0,0.0,0.0,0.0,0.0,-1.0,WR,0.0,0.0,0.0,0.0,0.0,1.0,0.0,16.0,1.0,Seahawks,0.25,0.375,1.0,Ravens,242.375,23.125,8.375,DST,110.375,1.625,0.125,352.75,0.125,0.625
2,2012.0,15,David Reed,0.0,0.0,Broncos,0.0,0.0,0.0,0.0,0.0,0.0,2.0,WR,0.0,0.0,22.0,2.0,0.0,0.0,0.0,0.0,0.0,Broncos,0.07692307692307693,0.4615384615384616,1.1538461538461535,Ravens,215.6923076923077,19.76923076923077,13.076923076923075,DST,93.69230769230771,3.0,0.15384615384615385,309.38461538461536,0.5384615384615384,0.5384615384615384
3,2012.0,17,David Reed,0.0,0.0,Bengals,0.0,0.0,0.0,0.0,0.0,0.0,2.0,WR,0.0,0.0,22.0,2.0,0.0,0.0,0.0,0.0,0.0,Bengals,0.06666666666666668,1.0666666666666669,0.8666666666666667,Ravens,216.9333333333333,20.2,12.466666666666667,DST,100.6,3.1333333333333333,0.0,317.53333333333336,0.2,0.5333333333333333
4,2013.0,10,David Reed,0.0,0.0,Rams,0.0,0.0,0.0,0.0,0.0,0.0,0.0,WR,0.0,0.0,2.0,1.0,0.0,0.0,0.0,0.0,0.0,Rams,0.0,0.7777777777777778,0.7777777777777778,Colts,220.55555555555557,25.11111111111111,10.333333333333334,DST,125.22222222222223,3.2222222222222223,0.1111111111111111,345.77777777777777,0.3333333333333333,0.4444444444444444
