,Year,Week,Name,Fumble TD,Fumbles Lost,Opponent,Pass 2PT,Pass Attempts,Pass Completions,Pass Interceptions,Pass TD,Pass Yards,Points,Position,Receiving 2PT,Receiving TD,Receiving Yards,Receptions,Rush 2PT,Rush Attempts,Rush TD,Rush Yards,Away Games
6279,2013.0,9,Stedman Bailey,0.0,0.0,Titans,0.0,0.0,0.0,0.0,0.0,0.0,1.0,WR,0.0,0.0,12.0,1.0,0.0,0.0,0.0,0.0,0.0
6569,2013.0,12,Stedman Bailey,0.0,0.0,Bears,0.0,0.0,0.0,0.0,0.0,0.0,1.0,WR,0.0,0.0,12.0,1.0,0.0,0.0,0.0,0.0,0.0
6644,2013.0,13,Stedman Bailey,0.0,0.0,49ers,0.0,0.0,0.0,0.0,0.0,0.0,1.0,WR,0.0,0.0,15.5,1.0,0.0,0.0,0.0,0.0,0.0
6756,2013.0,14,Stedman Bailey,0.0,0.0,Cardinals,0.0,0.0,0.0,0.0,0.0,0.0,2.0,WR,0.0,0.0,25.666666666666668,1.6666666666666667,0.0,0.0,0.0,0.0,0.3333333333333333
6896,2013.0,15,Stedman Bailey,0.0,0.0,Saints,0.0,0.0,0.0,0.0,0.0,0.0,2.5,WR,0.0,0.0,30.75,2.0,0.0,0.0,0.0,0.0,0.5
6934,2013.0,16,Stedman Bailey,0.0,0.0,Buccaneers,0.0,0.0,0.0,0.0,0.0,0.0,2.4,WR,0.0,0.0,29.8,2.0,0.0,0.2,0.0,1.2,0.4
7111,2013.0,17,Stedman Bailey,0.0,0.0,Seahawks,0.0,0.0,0.0,0.0,0.0,0.0,4.0,WR,0.0,0.0,32.166666666666664,2.1666666666666665,0.0,0.3333333333333333,0.16666666666666666,5.5,0.3333333333333333
