,Year,Week,Name,Fumble TD,Fumbles Lost,Opponent_x,Pass 2PT,Pass Attempts,Pass Completions,Pass Interceptions,Pass TD,Pass Yards,Points_x,Position_x,Receiving 2PT,Receiving TD,Receiving Yards,Receptions,Rush 2PT,Rush Attempts,Rush TD,Rush Yards,Away Games_x,Team,Blocks,Fumble Returns,Interception,Opponent_y,Pass Yards Allowed,Point After,Points_y,Position_y,Rush Yards Allowed,Sack,Safety,Total Yards,Touchdowns,Away Games_y
0,2010.0,6,Danario Alexander,0.0,0.0,Chargers,0.0,0.0,0.0,0.0,0.0,0.0,13.0,WR,0.0,1.0,72.0,4.0,0.0,0.0,0.0,0.0,0.0,Chargers,0.0,0.6,1.4,Rams,159.8,21.2,12.4,DST,86.4,3.6,0.2,246.2,0.2,0.6
1,2010.0,7,Danario Alexander,0.0,0.0,Buccaneers,0.0,0.0,0.0,0.0,0.0,0.0,13.0,WR,0.0,1.0,72.0,4.0,0.0,0.0,0.0,0.0,0.0,Buccaneers,0.0,0.6,2.0,Rams,210.6,22.2,9.6,DST,157.0,0.8,0.0,367.6,0.2,0.4
2,2010.0,12,Danario Alexander,0.0,0.0,Broncos,0.0,0.0,0.0,0.0,0.0,0.0,6.5,WR,0.0,0.5,39.0,2.5,0.0,0.0,0.0,0.0,0.5,Broncos,0.0,0.5,0.6,Rams,232.1,28.7,5.4,DST,143.5,1.4,0.0,375.6,0.1,0.5
3,2010.0,13,Danario Alexander,0.0,0.0,Cardinals,0.0,0.0,0.0,0.0,0.0,0.0,7.333333333333332,WR,0.0,0.3333333333333333,57.66666666666666,3.0,0.0,0.0,0.0,0.0,0.6666666666666666,Cardinals,0.2727272727272727,0.7272727272727273,1.0,Rams,249.27272727272728,29.0,11.090909090909092,DST,146.54545454545453,1.9090909090909087,0.0,395.8181818181818,0.6363636363636364,0.5454545454545454
4,2010.0,16,Danario Alexander,0.0,0.0,49ers,0.0,0.0,0.0,0.0,0.0,0.0,6.0,WR,0.0,0.25,48.25,2.75,0.0,0.0,0.0,0.0,0.75,49ers,0.07142857142857142,0.42857142857142855,0.9285714285714286,Rams,230.07142857142856,22.428571428571423,8.642857142857142,DST,100.64285714285714,2.071428571428572,0.0,330.7142857142857,0.21428571428571427,0.5
5,2010.0,17,Danario Alexander,0.0,0.0,Seahawks,0.0,0.0,0.0,0.0,0.0,0.0,6.6,WR,0.0,0.2,58.4,3.4,0.0,0.0,0.0,0.0,0.6,Seahawks,0.2,0.6666666666666666,0.7333333333333333,Rams,257.1333333333333,26.73333333333333,10.466666666666667,DST,123.73333333333332,2.2666666666666666,0.06666666666666668,380.86666666666673,0.4,0.5333333333333333
