,Year,Week,Name,Fumble TD,Fumbles Lost,Opponent,Pass 2PT,Pass Attempts,Pass Completions,Pass Interceptions,Pass TD,Pass Yards,Points,Position,Receiving 2PT,Receiving TD,Receiving Yards,Receptions,Rush 2PT,Rush Attempts,Rush TD,Rush Yards,Away Games
3736,,4,Landry Jones,,,Chiefs,,,,,,,,QB,,,,,,,,,
3767,2016.0,5,Landry Jones,0.0,0.0,Jets,0.0,0.0,0.0,0.0,0.0,0.0,0.0,QB,0.0,0.0,0.0,0.0,0.0,2.0,0.0,0.0,0.0
3801,2016.0,6,Landry Jones,0.0,0.0,Dolphins,0.0,0.0,0.0,0.0,0.0,0.0,0.0,QB,0.0,0.0,0.0,0.0,0.0,2.0,0.0,-1.0,0.0
3818,2016.0,7,Landry Jones,0.0,0.0,Patriots,0.0,0.3333333333333333,0.0,0.0,0.0,0.0,0.0,QB,0.0,0.0,0.0,0.0,0.0,1.6666666666666667,0.0,-1.0,0.3333333333333333
3995,2016.0,12,Landry Jones,0.0,0.0,Colts,0.0,12.0,7.25,0.25,0.25,70.25,3.75,QB,0.0,0.0,0.0,0.0,0.0,1.25,0.0,-0.75,0.25
4031,2016.0,13,Landry Jones,0.0,0.0,Giants,0.0,9.8,5.8,0.2,0.2,56.2,3.0,QB,0.0,0.0,0.0,0.0,0.0,1.0,0.0,-0.6,0.4
4150,2016.0,17,Landry Jones,0.0,0.0,Browns,0.0,8.166666666666666,4.833333333333333,0.16666666666666666,0.16666666666666666,46.833333333333336,2.5,QB,0.0,0.0,0.0,0.0,0.0,1.0,0.0,-0.6666666666666666,0.3333333333333333
