,Year,Week,Name,Fumble TD,Fumbles Lost,Opponent_x,Pass 2PT,Pass Attempts,Pass Completions,Pass Interceptions,Pass TD,Pass Yards,Points_x,Position_x,Receiving 2PT,Receiving TD,Receiving Yards,Receptions,Rush 2PT,Rush Attempts,Rush TD,Rush Yards,Away Games_x,Team,Blocks,Fumble Returns,Interception,Opponent_y,Pass Yards Allowed,Point After,Points_y,Position_y,Rush Yards Allowed,Sack,Safety,Total Yards,Touchdowns,Away Games_y
0,2014.0,2,Garrett Graham,0.0,0.0,Raiders,0.0,0.0,0.0,0.0,0.0,0.0,2.0,TE,0.0,0.0,26.0,1.0,0.0,0.0,0.0,0.0,1.0,Raiders,0.0,1.0,1.0,Texans,190.0,19.0,10.0,DST,212.0,2.0,0.0,402.0,0.0,1.0
1,2014.0,3,Garrett Graham,0.0,0.0,Giants,0.0,0.0,0.0,0.0,0.0,0.0,2.0,TE,0.0,0.0,26.0,1.0,0.0,0.0,0.0,0.0,1.0,Giants,0.0,0.0,0.0,Texans,241.5,30.0,3.0,DST,100.0,2.5,0.0,341.5,0.0,0.5
2,2014.0,4,Garrett Graham,0.0,0.0,Bills,0.0,0.0,0.0,0.0,0.0,0.0,3.0,TE,0.0,0.0,33.5,3.0,0.0,0.0,0.0,0.0,1.0,Bills,0.3333333333333333,0.6666666666666666,1.0,Texans,267.0,17.333333333333332,12.666666666666664,DST,83.0,2.6666666666666665,0.0,350.0,0.3333333333333333,0.3333333333333333
3,2014.0,5,Garrett Graham,0.0,0.0,Cowboys,0.0,0.0,0.0,0.0,0.0,0.0,2.6666666666666665,TE,0.0,0.0,31.66666666666667,3.0,0.0,0.0,0.0,0.0,0.6666666666666666,Cowboys,0.0,0.75,1.25,Texans,271.25,21.5,9.5,DST,108.5,1.25,0.0,379.75,0.25,0.5
4,2014.0,7,Garrett Graham,0.0,0.0,Steelers,0.0,0.0,0.0,0.0,0.0,0.0,2.0,TE,0.0,0.0,24.5,2.5,0.0,0.0,0.0,0.0,0.75,Steelers,0.0,0.5,0.5,Texans,225.83333333333331,23.16666666666667,7.833333333333332,DST,111.16666666666669,1.5,0.0,337.0,0.3333333333333333,0.6666666666666666
5,2014.0,11,Garrett Graham,0.0,0.0,Browns,0.0,0.0,0.0,0.0,0.0,0.0,2.0,TE,0.0,0.0,24.4,2.4,0.0,0.0,0.0,0.0,0.8,Browns,0.2222222222222222,0.4444444444444444,1.4444444444444444,Texans,232.33333333333331,19.11111111111111,10.777777777777779,DST,134.22222222222223,2.2222222222222223,0.1111111111111111,366.5555555555555,0.1111111111111111,0.4444444444444444
6,2014.0,12,Garrett Graham,0.0,0.0,Bengals,0.0,0.0,0.0,0.0,0.0,0.0,3.1666666666666665,TE,0.0,0.16666666666666666,26.0,2.333333333333333,0.0,0.0,0.0,0.0,0.8333333333333334,Bengals,0.1,0.5,1.0,Texans,249.5,22.1,7.8,DST,136.2,1.3,0.2,385.7,0.0,0.4
