,Year,Week,Name,Fumble TD,Fumbles Lost,Opponent_x,Pass 2PT,Pass Attempts,Pass Completions,Pass Interceptions,Pass TD,Pass Yards,Points_x,Position_x,Receiving 2PT,Receiving TD,Receiving Yards,Receptions,Rush 2PT,Rush Attempts,Rush TD,Rush Yards,Away Games_x,Team,Blocks,Fumble Returns,Interception,Opponent_y,Pass Yards Allowed,Point After,Points_y,Position_y,Rush Yards Allowed,Sack,Safety,Total Yards,Touchdowns,Away Games_y
0,2010.0,8,Rex Grossman,0.0,1.0,Lions,0.0,7.0,4.0,0.0,0.0,44.0,0.0,QB,0.0,0.0,0.0,0.0,0.0,0.0,0.0,0.0,1.0,Lions,0.0,1.3333333333333333,1.1666666666666667,Redskins,224.0,23.33333333333333,12.166666666666664,DST,138.83333333333334,2.6666666666666665,0.0,362.83333333333326,0.3333333333333333,0.6666666666666666
1,2010.0,15,Rex Grossman,0.0,1.0,Cowboys,0.0,7.0,4.0,0.0,0.0,44.0,0.0,QB,0.0,0.0,0.0,0.0,0.0,0.0,0.0,0.0,1.0,Cowboys,0.07692307692307693,0.6153846153846154,1.1538461538461535,Redskins,254.38461538461542,28.153846153846153,10.153846153846152,DST,112.69230769230771,1.8461538461538465,0.0,367.07692307692315,0.4615384615384616,0.4615384615384616
2,2010.0,16,Rex Grossman,0.0,1.0,Jaguars,1.0,25.0,14.5,1.0,2.0,183.0,17.5,QB,0.0,0.0,0.0,0.0,0.0,0.5,0.0,-0.5,1.0,Jaguars,0.07142857142857142,0.35714285714285715,0.8571428571428571,Redskins,255.64285714285717,26.07142857142857,6.571428571428571,DST,115.85714285714286,1.7857142857142858,0.0,371.5,0.07142857142857142,0.5
3,2010.0,17,Rex Grossman,0.0,0.6666666666666666,Giants,0.6666666666666666,29.66666666666667,16.0,1.0,1.6666666666666667,182.66666666666663,15.333333333333336,QB,0.0,0.0,0.0,0.0,0.0,0.6666666666666666,0.0,1.3333333333333333,1.0,Giants,0.13333333333333333,1.3333333333333333,1.0,Redskins,202.26666666666668,22.2,11.466666666666667,DST,103.53333333333332,2.933333333333333,0.0,305.8,0.0,0.4666666666666667
