,Year,Week,Name,Fumble TD,Fumbles Lost,Opponent_x,Pass 2PT,Pass Attempts,Pass Completions,Pass Interceptions,Pass TD,Pass Yards,Points_x,Position_x,Receiving 2PT,Receiving TD,Receiving Yards,Receptions,Rush 2PT,Rush Attempts,Rush TD,Rush Yards,Away Games_x,Team,Blocks,Fumble Returns,Interception,Opponent_y,Pass Yards Allowed,Point After,Points_y,Position_y,Rush Yards Allowed,Sack,Safety,Total Yards,Touchdowns,Away Games_y
0,2016.0,1,Jacob Tamme,0.0,0.0,Buccaneers,0.0,0.0,0.0,0.0,0.0,0.0,5.0,TE,0.0,0.0,51.0,6.0,0.0,0.0,0.0,0.0,0.0,Buccaneers,0.0,0.0,0.0,Falcons,322.0,24.0,4.0,DST,52.0,3.0,0.0,374.0,0.0,1.0
1,2016.0,2,Jacob Tamme,0.0,0.0,Raiders,0.0,0.0,0.0,0.0,0.0,0.0,5.0,TE,0.0,0.0,51.0,6.0,0.0,0.0,0.0,0.0,0.0,Raiders,0.0,1.0,0.0,Falcons,419.0,34.0,3.0,DST,88.0,1.0,0.0,507.0,0.0,1.0
2,2016.0,3,Jacob Tamme,0.0,0.0,Saints,0.0,0.0,0.0,0.0,0.0,0.0,9.0,TE,0.0,0.5,63.0,5.5,0.0,0.0,0.0,0.0,0.5,Saints,0.0,1.5,0.0,Falcons,336.0,25.5,6.0,DST,115.5,1.0,0.0,451.5,0.0,0.5
3,2016.0,4,Jacob Tamme,0.0,0.0,Panthers,0.0,0.0,0.0,0.0,0.0,0.0,6.666666666666668,TE,0.0,0.3333333333333333,51.33333333333334,4.666666666666667,0.0,0.0,0.0,0.0,0.6666666666666666,Panthers,0.0,0.6666666666666666,1.3333333333333333,Falcons,183.0,23.33333333333333,9.0,DST,90.33333333333331,2.0,0.0,273.3333333333333,0.3333333333333333,0.3333333333333333
4,2016.0,5,Jacob Tamme,0.0,0.0,Broncos,0.0,0.0,0.0,0.0,0.0,0.0,6.5,TE,0.0,0.5,39.25,4.0,0.0,0.0,0.0,0.0,0.5,Broncos,0.0,0.75,1.25,Falcons,169.5,16.0,16.0,DST,113.75,4.25,0.0,283.25,0.5,0.5
5,2016.0,6,Jacob Tamme,0.0,0.0,Seahawks,0.0,0.0,0.0,0.0,0.0,0.0,5.2,TE,0.0,0.4,31.6,3.4,0.0,0.0,0.0,0.0,0.6,Seahawks,0.25,0.0,1.0,Falcons,183.75,13.5,11.0,DST,80.25,3.0,0.0,264.0,0.0,0.5
6,2016.0,7,Jacob Tamme,0.0,0.0,Chargers,0.0,0.0,0.0,0.0,0.0,0.0,4.5,TE,0.0,0.3333333333333333,29.0,3.1666666666666665,0.0,0.0,0.0,0.0,0.6666666666666666,Chargers,0.0,0.6666666666666666,1.1666666666666667,Falcons,279.6666666666667,25.83333333333333,9.333333333333334,DST,83.5,2.333333333333333,0.16666666666666666,363.16666666666674,0.16666666666666666,0.5
7,2016.0,8,Jacob Tamme,0.0,0.0,Packers,0.0,0.0,0.0,0.0,0.0,0.0,4.857142857142857,TE,0.0,0.42857142857142855,27.285714285714285,2.8571428571428568,0.0,0.0,0.0,0.0,0.5714285714285714,Packers,0.0,0.5,0.8333333333333334,Falcons,242.16666666666663,20.5,8.333333333333334,DST,71.83333333333333,2.833333333333333,0.0,314.0,0.0,0.3333333333333333
