,Year,Week,Name,Fumble TD,Fumbles Lost,Opponent_x,Pass 2PT,Pass Attempts,Pass Completions,Pass Interceptions,Pass TD,Pass Yards,Points_x,Position_x,Receiving 2PT,Receiving TD,Receiving Yards,Receptions,Rush 2PT,Rush Attempts,Rush TD,Rush Yards,Away Games_x,Team,Blocks,Fumble Returns,Interception,Opponent_y,Pass Yards Allowed,Point After,Points_y,Position_y,Rush Yards Allowed,Sack,Safety,Total Yards,Touchdowns,Away Games_y
0,2013.0,1,Dwayne Harris,0.0,0.0,Giants,0.0,0.0,0.0,0.0,0.0,0.0,1.0,WR,0.0,0.0,12.0,2.0,0.0,0.0,0.0,0.0,0.0,Giants,0.0,0.0,1.0,Cowboys,244.0,36.0,4.0,DST,87.0,2.0,0.0,331.0,0.0,1.0
1,2013.0,2,Dwayne Harris,0.0,0.0,Chiefs,0.0,0.0,0.0,0.0,0.0,0.0,1.0,WR,0.0,0.0,12.0,2.0,0.0,0.0,0.0,0.0,0.0,Chiefs,0.0,0.0,2.0,Cowboys,107.0,2.0,26.0,DST,71.0,6.0,0.0,178.0,1.0,1.0
2,2013.0,3,Dwayne Harris,0.0,0.0,Rams,0.0,0.0,0.0,0.0,0.0,0.0,0.5,WR,0.0,0.0,8.0,1.5,0.0,0.0,0.0,0.0,0.5,Rams,0.0,0.5,0.5,Cowboys,330.5,27.5,5.5,DST,61.0,3.0,0.0,391.5,0.0,0.5
3,2013.0,4,Dwayne Harris,0.0,0.3333333333333333,Chargers,0.0,0.0,0.0,0.0,0.0,0.0,2.6666666666666665,WR,0.0,0.3333333333333333,13.333333333333336,1.3333333333333333,0.0,0.0,0.0,0.0,0.3333333333333333,Chargers,0.0,0.0,0.3333333333333333,Cowboys,340.6666666666667,27.0,4.0,DST,130.0,2.0,0.0,470.66666666666674,0.0,0.6666666666666666
4,2013.0,5,Dwayne Harris,0.0,0.25,Broncos,0.0,0.0,0.0,0.0,0.0,0.0,2.25,WR,0.0,0.25,13.25,1.25,0.0,0.0,0.0,0.0,0.5,Broncos,0.5,0.0,1.5,Cowboys,316.25,22.75,13.0,DST,74.0,2.75,0.0,390.25,0.75,0.25
5,2013.0,7,Dwayne Harris,0.0,0.2,Eagles,0.0,0.0,0.0,0.0,0.0,0.0,2.0,WR,0.0,0.2,13.2,1.2,0.0,0.0,0.0,0.0,0.4,Eagles,0.0,0.6666666666666666,1.0,Cowboys,314.5,29.83333333333333,7.0,DST,105.66666666666669,2.1666666666666665,0.16666666666666666,420.16666666666674,0.0,0.6666666666666666
6,2013.0,10,Dwayne Harris,0.0,0.14285714285714285,Saints,0.0,0.0,0.0,0.0,0.0,0.0,2.4285714285714284,WR,0.0,0.2857142857142857,11.285714285714285,1.1428571428571428,0.0,0.14285714285714285,0.0,0.8571428571428571,0.42857142857142855,Saints,0.0,0.75,1.125,Cowboys,211.875,18.25,10.5,DST,121.25,3.25,0.0,333.125,0.0,0.5
