,Year,Week,Name,Fumble TD,Fumbles Lost,Opponent,Pass 2PT,Pass Attempts,Pass Completions,Pass Interceptions,Pass TD,Pass Yards,Points,Position,Receiving 2PT,Receiving TD,Receiving Yards,Receptions,Rush 2PT,Rush Attempts,Rush TD,Rush Yards,Away Games
5437,2013.0,1,Dwayne Harris,0.0,0.0,Giants,0.0,0.0,0.0,0.0,0.0,0.0,1.0,WR,0.0,0.0,12.0,2.0,0.0,0.0,0.0,0.0,0.0
5560,2013.0,2,Dwayne Harris,0.0,0.0,Chiefs,0.0,0.0,0.0,0.0,0.0,0.0,1.0,WR,0.0,0.0,12.0,2.0,0.0,0.0,0.0,0.0,0.0
5601,2013.0,3,Dwayne Harris,0.0,0.0,Rams,0.0,0.0,0.0,0.0,0.0,0.0,0.5,WR,0.0,0.0,8.0,1.5,0.0,0.0,0.0,0.0,0.5
5763,2013.0,4,Dwayne Harris,0.0,0.3333333333333333,Chargers,0.0,0.0,0.0,0.0,0.0,0.0,2.6666666666666665,WR,0.0,0.3333333333333333,13.333333333333334,1.3333333333333333,0.0,0.0,0.0,0.0,0.3333333333333333
5862,2013.0,5,Dwayne Harris,0.0,0.25,Broncos,0.0,0.0,0.0,0.0,0.0,0.0,2.25,WR,0.0,0.25,13.25,1.25,0.0,0.0,0.0,0.0,0.5
6099,2013.0,7,Dwayne Harris,0.0,0.2,Eagles,0.0,0.0,0.0,0.0,0.0,0.0,2.0,WR,0.0,0.2,13.2,1.2,0.0,0.0,0.0,0.0,0.4
6227,2013.0,9,Dwayne Harris,0.0,0.16666666666666666,Min,0.0,0.0,0.0,0.0,0.0,0.0,1.6666666666666667,WR,0.0,0.16666666666666666,11.0,1.0,0.0,0.16666666666666666,0.0,1.0,0.5
6379,2013.0,10,Dwayne Harris,0.0,0.14285714285714285,Saints,0.0,0.0,0.0,0.0,0.0,0.0,2.4285714285714284,WR,0.0,0.2857142857142857,11.285714285714286,1.1428571428571428,0.0,0.14285714285714285,0.0,0.8571428571428571,0.42857142857142855
