,Year,Week,Name,Fumble TD,Fumbles Lost,Opponent_x,Pass 2PT,Pass Attempts,Pass Completions,Pass Interceptions,Pass TD,Pass Yards,Points_x,Position_x,Receiving 2PT,Receiving TD,Receiving Yards,Receptions,Rush 2PT,Rush Attempts,Rush TD,Rush Yards,Away Games_x,Team,Blocks,Fumble Returns,Interception,Opponent_y,Pass Yards Allowed,Point After,Points_y,Position_y,Rush Yards Allowed,Sack,Safety,Total Yards,Touchdowns,Away Games_y
0,2013.0,13,Brad Smith,0.0,0.0,Cardinals,0.0,0.0,0.0,0.0,0.0,0.0,0.0,WR,0.0,0.0,0.0,0.0,0.0,1.0,0.0,0.0,0.0,Cardinals,0.18181818181818185,0.7272727272727273,1.3636363636363635,Eagles,235.8181818181818,20.272727272727273,12.454545454545455,DST,81.27272727272727,2.636363636363636,0.09090909090909093,317.09090909090907,0.2727272727272727,0.4545454545454545
1,2013.0,14,Brad Smith,0.0,0.0,Lions,0.0,0.0,0.0,0.0,0.0,0.0,0.0,WR,0.0,0.0,0.0,0.0,0.0,1.0,0.0,0.0,0.0,Lions,0.0,0.4166666666666667,1.0,Eagles,262.25,23.91666666666667,8.25,DST,82.66666666666667,2.25,0.08333333333333333,344.91666666666674,0.16666666666666666,0.5
2,2013.0,16,Brad Smith,0.0,0.0,Bears,0.0,0.0,0.0,0.0,0.0,0.0,0.6666666666666666,WR,0.0,0.0,9.0,0.6666666666666666,0.0,0.3333333333333333,0.0,0.0,0.3333333333333333,Bears,0.0,0.5714285714285714,1.2142857142857142,Eagles,228.0,27.92857142857143,9.428571428571429,DST,152.42857142857142,1.8571428571428568,0.0,380.4285714285714,0.5,0.5
3,2013.0,17,Brad Smith,0.0,0.0,Cowboys,0.0,0.0,0.0,0.0,0.0,0.0,0.5,WR,0.0,0.0,6.75,0.5,0.0,0.5,0.0,0.5,0.25,Cowboys,0.06666666666666668,0.8,1.0,Eagles,290.6666666666667,27.2,10.0,DST,127.93333333333334,1.9333333333333331,0.0,418.6,0.4,0.5333333333333333
