,Unnamed: 0.1_x,Unnamed: 0.1.1_x,Fumble TD,Fumbles Lost,Name,Opponent_x,Pass 2PT,Pass Attempts,Pass Completions,Pass Interceptions,Pass TD,Pass Yards,Points_x,Position_x,Receiving 2PT,Receiving TD,Receiving Yards,Receptions,Rush 2PT,Rush Attempts,Rush TD,Rush Yards,Week,Year,Unnamed: 0.1_y,Unnamed: 0.1.1_y,Blocks,Fumble Returns,Interception,Opponent_y,Pass Yards Allowed,Point After,Points_y,Position_y,Rush Yards Allowed,Sack,Safety,Team,Total Yards,Touchdowns
0,413,413.0,0.0,0.0,Kenjon Barner,Eagles,0.0,0.0,0.0,0.0,0.0,0.0,2.0,RB,0.0,0.0,0.0,0.0,0.0,5.0,0.0,23.0,5,2017.0,131,64.25,0.0,1.0,0.75,Cardinals,285.0,23.0,9.25,DST,70.75,2.5,0.0,Eagles,355.75,0.25
1,509,413.0,0.0,0.0,Kenjon Barner,Panthers,0.0,0.0,0.0,0.0,0.0,0.0,2.0,RB,0.0,0.0,0.0,0.0,0.0,5.0,0.0,23.0,6,2017.0,178,78.6,0.0,0.4,0.2,Eagles,194.2,18.8,8.8,DST,79.8,3.4,0.0,Panthers,274.0,0.0
2,592,461.0,0.0,0.0,Kenjon Barner,Eagles,0.0,0.0,0.0,0.0,0.0,0.0,1.0,RB,0.0,0.0,4.5,0.5,0.0,5.0,0.0,15.0,7,2017.0,199,92.66666666666669,0.16666666666666666,0.8333333333333334,1.0,Redskins,273.5,20.33333333333333,9.833333333333334,DST,65.66666666666667,2.333333333333333,0.0,Eagles,339.1666666666667,0.16666666666666666
3,647,504.66666666666674,0.0,0.0,Kenjon Barner,Eagles,0.0,0.0,0.0,0.0,0.0,0.0,0.6666666666666666,RB,0.0,0.0,3.0,0.3333333333333333,0.0,4.0,0.0,11.333333333333336,8,2017.0,214,107.85714285714286,0.14285714285714285,0.7142857142857143,1.0,49ers,272.85714285714283,20.857142857142858,9.428571428571429,DST,67.0,2.571428571428572,0.0,Eagles,339.85714285714283,0.14285714285714285
4,845,540.25,0.0,0.0,Kenjon Barner,Cowboys,0.0,0.0,0.0,0.0,0.0,0.0,0.75,RB,0.0,0.0,5.0,0.75,0.0,3.0,0.0,8.5,11,2017.0,319,148.0,0.1111111111111111,0.7777777777777778,0.5555555555555556,Eagles,221.22222222222226,22.777777777777782,10.0,DST,104.66666666666669,3.111111111111111,0.0,Cowboys,325.8888888888889,0.1111111111111111
