,Year,Week,Name,Fumble TD,Fumbles Lost,Opponent_x,Pass 2PT,Pass Attempts,Pass Completions,Pass Interceptions,Pass TD,Pass Yards,Points_x,Position_x,Receiving 2PT,Receiving TD,Receiving Yards,Receptions,Rush 2PT,Rush Attempts,Rush TD,Rush Yards,Away Games_x,Team,Blocks,Fumble Returns,Interception,Opponent_y,Pass Yards Allowed,Point After,Points_y,Position_y,Rush Yards Allowed,Sack,Safety,Total Yards,Touchdowns,Away Games_y
0,2014.0,3,Zach Sudfeld,0.0,0.0,Bears,0.0,0.0,0.0,0.0,0.0,0.0,1.0,TE,0.0,0.0,15.0,1.0,0.0,0.0,0.0,0.0,0.0,Bears,0.0,0.5,2.0,Jets,199.5,21.5,10.0,DST,160.0,2.5,0.0,359.5,0.0,0.5
1,2014.0,13,Zach Sudfeld,0.0,0.0,Dolphins,0.0,0.0,0.0,0.0,0.0,0.0,1.0,TE,0.0,0.0,15.0,1.0,0.0,0.0,0.0,0.0,0.0,Dolphins,0.3636363636363637,0.9090909090909092,0.9090909090909092,Jets,211.72727272727272,19.90909090909091,12.909090909090908,DST,104.1818181818182,2.8181818181818183,0.18181818181818185,315.90909090909093,0.2727272727272727,0.5454545454545454
2,2014.0,16,Zach Sudfeld,0.0,0.0,Patriots,0.0,0.0,0.0,0.0,0.0,0.0,1.5,TE,0.0,0.0,17.5,1.0,0.0,0.0,0.0,0.0,0.0,Patriots,0.2857142857142857,0.5714285714285714,1.0714285714285714,Jets,248.7142857142857,20.0,11.785714285714285,DST,103.5,2.571428571428572,0.0,352.21428571428567,0.35714285714285715,0.5
3,2014.0,17,Zach Sudfeld,0.0,0.0,Dolphins,0.0,0.0,0.0,0.0,0.0,0.0,1.0,TE,0.0,0.0,13.666666666666664,1.0,0.0,0.0,0.0,0.0,0.0,Dolphins,0.3333333333333333,0.6666666666666666,0.9333333333333332,Jets,211.13333333333333,22.4,11.2,DST,122.2,2.533333333333333,0.2,333.3333333333333,0.2,0.5333333333333333
