,Year,Week,Name,Fumble TD,Fumbles Lost,Opponent,Pass 2PT,Pass Attempts,Pass Completions,Pass Interceptions,Pass TD,Pass Yards,Points,Position,Receiving 2PT,Receiving TD,Receiving Yards,Receptions,Rush 2PT,Rush Attempts,Rush TD,Rush Yards,Away Games
3693,,3,Cody Kessler,,,Dolphins,,,,,,,,QB,,,,,,,,,
3726,2016.0,4,Cody Kessler,0.0,1.0,Redskins,1.0,33.0,21.0,0.0,0.0,244.0,10.0,QB,0.0,0.0,0.0,0.0,0.0,2.0,0.0,-1.0,1.0
3763,2016.0,5,Cody Kessler,0.0,0.5,Patriots,0.5,36.5,24.5,0.5,0.5,233.5,11.0,QB,0.0,0.0,0.0,0.0,0.0,2.0,0.0,0.5,1.0
3778,2016.0,6,Cody Kessler,0.0,0.3333333333333333,Titans,0.3333333333333333,27.0,18.0,0.3333333333333333,0.6666666666666666,176.33333333333334,10.0,QB,0.0,0.0,0.0,0.0,0.0,1.6666666666666667,0.0,0.3333333333333333,0.6666666666666666
3833,2016.0,7,Cody Kessler,0.0,0.25,Bengals,0.25,30.5,20.0,0.25,1.0,216.25,13.75,QB,0.0,0.0,0.0,0.0,0.0,1.5,0.0,1.0,0.75
3885,2016.0,9,Cody Kessler,0.0,0.2,Cowboys,0.2,26.6,17.8,0.2,0.8,189.4,11.6,QB,0.0,0.0,0.0,0.0,0.0,1.4,0.0,0.4,0.8
3922,2016.0,10,Cody Kessler,0.0,0.16666666666666666,Ravens,0.16666666666666666,26.666666666666668,18.0,0.16666666666666666,0.8333333333333334,191.66666666666666,12.166666666666666,QB,0.0,0.0,0.0,0.0,0.0,1.5,0.0,2.1666666666666665,0.6666666666666666
3958,2016.0,11,Cody Kessler,0.0,0.14285714285714285,Steelers,0.14285714285714285,25.428571428571427,17.0,0.14285714285714285,0.8571428571428571,177.28571428571428,11.714285714285714,QB,0.0,0.0,0.0,0.0,0.0,1.4285714285714286,0.0,2.2857142857142856,0.7142857142857143
4140,2016.0,16,Cody Kessler,0.0,0.125,Chargers,0.125,24.0,15.75,0.25,0.75,171.125,10.625,QB,0.0,0.0,0.0,0.0,0.0,1.375,0.0,2.25,0.625
