,Unnamed: 0,Unnamed: 0.1,Fumble TD,Fumbles Lost,Name,Opponent,Pass 2PT,Pass Attempts,Pass Completions,Pass Interceptions,Pass TD,Pass Yards,Points,Position,Receiving 2PT,Receiving TD,Receiving Yards,Receptions,Rush 2PT,Rush Attempts,Rush TD,Rush Yards,Week,Year
324,324,324.0,0.0,0.0,Demarcus Robinson,Chargers,0.0,0.0,0.0,0.0,0.0,0.0,0.0,WR,0.0,0.0,9.0,2.0,0.0,0.0,0.0,0.0,3,2017.0
533,533,324.0,0.0,0.0,Demarcus Robinson,Texans,0.0,0.0,0.0,0.0,0.0,0.0,0.0,WR,0.0,0.0,9.0,2.0,0.0,0.0,0.0,0.0,5,2017.0
641,641,428.5,0.0,0.0,Demarcus Robinson,Chiefs,0.0,0.0,0.0,0.0,0.0,0.0,0.5,WR,0.0,0.0,12.5,1.5,0.0,0.0,0.0,0.0,6,2017.0
696,696,499.3333333333333,0.0,0.0,Demarcus Robinson,Raiders,0.0,0.0,0.0,0.0,0.0,0.0,0.6666666666666666,WR,0.0,0.0,13.666666666666666,1.3333333333333333,0.0,0.0,0.0,0.0,7,2017.0
850,850,548.5,0.0,0.0,Demarcus Robinson,Chiefs,0.0,0.0,0.0,0.0,0.0,0.0,2.0,WR,0.0,0.0,27.5,2.25,0.0,0.0,0.0,0.0,8,2017.0
934,934,608.8,0.0,0.0,Demarcus Robinson,Cowboys,0.0,0.0,0.0,0.0,0.0,0.0,1.6,WR,0.0,0.0,23.0,2.0,0.0,0.0,0.0,0.0,9,2017.0
1161,1161,663.0,0.0,0.0,Demarcus Robinson,Giants,0.0,0.0,0.0,0.0,0.0,0.0,1.5,WR,0.0,0.0,22.166666666666668,2.0,0.0,0.0,0.0,0.0,11,2017.0
1244,1244,734.1428571428571,0.0,0.0,Demarcus Robinson,Chiefs,0.0,0.0,0.0,0.0,0.0,0.0,1.2857142857142858,WR,0.0,0.0,20.0,1.8571428571428572,0.0,0.0,0.0,0.0,12,2017.0
1371,1371,797.875,0.0,0.0,Demarcus Robinson,Jets,0.0,0.0,0.0,0.0,0.0,0.0,1.375,WR,0.0,0.0,20.5,1.875,0.0,0.0,0.0,0.0,13,2017.0
