,Year,Week,Name,Fumble TD,Fumbles Lost,Opponent_x,Pass 2PT,Pass Attempts,Pass Completions,Pass Interceptions,Pass TD,Pass Yards,Points_x,Position_x,Receiving 2PT,Receiving TD,Receiving Yards,Receptions,Rush 2PT,Rush Attempts,Rush TD,Rush Yards,Away Games_x,Team,Blocks,Fumble Returns,Interception,Opponent_y,Pass Yards Allowed,Point After,Points_y,Position_y,Rush Yards Allowed,Sack,Safety,Total Yards,Touchdowns,Away Games_y
0,2012.0,1,Cedric Benson,0.0,0.0,49ers,0.0,0.0,0.0,0.0,0.0,0.0,1.0,RB,0.0,0.0,0.0,0.0,0.0,9.0,0.0,18.0,0.0,49ers,0.0,0.0,1.0,Packers,279.0,22.0,6.0,DST,45.0,3.0,0.0,324.0,0.0,1.0
1,2012.0,2,Cedric Benson,0.0,0.0,Bears,0.0,0.0,0.0,0.0,0.0,0.0,1.0,RB,0.0,0.0,0.0,0.0,0.0,9.0,0.0,18.0,0.0,Bears,0.0,2.0,3.0,Packers,293.0,21.0,14.0,DST,63.0,3.0,0.0,356.0,0.0,0.0
2,2012.0,3,Cedric Benson,0.0,0.0,Seahawks,0.0,0.0,0.0,0.0,0.0,0.0,6.0,RB,0.0,0.0,17.5,2.0,0.0,14.5,0.0,49.5,0.0,Seahawks,0.5,1.0,1.0,Packers,228.5,13.5,14.5,DST,46.0,1.0,0.0,274.5,0.5,0.5
3,2012.0,4,Cedric Benson,0.0,0.0,Saints,0.0,0.0,0.0,0.0,0.0,0.0,7.666666666666668,RB,0.0,0.0,18.0,2.6666666666666665,0.0,15.333333333333336,0.3333333333333333,48.0,0.3333333333333333,Saints,0.3333333333333333,1.0,0.3333333333333333,Packers,262.3333333333333,34.0,7.666666666666668,DST,215.0,2.0,0.0,477.33333333333326,0.3333333333333333,0.3333333333333333
4,2012.0,5,Cedric Benson,0.0,0.0,Colts,0.0,0.0,0.0,0.0,0.0,0.0,8.25,RB,0.0,0.0,19.0,3.0,0.0,16.0,0.25,57.0,0.25,Colts,0.0,0.3333333333333333,0.3333333333333333,Packers,231.33333333333331,27.66666666666667,7.333333333333332,DST,131.33333333333334,2.333333333333333,0.0,362.66666666666674,0.3333333333333333,0.3333333333333333
