,Year,Week,Name,Fumble TD,Fumbles Lost,Opponent_x,Pass 2PT,Pass Attempts,Pass Completions,Pass Interceptions,Pass TD,Pass Yards,Points_x,Position_x,Receiving 2PT,Receiving TD,Receiving Yards,Receptions,Rush 2PT,Rush Attempts,Rush TD,Rush Yards,Away Games_x,Team,Blocks,Fumble Returns,Interception,Opponent_y,Pass Yards Allowed,Point After,Points_y,Position_y,Rush Yards Allowed,Sack,Safety,Total Yards,Touchdowns,Away Games_y
0,2012.0,11,Rishard Matthews,0.0,0.0,Bills,0.0,0.0,0.0,0.0,0.0,0.0,1.0,WR,0.0,0.0,19.0,1.0,0.0,0.0,0.0,0.0,1.0,Bills,0.1111111111111111,0.5555555555555556,0.6666666666666666,Dolphins,246.33333333333331,31.66666666666667,7.888888888888888,DST,163.66666666666666,2.2222222222222223,0.1111111111111111,410.0,0.2222222222222222,0.6666666666666666
1,2012.0,13,Rishard Matthews,0.0,0.0,Patriots,0.0,0.0,0.0,0.0,0.0,0.0,1.0,WR,0.0,0.0,19.0,1.0,0.0,0.0,0.0,0.0,1.0,Patriots,0.0,1.6363636363636365,1.2727272727272727,Dolphins,289.3636363636364,22.181818181818183,14.272727272727273,DST,100.8181818181818,2.090909090909091,0.09090909090909093,390.1818181818182,0.6363636363636364,0.5454545454545454
2,2012.0,14,Rishard Matthews,0.0,0.0,49ers,0.0,0.0,0.0,0.0,0.0,0.0,1.5,WR,0.0,0.0,23.5,1.0,0.0,0.0,0.0,0.0,0.5,49ers,0.16666666666666666,0.5833333333333334,0.8333333333333334,Dolphins,189.0,14.25,12.333333333333336,DST,90.58333333333331,2.5,0.08333333333333333,279.5833333333333,0.25,0.5
3,2012.0,15,Rishard Matthews,0.0,0.0,Jaguars,0.0,0.0,0.0,0.0,0.0,0.0,1.0,WR,0.0,0.0,18.33333333333333,1.0,0.0,0.0,0.0,0.0,0.6666666666666666,Jaguars,0.0,0.7692307692307693,0.7692307692307693,Dolphins,248.84615384615384,27.615384615384613,5.538461538461538,DST,145.69230769230768,1.0769230769230769,0.0,394.5384615384616,0.0,0.4615384615384616
4,2012.0,16,Rishard Matthews,0.0,0.0,Bills,0.0,0.0,0.0,0.0,0.0,0.0,1.25,WR,0.0,0.0,19.5,1.5,0.0,0.0,0.0,0.0,0.5,Bills,0.14285714285714285,0.5714285714285714,0.7857142857142857,Dolphins,225.35714285714286,28.714285714285715,8.857142857142858,DST,144.14285714285714,2.357142857142857,0.07142857142857142,369.5,0.21428571428571427,0.5
5,2012.0,17,Rishard Matthews,0.0,0.0,Patriots,0.0,0.0,0.0,0.0,0.0,0.0,1.6,WR,0.0,0.0,23.0,1.6,0.0,0.0,0.0,0.0,0.4,Patriots,0.0,1.3333333333333333,1.2666666666666666,Dolphins,275.53333333333336,22.066666666666666,13.066666666666665,DST,105.53333333333332,2.0,0.06666666666666668,381.06666666666666,0.5333333333333333,0.5333333333333333
