,Year,Week,Name,Fumble TD,Fumbles Lost,Opponent_x,Pass 2PT,Pass Attempts,Pass Completions,Pass Interceptions,Pass TD,Pass Yards,Points_x,Position_x,Receiving 2PT,Receiving TD,Receiving Yards,Receptions,Rush 2PT,Rush Attempts,Rush TD,Rush Yards,Away Games_x,Team,Blocks,Fumble Returns,Interception,Opponent_y,Pass Yards Allowed,Point After,Points_y,Position_y,Rush Yards Allowed,Sack,Safety,Total Yards,Touchdowns,Away Games_y
0,2016.0,2,Arrelious Benn,0.0,0.0,Chargers,0.0,0.0,0.0,0.0,0.0,0.0,0.0,WR,0.0,0.0,9.0,1.0,0.0,0.0,0.0,0.0,1.0,Chargers,0.0,0.0,1.0,Jaguars,330.0,33.0,5.0,DST,83.0,3.0,0.0,413.0,0.0,1.0
1,2016.0,4,Arrelious Benn,0.0,0.0,Colts,0.0,0.0,0.0,0.0,0.0,0.0,0.0,WR,0.0,0.0,9.0,1.0,0.0,0.0,0.0,0.0,1.0,Colts,0.3333333333333333,1.0,0.3333333333333333,Jaguars,304.3333333333333,31.66666666666667,5.0,DST,95.66666666666669,1.3333333333333333,0.0,400.0,0.0,0.3333333333333333
2,2016.0,6,Arrelious Benn,0.0,0.0,Bears,0.0,0.0,0.0,0.0,0.0,0.0,0.0,WR,0.0,0.0,5.0,1.0,0.0,0.0,0.0,0.0,0.5,Bears,0.0,0.2,0.6,Jaguars,227.6,25.2,6.0,DST,118.4,2.2,0.0,346.0,0.2,0.6
3,2016.0,7,Arrelious Benn,0.0,0.0,Raiders,0.0,0.0,0.0,0.0,0.0,0.0,3.6666666666666665,WR,0.0,0.3333333333333333,20.33333333333333,1.0,0.0,0.0,0.0,0.0,0.6666666666666666,Raiders,0.0,0.8333333333333334,0.8333333333333334,Jaguars,312.6666666666667,27.16666666666667,6.166666666666668,DST,132.16666666666666,1.3333333333333333,0.0,444.83333333333326,0.0,0.5
4,2016.0,9,Arrelious Benn,0.0,0.0,Chiefs,0.0,0.0,0.0,0.0,0.0,0.0,3.5,WR,0.0,0.25,25.0,1.0,0.0,0.0,0.0,0.0,0.5,Chiefs,0.0,0.7142857142857143,1.5714285714285714,Jaguars,244.85714285714286,19.571428571428573,13.0,DST,113.0,2.0,0.0,357.8571428571428,0.42857142857142855,0.5714285714285714
