,Year,Week,Name,Fumble TD,Fumbles Lost,Opponent_x,Pass 2PT,Pass Attempts,Pass Completions,Pass Interceptions,Pass TD,Pass Yards,Points_x,Position_x,Receiving 2PT,Receiving TD,Receiving Yards,Receptions,Rush 2PT,Rush Attempts,Rush TD,Rush Yards,Away Games_x,Team,Blocks,Fumble Returns,Interception,Opponent_y,Pass Yards Allowed,Point After,Points_y,Position_y,Rush Yards Allowed,Sack,Safety,Total Yards,Touchdowns,Away Games_y
0,2016.0,8,Terron Ward,0.0,0.0,Packers,0.0,0.0,0.0,0.0,0.0,0.0,5.0,RB,0.0,0.0,11.0,1.0,0.0,6.0,0.0,46.0,0.0,Packers,0.0,0.5,0.8333333333333334,Falcons,242.16666666666663,20.5,8.333333333333334,DST,71.83333333333333,2.833333333333333,0.0,314.0,0.0,0.3333333333333333
1,2016.0,9,Terron Ward,0.0,0.0,Buccaneers,0.0,0.0,0.0,0.0,0.0,0.0,5.0,RB,0.0,0.0,11.0,1.0,0.0,6.0,0.0,46.0,0.0,Buccaneers,0.0,0.8571428571428571,0.5714285714285714,Falcons,274.7142857142857,27.0,7.2857142857142865,DST,115.28571428571428,2.142857142857143,0.0,390.0,0.14285714285714285,0.5714285714285714
2,2016.0,10,Terron Ward,0.0,0.0,Eagles,0.0,0.0,0.0,0.0,0.0,0.0,4.0,RB,0.0,0.0,5.5,0.5,0.0,7.0,0.0,38.0,0.5,Eagles,0.125,0.875,1.0,Falcons,218.375,18.125,13.125,DST,107.125,2.875,0.125,325.5,0.375,0.625
3,2016.0,15,Terron Ward,0.0,0.0,49ers,0.0,0.0,0.0,0.0,0.0,0.0,2.5,RB,0.0,0.0,2.75,0.25,0.0,6.25,0.0,24.75,0.75,49ers,0.07692307692307693,0.6923076923076923,0.6153846153846154,Falcons,244.53846153846158,30.23076923076923,5.846153846153847,DST,170.76923076923075,2.0,0.0,415.3076923076923,0.0,0.4615384615384616
