,Year,Week,Name,Fumble TD,Fumbles Lost,Opponent_x,Pass 2PT,Pass Attempts,Pass Completions,Pass Interceptions,Pass TD,Pass Yards,Points_x,Position_x,Receiving 2PT,Receiving TD,Receiving Yards,Receptions,Rush 2PT,Rush Attempts,Rush TD,Rush Yards,Away Games_x,Team,Blocks,Fumble Returns,Interception,Opponent_y,Pass Yards Allowed,Point After,Points_y,Position_y,Rush Yards Allowed,Sack,Safety,Total Yards,Touchdowns,Away Games_y
0,2015.0,1,Percy Harvin,0.0,0.0,Colts,0.0,0.0,0.0,0.0,0.0,0.0,13.0,WR,0.0,1.0,79.0,5.0,0.0,1.0,0.0,9.0,0.0,Colts,0.0,0.0,0.0,Bills,195.0,27.0,1.0,DST,147.0,0.0,0.0,342.0,0.0,1.0
1,2015.0,2,Percy Harvin,0.0,0.0,Patriots,0.0,0.0,0.0,0.0,0.0,0.0,13.0,WR,0.0,1.0,79.0,5.0,0.0,1.0,0.0,9.0,0.0,Patriots,0.0,0.0,1.0,Bills,330.0,21.0,6.0,DST,134.0,3.0,0.0,464.0,0.0,0.0
2,2015.0,3,Percy Harvin,0.0,0.0,Dolphins,0.0,0.0,0.0,0.0,0.0,0.0,8.5,WR,0.0,0.5,63.0,4.5,0.0,1.0,0.0,8.0,0.0,Dolphins,0.0,0.0,1.0,Bills,230.5,16.5,9.5,DST,142.0,0.5,0.0,372.5,0.5,1.0
3,2015.0,4,Percy Harvin,0.0,0.0,Giants,0.0,0.0,0.0,0.0,0.0,0.0,8.0,WR,0.0,0.3333333333333333,64.0,5.333333333333333,0.0,1.3333333333333333,0.0,10.666666666666666,0.3333333333333333,Giants,0.3333333333333333,0.3333333333333333,1.3333333333333333,Bills,335.6666666666667,24.0,8.666666666666666,DST,74.66666666666667,1.0,0.3333333333333333,410.33333333333326,0.3333333333333333,0.3333333333333333
4,2015.0,5,Percy Harvin,0.0,0.0,Titans,0.0,0.0,0.0,0.0,0.0,0.0,6.5,WR,0.0,0.25,54.5,4.75,0.0,1.0,0.0,8.0,0.25,Titans,0.0,0.0,1.3333333333333333,Bills,194.66666666666663,25.66666666666667,9.0,DST,113.66666666666669,3.0,0.0,308.3333333333333,0.3333333333333333,0.6666666666666666
