,Year,Week,Name,Fumble TD,Fumbles Lost,Opponent,Pass 2PT,Pass Attempts,Pass Completions,Pass Interceptions,Pass TD,Pass Yards,Points,Position,Receiving 2PT,Receiving TD,Receiving Yards,Receptions,Rush 2PT,Rush Attempts,Rush TD,Rush Yards,Away Games
8591,2012.0,1,Beanie Wells,0.0,0.0,Seahawks,0.0,0.0,0.0,0.0,0.0,0.0,1.0,RB,0.0,0.0,0.0,0.0,0.0,7.0,0.0,14.0,0.0
8667,2012.0,2,Beanie Wells,0.0,0.0,Patriots,0.0,0.0,0.0,0.0,0.0,0.0,1.0,RB,0.0,0.0,0.0,0.0,0.0,7.0,0.0,14.0,0.0
8779,2012.0,3,Beanie Wells,0.0,0.0,Eagles,0.0,0.0,0.0,0.0,0.0,0.0,3.5,RB,0.0,0.0,12.0,0.5,0.0,10.5,0.0,29.0,0.5
9462,2012.0,12,Beanie Wells,0.0,0.0,Rams,0.0,0.0,0.0,0.0,0.0,0.0,2.6666666666666665,RB,0.0,0.0,8.0,0.3333333333333333,0.0,9.666666666666666,0.0,25.333333333333332,0.3333333333333333
9586,2012.0,13,Beanie Wells,0.0,0.0,Jets,0.0,0.0,0.0,0.0,0.0,0.0,6.0,RB,0.0,0.0,6.0,0.25,0.0,11.5,0.5,31.0,0.25
9677,2012.0,14,Beanie Wells,0.0,0.0,Seahawks,0.0,0.0,0.0,0.0,0.0,0.0,5.2,RB,0.0,0.0,4.8,0.2,0.0,12.2,0.4,29.2,0.4
9714,2012.0,15,Beanie Wells,0.0,0.0,Lions,0.0,0.0,0.0,0.0,0.0,0.0,4.5,RB,0.0,0.0,4.0,0.16666666666666666,0.0,11.166666666666666,0.3333333333333333,27.333333333333332,0.5
9894,2012.0,16,Beanie Wells,0.0,0.0,Bears,0.0,0.0,0.0,0.0,0.0,0.0,7.285714285714286,RB,0.0,0.0,3.4285714285714284,0.14285714285714285,0.0,12.0,0.7142857142857143,33.0,0.42857142857142855
