,Year,Week,Name,Fumble TD,Fumbles Lost,Opponent,Pass 2PT,Pass Attempts,Pass Completions,Pass Interceptions,Pass TD,Pass Yards,Points,Position,Receiving 2PT,Receiving TD,Receiving Yards,Receptions,Rush 2PT,Rush Attempts,Rush TD,Rush Yards,Away Games
1593,2016.0,2,Jonathan Grimes,0.0,0.0,Chiefs,0.0,0.0,0.0,0.0,0.0,0.0,1.0,RB,0.0,0.0,13.0,1.0,0.0,1.0,0.0,8.0,0.0
1683,2016.0,3,Jonathan Grimes,0.0,0.0,Patriots,0.0,0.0,0.0,0.0,0.0,0.0,1.0,RB,0.0,0.0,13.0,1.0,0.0,1.0,0.0,8.0,0.0
2076,2016.0,8,Jonathan Grimes,0.0,0.0,Lions,0.0,0.0,0.0,0.0,0.0,0.0,1.0,RB,0.0,0.0,14.0,2.5,0.0,2.0,0.0,6.0,0.5
2374,2016.0,12,Jonathan Grimes,0.0,0.0,Chargers,0.0,0.0,0.0,0.0,0.0,0.0,1.0,RB,0.0,0.0,9.333333333333334,1.6666666666666667,0.0,2.0,0.0,7.666666666666667,0.3333333333333333
2429,2016.0,13,Jonathan Grimes,0.0,0.0,Packers,0.0,0.0,0.0,0.0,0.0,0.0,1.0,RB,0.0,0.0,7.0,1.25,0.0,2.0,0.0,9.25,0.25
2555,2016.0,14,Jonathan Grimes,0.0,0.0,Colts,0.0,0.0,0.0,0.0,0.0,0.0,1.8,RB,0.0,0.0,8.6,1.2,0.0,2.6,0.0,16.0,0.4
2635,2016.0,15,Jonathan Grimes,0.0,0.0,Jaguars,0.0,0.0,0.0,0.0,0.0,0.0,1.5,RB,0.0,0.0,8.166666666666666,1.1666666666666667,0.0,2.3333333333333335,0.0,14.333333333333334,0.5
2774,2016.0,17,Jonathan Grimes,0.0,0.0,Titans,0.0,0.0,0.0,0.0,0.0,0.0,1.4285714285714286,RB,0.0,0.0,8.714285714285714,1.2857142857142858,0.0,2.142857142857143,0.0,12.714285714285714,0.42857142857142855
