,Year,Week,Name,Fumble TD,Fumbles Lost,Opponent,Pass 2PT,Pass Attempts,Pass Completions,Pass Interceptions,Pass TD,Pass Yards,Points,Position,Receiving 2PT,Receiving TD,Receiving Yards,Receptions,Rush 2PT,Rush Attempts,Rush TD,Rush Yards,Away Games
1651,2013.0,1,Jordan Reed,0.0,0.0,Eagles,0.0,0.0,0.0,0.0,0.0,0.0,3.0,TE,0.0,0.0,38.0,5.0,0.0,0.0,0.0,0.0,0.0
1687,2013.0,2,Jordan Reed,0.0,0.0,Packers,0.0,0.0,0.0,0.0,0.0,0.0,3.0,TE,0.0,0.0,38.0,5.0,0.0,0.0,0.0,0.0,0.0
1735,2013.0,3,Jordan Reed,0.0,0.0,Lions,0.0,0.0,0.0,0.0,0.0,0.0,5.0,TE,0.0,0.5,28.0,4.0,0.0,0.0,0.0,0.0,0.5
1876,2013.0,6,Jordan Reed,0.0,0.0,Cowboys,0.0,0.0,0.0,0.0,0.0,0.0,5.0,TE,0.0,0.3333333333333333,35.333333333333336,4.333333333333333,0.0,0.0,0.0,0.0,0.3333333333333333
1906,2013.0,7,Jordan Reed,0.0,0.0,Bears,0.0,0.0,0.0,0.0,0.0,0.0,5.0,TE,0.0,0.25,41.0,4.25,0.0,0.0,0.0,0.0,0.5
1956,2013.0,8,Jordan Reed,0.0,0.0,Broncos,0.0,0.0,0.0,0.0,0.0,0.0,7.8,TE,0.0,0.4,59.6,5.2,0.0,0.0,0.0,0.0,0.4
2011,2013.0,9,Jordan Reed,0.0,0.0,Chargers,0.0,0.0,0.0,0.0,0.0,0.0,8.0,TE,0.0,0.3333333333333333,64.66666666666667,5.666666666666667,0.0,0.0,0.0,0.0,0.5
2039,2013.0,10,Jordan Reed,0.0,0.0,Min,0.0,0.0,0.0,0.0,0.0,0.0,7.428571428571429,TE,0.0,0.2857142857142857,60.714285714285715,5.428571428571429,0.0,0.14285714285714285,0.0,2.5714285714285716,0.42857142857142855
2121,2013.0,11,Jordan Reed,0.0,0.0,Eagles,0.0,0.0,0.0,0.0,0.0,0.0,8.0,TE,0.0,0.375,60.875,5.5,0.0,0.125,0.0,2.25,0.5
