,Year,Week,Name,Fumble TD,Fumbles Lost,Opponent_x,Pass 2PT,Pass Attempts,Pass Completions,Pass Interceptions,Pass TD,Pass Yards,Points_x,Position_x,Receiving 2PT,Receiving TD,Receiving Yards,Receptions,Rush 2PT,Rush Attempts,Rush TD,Rush Yards,Away Games_x,Team,Blocks,Fumble Returns,Interception,Opponent_y,Pass Yards Allowed,Point After,Points_y,Position_y,Rush Yards Allowed,Sack,Safety,Total Yards,Touchdowns,Away Games_y
0,2012.0,3,Kahlil Bell,0.0,0.0,Rams,0.0,0.0,0.0,0.0,0.0,0.0,3.0,RB,0.0,0.0,11.0,1.0,0.0,10.0,0.0,20.0,0.0,Rams,0.5,0.0,2.0,Bears,271.5,27.5,9.5,DST,129.5,1.0,0.0,401.0,0.5,0.5
1,2012.0,4,Kahlil Bell,0.0,0.0,Cowboys,0.0,0.0,0.0,0.0,0.0,0.0,3.0,RB,0.0,0.0,11.0,1.0,0.0,10.0,0.0,20.0,0.0,Cowboys,0.0,0.6666666666666666,0.3333333333333333,Bears,137.0,18.0,8.333333333333334,DST,113.0,2.333333333333333,0.0,250.0,0.0,0.6666666666666666
2,2012.0,13,Kahlil Bell,0.0,0.0,Cardinals,0.0,0.0,0.0,0.0,0.0,0.0,2.0,RB,0.0,0.0,5.5,0.5,0.0,6.0,0.0,16.0,0.5,Cardinals,0.18181818181818185,0.7272727272727273,1.3636363636363635,Jets,203.72727272727272,20.63636363636364,10.545454545454543,DST,124.1818181818182,2.727272727272727,0.0,327.90909090909093,0.09090909090909093,0.4545454545454545
3,2012.0,16,Kahlil Bell,0.0,0.3333333333333333,Cardinals,0.0,0.0,0.0,0.0,0.0,0.0,1.0,RB,0.0,0.0,4.333333333333333,0.6666666666666666,0.0,4.0,0.0,10.666666666666666,0.3333333333333333,Cardinals,0.14285714285714285,0.7142857142857143,1.5714285714285714,Bears,199.28571428571428,21.571428571428577,11.857142857142858,DST,136.5,2.571428571428572,0.0,335.7857142857143,0.21428571428571427,0.5
4,2012.0,17,Kahlil Bell,0.0,0.25,Lions,0.0,0.0,0.0,0.0,0.0,0.0,1.5,RB,0.0,0.0,3.25,0.5,0.0,6.25,0.0,16.0,0.5,Lions,0.06666666666666668,0.4,0.7333333333333333,Bears,221.6,27.4,6.066666666666666,DST,116.33333333333331,2.1333333333333333,0.06666666666666668,337.93333333333334,0.0,0.5333333333333333
