,Year,Week,Name,Fumble TD,Fumbles Lost,Opponent_x,Pass 2PT,Pass Attempts,Pass Completions,Pass Interceptions,Pass TD,Pass Yards,Points_x,Position_x,Receiving 2PT,Receiving TD,Receiving Yards,Receptions,Rush 2PT,Rush Attempts,Rush TD,Rush Yards,Away Games_x,Team,Blocks,Fumble Returns,Interception,Opponent_y,Pass Yards Allowed,Point After,Points_y,Position_y,Rush Yards Allowed,Sack,Safety,Total Yards,Touchdowns,Away Games_y
0,2015.0,3,Devin Smith,0.0,0.0,Eagles,0.0,0.0,0.0,0.0,0.0,0.0,3.0,WR,0.0,0.0,39.0,3.0,0.0,0.0,0.0,0.0,0.0,Eagles,0.0,1.0,1.0,Jets,270.0,23.0,8.5,DST,107.0,2.0,0.0,377.0,0.0,0.5
1,2015.0,4,Devin Smith,0.0,0.0,Dolphins,0.0,0.0,0.0,0.0,0.0,0.0,3.0,WR,0.0,0.0,39.0,3.0,0.0,0.0,0.0,0.0,0.0,Dolphins,0.0,0.0,0.6666666666666666,Jets,246.0,24.66666666666667,6.333333333333332,DST,145.0,0.3333333333333333,0.0,391.0,0.3333333333333333,0.6666666666666666
2,2015.0,7,Devin Smith,0.0,0.0,Patriots,0.0,0.0,0.0,0.0,0.0,0.0,2.0,WR,0.0,0.0,26.5,2.5,0.0,0.0,0.0,0.0,0.5,Patriots,0.2,0.2,1.2,Jets,241.4,20.6,10.2,DST,114.6,3.8,0.0,356.0,0.0,0.6
3,2015.0,10,Devin Smith,0.0,0.0,Bills,0.0,0.0,0.0,0.0,0.0,0.0,1.3333333333333333,WR,0.0,0.0,20.0,2.0,0.0,0.0,0.0,0.0,0.6666666666666666,Bills,0.0,0.5,1.0,Jets,259.625,23.75,8.875,DST,93.875,1.625,0.125,353.5,0.25,0.375
4,2015.0,12,Devin Smith,0.0,0.25,Dolphins,0.0,0.0,0.0,0.0,0.0,0.0,1.25,WR,0.0,0.0,20.5,1.75,0.0,0.0,0.0,0.0,0.5,Dolphins,0.1,0.2,0.9,Jets,251.2,24.9,8.6,DST,138.6,2.2,0.0,389.8,0.3,0.6
5,2016.0,16,Devin Smith,0.0,0.0,Patriots,0.0,0.0,0.0,0.0,0.0,0.0,2.0,WR,0.0,0.0,20.0,1.0,0.0,0.0,0.0,0.0,1.0,Patriots,0.21428571428571427,0.5714285714285714,0.6428571428571429,Jets,248.07142857142856,16.642857142857142,9.714285714285714,DST,87.92857142857143,2.2857142857142856,0.21428571428571427,336.0,0.0,0.5
