,Year,Week,Name,Fumble TD,Fumbles Lost,Opponent,Pass 2PT,Pass Attempts,Pass Completions,Pass Interceptions,Pass TD,Pass Yards,Points,Position,Receiving 2PT,Receiving TD,Receiving Yards,Receptions,Rush 2PT,Rush Attempts,Rush TD,Rush Yards,Away Games
5781,2013.0,1,Le'Ron McClain,0.0,0.0,Texans,0.0,0.0,0.0,0.0,0.0,0.0,0.0,RB,0.0,0.0,0.0,0.0,0.0,1.0,0.0,2.0,0.0
5953,2013.0,3,Le'Ron McClain,0.0,0.0,Titans,0.0,0.0,0.0,0.0,0.0,0.0,0.0,RB,0.0,0.0,0.0,0.0,0.0,1.0,0.0,2.0,0.0
6022,2013.0,4,Le'Ron McClain,0.0,0.0,Cowboys,0.0,0.0,0.0,0.0,0.0,0.0,0.0,RB,0.0,0.0,-3.0,0.5,0.0,1.0,0.0,4.5,0.5
6202,2013.0,6,Le'Ron McClain,0.0,0.0,Colts,0.0,0.0,0.0,0.0,0.0,0.0,0.3333333333333333,RB,0.0,0.0,-2.0,0.3333333333333333,0.0,1.3333333333333333,0.0,6.666666666666667,0.3333333333333333
6284,2013.0,7,Le'Ron McClain,0.0,0.0,Jaguars,0.0,0.0,0.0,0.0,0.0,0.0,0.25,RB,0.0,0.0,-1.75,0.5,0.0,1.5,0.0,5.75,0.25
6754,2013.0,13,Le'Ron McClain,0.0,0.0,Bengals,0.0,0.0,0.0,0.0,0.0,0.0,0.2,RB,0.0,0.0,-1.4,0.4,0.0,1.6,0.0,5.4,0.4
6839,2013.0,14,Le'Ron McClain,0.0,0.0,Giants,0.0,0.0,0.0,0.0,0.0,0.0,0.16666666666666666,RB,0.0,0.0,-1.1666666666666667,0.3333333333333333,0.0,1.5,0.0,4.666666666666667,0.3333333333333333
7097,2013.0,17,Le'Ron McClain,0.0,0.0,Chiefs,0.0,0.0,0.0,0.0,0.0,0.0,0.14285714285714285,RB,0.0,0.0,-1.0,0.2857142857142857,0.0,1.4285714285714286,0.0,4.142857142857143,0.2857142857142857
