,Year,Week,Name,Fumble TD,Fumbles Lost,Opponent_x,Pass 2PT,Pass Attempts,Pass Completions,Pass Interceptions,Pass TD,Pass Yards,Points_x,Position_x,Receiving 2PT,Receiving TD,Receiving Yards,Receptions,Rush 2PT,Rush Attempts,Rush TD,Rush Yards,Away Games_x,Team,Blocks,Fumble Returns,Interception,Opponent_y,Pass Yards Allowed,Point After,Points_y,Position_y,Rush Yards Allowed,Sack,Safety,Total Yards,Touchdowns,Away Games_y
0,2014.0,3,Keshawn Martin,0.0,0.0,Giants,0.0,0.0,0.0,0.0,0.0,0.0,1.0,WR,0.0,0.0,16.0,1.0,0.0,0.0,0.0,0.0,1.0,Giants,0.0,0.0,0.0,Texans,241.5,30.0,3.0,DST,100.0,2.5,0.0,341.5,0.0,0.5
1,2014.0,5,Keshawn Martin,0.0,0.0,Cowboys,0.0,0.0,0.0,0.0,0.0,0.0,1.0,WR,0.0,0.0,16.0,1.0,0.0,0.0,0.0,0.0,1.0,Cowboys,0.0,0.75,1.25,Texans,271.25,21.5,9.5,DST,108.5,1.25,0.0,379.75,0.25,0.5
2,2014.0,7,Keshawn Martin,0.0,0.0,Steelers,0.0,0.0,0.0,0.0,0.0,0.0,0.5,WR,0.0,0.0,11.5,1.0,0.0,0.0,0.0,0.0,1.0,Steelers,0.0,0.5,0.5,Texans,225.83333333333331,23.16666666666667,7.833333333333332,DST,111.16666666666669,1.5,0.0,337.0,0.3333333333333333,0.6666666666666666
3,2014.0,11,Keshawn Martin,0.0,0.0,Browns,0.0,0.0,0.0,0.0,0.0,0.0,0.3333333333333333,WR,0.0,0.0,9.333333333333334,1.0,0.0,0.0,0.0,0.0,1.0,Browns,0.2222222222222222,0.4444444444444444,1.4444444444444444,Texans,232.33333333333331,19.11111111111111,10.777777777777779,DST,134.22222222222223,2.2222222222222223,0.1111111111111111,366.5555555555555,0.1111111111111111,0.4444444444444444
4,2014.0,13,Keshawn Martin,0.0,0.0,Titans,0.0,0.0,0.0,0.0,0.0,0.0,0.25,WR,0.0,0.0,8.5,1.0,0.0,0.0,0.0,0.0,1.0,Titans,0.09090909090909093,0.2727272727272727,1.0,Texans,233.3636363636364,26.63636363636364,7.1818181818181825,DST,145.36363636363637,2.8181818181818183,0.0,378.7272727272728,0.0,0.5454545454545454
5,2014.0,14,Keshawn Martin,0.0,0.0,Jaguars,0.0,0.0,0.0,0.0,0.0,0.0,0.8,WR,0.0,0.0,13.2,1.0,0.0,0.0,0.0,0.0,0.8,Jaguars,0.0,1.0,0.4166666666666667,Texans,253.83333333333331,27.41666666666667,8.833333333333334,DST,129.41666666666666,3.083333333333333,0.08333333333333333,383.25,0.16666666666666666,0.5
