,Year,Week,Name,Fumble TD,Fumbles Lost,Opponent_x,Pass 2PT,Pass Attempts,Pass Completions,Pass Interceptions,Pass TD,Pass Yards,Points_x,Position_x,Receiving 2PT,Receiving TD,Receiving Yards,Receptions,Rush 2PT,Rush Attempts,Rush TD,Rush Yards,Away Games_x,Team,Blocks,Fumble Returns,Interception,Opponent_y,Pass Yards Allowed,Point After,Points_y,Position_y,Rush Yards Allowed,Sack,Safety,Total Yards,Touchdowns,Away Games_y
0,2010.0,4,Kevin Smith,0.0,0.0,Packers,0.0,0.0,0.0,0.0,0.0,0.0,3.0,RB,0.0,0.0,22.0,4.0,0.0,3.0,0.0,12.0,1.0,Packers,0.0,0.3333333333333333,1.0,Lions,144.0,15.666666666666664,12.0,DST,116.66666666666669,4.333333333333333,0.0,260.6666666666667,0.0,0.6666666666666666
1,2010.0,5,Kevin Smith,0.0,0.0,Rams,0.0,0.0,0.0,0.0,0.0,0.0,3.0,RB,0.0,0.0,22.0,4.0,0.0,3.0,0.0,12.0,1.0,Rams,0.25,1.5,1.0,Lions,230.75,13.0,13.25,DST,116.25,2.25,0.0,347.0,0.0,0.25
2,2010.0,6,Kevin Smith,0.0,0.0,Giants,0.0,0.0,0.0,0.0,0.0,0.0,3.0,RB,0.0,0.0,19.5,2.5,0.0,3.5,0.0,18.0,0.5,Giants,0.0,1.0,1.2,Lions,146.0,19.6,12.4,DST,98.6,3.8,0.0,244.6,0.0,0.4
3,2010.0,8,Kevin Smith,0.0,0.0,Redskins,0.0,0.0,0.0,0.0,0.0,0.0,2.333333333333333,RB,0.0,0.0,13.0,1.6666666666666667,0.0,3.6666666666666665,0.0,17.666666666666668,0.6666666666666666,Redskins,0.2857142857142857,1.2857142857142858,1.1428571428571428,Lions,292.14285714285717,19.0,13.285714285714285,DST,113.85714285714286,2.4285714285714284,0.0,406.0,0.2857142857142857,0.42857142857142855
4,2010.0,9,Kevin Smith,0.0,0.0,Jets,0.0,0.0,0.0,0.0,0.0,0.0,3.25,RB,0.0,0.0,13.75,1.75,0.0,5.75,0.0,26.0,0.5,Jets,0.14285714285714285,1.2857142857142858,0.7142857142857143,Lions,218.57142857142856,15.714285714285715,11.714285714285715,DST,88.7142857142857,2.142857142857143,0.0,307.2857142857143,0.14285714285714285,0.42857142857142855
5,2010.0,10,Kevin Smith,0.0,0.0,Bills,0.0,0.0,0.0,0.0,0.0,0.0,3.2,RB,0.0,0.0,16.4,1.6,0.0,5.6,0.0,22.8,0.4,Bills,0.0,0.75,0.125,Lions,193.375,29.125,5.5,DST,178.25,1.5,0.0,371.625,0.125,0.5
