,Year,Week,Name,Fumble TD,Fumbles Lost,Opponent_x,Pass 2PT,Pass Attempts,Pass Completions,Pass Interceptions,Pass TD,Pass Yards,Points_x,Position_x,Receiving 2PT,Receiving TD,Receiving Yards,Receptions,Rush 2PT,Rush Attempts,Rush TD,Rush Yards,Away Games_x,Team,Blocks,Fumble Returns,Interception,Opponent_y,Pass Yards Allowed,Point After,Points_y,Position_y,Rush Yards Allowed,Sack,Safety,Total Yards,Touchdowns,Away Games_y
0,2013.0,9,LaVon Brazill,0.0,0.0,Texans,0.0,0.0,0.0,0.0,0.0,0.0,0.0,WR,0.0,0.0,9.0,1.0,0.0,0.0,0.0,0.0,1.0,Texans,0.0,0.2857142857142857,0.42857142857142855,Colts,145.57142857142858,27.714285714285715,5.7142857142857135,DST,122.14285714285714,2.2857142857142856,0.14285714285714285,267.7142857142857,0.14285714285714285,0.5714285714285714
1,2013.0,10,LaVon Brazill,0.0,0.0,Rams,0.0,0.0,0.0,0.0,0.0,0.0,0.0,WR,0.0,0.0,9.0,1.0,0.0,0.0,0.0,0.0,1.0,Rams,0.0,0.7777777777777778,0.7777777777777778,Colts,220.55555555555557,25.11111111111111,10.333333333333334,DST,125.22222222222223,3.2222222222222223,0.1111111111111111,345.77777777777777,0.3333333333333333,0.4444444444444444
2,2013.0,12,LaVon Brazill,0.0,0.0,Cardinals,0.0,0.0,0.0,0.0,0.0,0.0,0.5,WR,0.0,0.0,10.0,1.0,0.0,0.0,0.0,0.0,0.5,Cardinals,0.2,0.8,1.4,Colts,243.5,21.2,12.1,DST,81.4,2.8,0.1,324.9,0.2,0.5
3,2013.0,13,LaVon Brazill,0.0,0.0,Titans,0.0,0.0,0.0,0.0,0.0,0.0,1.3333333333333333,WR,0.0,0.0,18.33333333333333,1.6666666666666667,0.0,0.0,0.0,0.0,0.6666666666666666,Titans,0.09090909090909093,0.9090909090909092,0.8181818181818182,Colts,217.3636363636364,22.272727272727273,10.181818181818182,DST,114.9090909090909,2.363636363636364,0.0,332.27272727272725,0.2727272727272727,0.4545454545454545
4,2013.0,14,LaVon Brazill,0.0,0.0,Bengals,0.0,0.0,0.0,0.0,0.0,0.0,2.0,WR,0.0,0.0,24.25,2.0,0.0,0.0,0.0,0.0,0.5,Bengals,0.25,0.8333333333333334,1.0833333333333333,Colts,213.75,18.0,13.75,DST,101.08333333333331,3.0,0.0,314.8333333333333,0.4166666666666667,0.5833333333333334
5,2013.0,17,LaVon Brazill,0.0,0.0,Jaguars,0.0,0.0,0.0,0.0,0.0,0.0,5.0,WR,0.0,0.4,30.0,2.2,0.0,0.0,0.0,0.0,0.6,Jaguars,0.06666666666666668,0.6666666666666666,0.7333333333333333,Colts,244.2,27.93333333333333,7.866666666666666,DST,135.2,2.0,0.2,379.4,0.13333333333333333,0.4666666666666667
