,Year,Week,Name,Fumble TD,Fumbles Lost,Opponent_x,Pass 2PT,Pass Attempts,Pass Completions,Pass Interceptions,Pass TD,Pass Yards,Points_x,Position_x,Receiving 2PT,Receiving TD,Receiving Yards,Receptions,Rush 2PT,Rush Attempts,Rush TD,Rush Yards,Away Games_x,Team,Blocks,Fumble Returns,Interception,Opponent_y,Pass Yards Allowed,Point After,Points_y,Position_y,Rush Yards Allowed,Sack,Safety,Total Yards,Touchdowns,Away Games_y
0,2016.0,1,Brandon Myers,0.0,0.0,Falcons,0.0,0.0,0.0,0.0,0.0,0.0,6.0,TE,0.0,1.0,4.0,1.0,0.0,0.0,0.0,0.0,1.0,Falcons,0.0,0.0,1.0,Buccaneers,281.0,31.0,2.0,DST,90.0,0.0,0.0,371.0,0.0,0.0
1,2016.0,5,Brandon Myers,0.0,0.0,Panthers,0.0,0.0,0.0,0.0,0.0,0.0,3.0,TE,0.0,0.5,5.5,1.0,0.0,0.0,0.0,0.0,0.5,Panthers,0.0,0.5,1.25,Buccaneers,257.5,29.5,9.5,DST,90.25,2.25,0.0,347.75,0.5,0.5
2,2016.0,9,Brandon Myers,0.0,0.0,Falcons,0.0,0.0,0.0,0.0,0.0,0.0,2.333333333333333,TE,0.0,0.3333333333333333,7.666666666666668,1.0,0.0,0.0,0.0,0.0,0.6666666666666666,Falcons,0.125,0.25,0.75,Buccaneers,285.375,28.875,7.375,DST,93.875,2.25,0.0,379.25,0.375,0.5
3,2016.0,10,Brandon Myers,0.0,0.0,Bears,0.0,0.0,0.0,0.0,0.0,0.0,2.25,TE,0.25,0.25,5.75,0.75,0.0,0.0,0.0,0.0,0.5,Bears,0.125,0.375,0.5,Buccaneers,238.125,22.375,8.125,DST,100.75,2.5,0.0,338.875,0.25,0.5
4,2016.0,14,Brandon Myers,0.0,0.0,Saints,0.0,0.0,0.0,0.0,0.0,0.0,1.8,TE,0.2,0.2,5.8,0.8,0.0,0.0,0.0,0.0,0.4,Saints,0.0,0.8333333333333334,0.5833333333333334,Buccaneers,276.8333333333333,27.91666666666667,5.916666666666668,DST,97.91666666666669,2.0,0.0,374.75,0.0,0.4166666666666667
5,2016.0,16,Brandon Myers,0.0,0.0,Saints,0.0,0.0,0.0,0.0,0.0,0.0,1.5,TE,0.16666666666666666,0.16666666666666666,6.333333333333332,0.8333333333333334,0.0,0.0,0.0,0.0,0.3333333333333333,Saints,0.0,0.8571428571428571,0.5,Buccaneers,271.2142857142857,28.0,6.0,DST,99.64285714285714,1.9285714285714288,0.07142857142857142,370.8571428571428,0.0,0.5
