,Year,Week,Name,Fumble TD,Fumbles Lost,Opponent_x,Pass 2PT,Pass Attempts,Pass Completions,Pass Interceptions,Pass TD,Pass Yards,Points_x,Position_x,Receiving 2PT,Receiving TD,Receiving Yards,Receptions,Rush 2PT,Rush Attempts,Rush TD,Rush Yards,Away Games_x,Team,Blocks,Fumble Returns,Interception,Opponent_y,Pass Yards Allowed,Point After,Points_y,Position_y,Rush Yards Allowed,Sack,Safety,Total Yards,Touchdowns,Away Games_y
0,2014.0,4,Adrien Robinson,0.0,0.0,Redskins,0.0,0.0,0.0,0.0,0.0,0.0,1.0,TE,0.0,0.0,15.0,1.0,0.0,0.0,0.0,0.0,1.0,Redskins,0.0,0.6666666666666666,0.3333333333333333,Giants,218.0,21.33333333333333,9.0,DST,64.66666666666667,3.333333333333333,0.0,282.6666666666667,0.0,0.6666666666666666
1,2014.0,5,Adrien Robinson,0.0,0.0,Falcons,0.0,0.0,0.0,0.0,0.0,0.0,1.0,TE,0.0,0.0,15.0,1.0,0.0,0.0,0.0,0.0,1.0,Falcons,0.0,1.25,0.5,Giants,276.25,28.25,8.5,DST,153.5,0.75,0.0,429.75,0.5,0.5
2,2014.0,6,Adrien Robinson,0.0,0.0,Eagles,0.0,0.0,0.0,0.0,0.0,0.0,0.5,TE,0.0,0.0,10.0,1.0,0.0,0.0,0.0,0.0,0.5,Eagles,0.6,1.0,0.6,Giants,274.2,26.4,16.2,DST,132.0,2.2,0.0,406.2,1.4,0.4
3,2014.0,12,Adrien Robinson,0.0,0.0,Cowboys,0.0,0.0,0.0,0.0,0.0,0.0,1.0,TE,0.0,0.0,16.333333333333332,1.0,0.0,0.0,0.0,0.0,0.6666666666666666,Cowboys,0.0,0.7,1.0,Giants,239.8,21.2,8.7,DST,109.0,1.6,0.0,348.8,0.2,0.4
4,2014.0,14,Adrien Robinson,0.0,0.0,Titans,0.0,0.0,0.0,0.0,0.0,0.0,2.25,TE,0.0,0.25,12.5,1.0,0.0,0.0,0.0,0.0,0.5,Titans,0.16666666666666666,0.3333333333333333,0.9166666666666666,Giants,243.75,28.16666666666667,7.416666666666668,DST,141.5,2.583333333333333,0.0,385.25,0.08333333333333333,0.5833333333333334
