,Year,Week,Name,Fumble TD,Fumbles Lost,Opponent_x,Pass 2PT,Pass Attempts,Pass Completions,Pass Interceptions,Pass TD,Pass Yards,Points_x,Position_x,Receiving 2PT,Receiving TD,Receiving Yards,Receptions,Rush 2PT,Rush Attempts,Rush TD,Rush Yards,Away Games_x,Team,Blocks,Fumble Returns,Interception,Opponent_y,Pass Yards Allowed,Point After,Points_y,Position_y,Rush Yards Allowed,Sack,Safety,Total Yards,Touchdowns,Away Games_y
0,2013.0,10,Tyrod Taylor,0.0,0.0,Bengals,0.0,0.0,0.0,0.0,0.0,0.0,1.0,QB,0.0,0.0,0.0,0.0,0.0,1.0,0.0,18.0,0.0,Bengals,0.2222222222222222,0.6666666666666666,0.7777777777777778,Ravens,221.11111111111111,18.444444444444443,11.666666666666664,DST,103.88888888888887,2.7777777777777777,0.0,325.0,0.3333333333333333,0.5555555555555556
1,2013.0,12,Tyrod Taylor,0.0,0.0,Jets,0.0,0.0,0.0,0.0,0.0,0.0,1.0,QB,0.0,0.0,0.0,0.0,0.0,1.0,0.0,18.0,0.0,Jets,0.0,0.2,0.5,Ravens,250.8,26.8,7.4,DST,73.2,2.8,0.1,324.0,0.1,0.5
2,2013.0,16,Tyrod Taylor,0.0,0.0,Patriots,0.0,0.5,0.0,0.0,0.0,0.0,0.5,QB,0.0,0.0,3.0,0.5,0.0,2.5,0.0,12.5,0.0,Patriots,0.07142857142857142,0.7857142857142857,1.0,Ravens,240.2142857142857,22.214285714285715,9.428571428571429,DST,132.5,2.8571428571428568,0.0,372.71428571428567,0.07142857142857142,0.5
