,Year,Week,Name,Fumble TD,Fumbles Lost,Opponent,Pass 2PT,Pass Attempts,Pass Completions,Pass Interceptions,Pass TD,Pass Yards,Points,Position,Receiving 2PT,Receiving TD,Receiving Yards,Receptions,Rush 2PT,Rush Attempts,Rush TD,Rush Yards,Away Games
4136,2016.0,1,Marcedes Lewis,0.0,0.0,Packers,0.0,0.0,0.0,0.0,0.0,0.0,4.0,TE,0.0,0.0,48.0,2.0,0.0,0.0,0.0,0.0,0.0
4184,2016.0,2,Marcedes Lewis,0.0,0.0,Chargers,0.0,0.0,0.0,0.0,0.0,0.0,4.0,TE,0.0,0.0,48.0,2.0,0.0,0.0,0.0,0.0,0.0
4247,2016.0,3,Marcedes Lewis,0.0,0.0,Ravens,0.0,0.0,0.0,0.0,0.0,0.0,5.5,TE,0.0,0.5,32.5,2.0,0.0,0.0,0.0,0.0,0.5
4301,2016.0,4,Marcedes Lewis,0.0,0.0,Colts,0.0,0.0,0.0,0.0,0.0,0.0,4.333333333333333,TE,0.0,0.3333333333333333,28.333333333333332,2.3333333333333335,0.0,0.0,0.0,0.0,0.3333333333333333
4436,2016.0,7,Marcedes Lewis,0.0,0.0,Raiders,0.0,0.0,0.0,0.0,0.0,0.0,3.5,TE,0.0,0.25,24.25,2.0,0.0,0.0,0.0,0.0,0.25
4489,2016.0,8,Marcedes Lewis,0.0,0.0,Titans,0.0,0.0,0.0,0.0,0.0,0.0,3.0,TE,0.0,0.2,21.6,1.8,0.0,0.0,0.0,0.0,0.2
4534,2016.0,9,Marcedes Lewis,0.0,0.0,Chiefs,0.0,0.0,0.0,0.0,0.0,0.0,2.8333333333333335,TE,0.0,0.16666666666666666,21.833333333333332,2.1666666666666665,0.0,0.0,0.0,0.0,0.3333333333333333
4591,2016.0,10,Marcedes Lewis,0.0,0.0,Texans,0.0,0.0,0.0,0.0,0.0,0.0,2.7142857142857144,TE,0.0,0.14285714285714285,22.0,2.142857142857143,0.0,0.0,0.0,0.0,0.42857142857142855
4631,2016.0,11,Marcedes Lewis,0.0,0.0,Lions,0.0,0.0,0.0,0.0,0.0,0.0,2.375,TE,0.0,0.125,19.125,2.25,0.0,0.0,0.0,0.0,0.375
