,Year,Week,Name,Fumble TD,Fumbles Lost,Opponent_x,Pass 2PT,Pass Attempts,Pass Completions,Pass Interceptions,Pass TD,Pass Yards,Points_x,Position_x,Receiving 2PT,Receiving TD,Receiving Yards,Receptions,Rush 2PT,Rush Attempts,Rush TD,Rush Yards,Away Games_x,Team,Blocks,Fumble Returns,Interception,Opponent_y,Pass Yards Allowed,Point After,Points_y,Position_y,Rush Yards Allowed,Sack,Safety,Total Yards,Touchdowns,Away Games_y
0,2013.0,4,Jamize Olawale,0.0,0.0,Redskins,0.0,0.0,0.0,0.0,0.0,0.0,1.0,RB,0.0,0.0,11.0,1.0,0.0,2.0,0.0,4.0,0.0,Redskins,0.0,0.6666666666666666,0.3333333333333333,Raiders,333.0,32.666666666666664,9.0,DST,155.0,2.6666666666666665,0.0,488.0,0.6666666666666666,0.3333333333333333
1,2013.0,5,Jamize Olawale,0.0,0.0,Chargers,0.0,0.0,0.0,0.0,0.0,0.0,1.0,RB,0.0,0.0,11.0,1.0,0.0,2.0,0.0,4.0,0.0,Chargers,0.0,0.25,0.25,Raiders,312.25,25.5,4.5,DST,120.5,2.25,0.0,432.75,0.0,0.5
2,2013.0,12,Jamize Olawale,0.0,0.0,Titans,0.0,0.0,0.0,0.0,0.0,0.0,1.0,RB,0.0,0.0,13.0,1.5,0.0,1.0,0.0,2.0,0.0,Titans,0.1,0.9,0.8,Raiders,213.1,22.6,10.4,DST,117.1,2.6,0.0,330.2,0.3,0.4
3,2013.0,14,Jamize Olawale,0.0,0.0,Jets,0.0,0.0,0.0,0.0,0.0,0.0,1.3333333333333333,RB,0.0,0.0,17.666666666666668,1.6666666666666667,0.0,0.6666666666666666,0.0,1.3333333333333333,0.0,Jets,0.0,0.16666666666666666,0.5833333333333334,Raiders,256.75,25.83333333333333,7.333333333333332,DST,77.0,2.75,0.08333333333333333,333.75,0.08333333333333333,0.5
4,2013.0,15,Jamize Olawale,0.0,0.0,Chiefs,0.0,0.0,0.0,0.0,0.0,0.0,1.25,RB,0.0,0.0,15.75,1.75,0.0,0.5,0.0,1.0,0.25,Chiefs,0.0,1.0,1.1538461538461535,Raiders,244.61538461538458,17.23076923076923,16.76923076923077,DST,113.23076923076924,3.3076923076923075,0.0,357.84615384615387,0.7692307692307693,0.4615384615384616
