,Year,Week,Name,Fumble TD,Fumbles Lost,Opponent_x,Pass 2PT,Pass Attempts,Pass Completions,Pass Interceptions,Pass TD,Pass Yards,Points_x,Position_x,Receiving 2PT,Receiving TD,Receiving Yards,Receptions,Rush 2PT,Rush Attempts,Rush TD,Rush Yards,Away Games_x,Team,Blocks,Fumble Returns,Interception,Opponent_y,Pass Yards Allowed,Point After,Points_y,Position_y,Rush Yards Allowed,Sack,Safety,Total Yards,Touchdowns,Away Games_y
0,2010.0,2,Riley Cooper,0.0,0.0,Lions,0.0,0.0,0.0,0.0,0.0,0.0,2.0,WR,0.0,0.0,20.0,1.0,0.0,0.0,0.0,0.0,1.0,Lions,0.0,3.0,1.0,Eagles,362.0,19.0,16.0,DST,101.0,4.0,0.0,463.0,0.0,1.0
1,2010.0,7,Riley Cooper,0.0,0.0,Titans,0.0,0.0,0.0,0.0,0.0,0.0,2.0,WR,0.0,0.0,20.0,1.0,0.0,0.0,0.0,0.0,1.0,Titans,0.0,0.6666666666666666,1.6666666666666667,Eagles,231.0,16.333333333333332,15.0,DST,97.5,4.0,0.16666666666666666,328.5,0.16666666666666666,0.5
2,2010.0,12,Riley Cooper,0.0,0.0,Bears,0.0,0.0,0.0,0.0,0.0,0.0,6.5,WR,0.0,0.5,35.5,2.0,0.0,0.0,0.0,0.0,1.0,Bears,0.2,1.0,1.5,Eagles,212.4,14.6,14.3,DST,78.0,1.9,0.0,290.4,0.3,0.5
3,2010.0,14,Riley Cooper,0.0,0.0,Cowboys,0.0,0.0,0.0,0.0,0.0,0.0,5.0,WR,0.0,0.3333333333333333,33.333333333333336,1.6666666666666667,0.0,0.0,0.0,0.0,1.0,Cowboys,0.08333333333333333,0.6666666666666666,1.0833333333333333,Eagles,254.08333333333331,28.0,10.5,DST,107.83333333333331,1.8333333333333333,0.0,361.91666666666674,0.5,0.5
4,2010.0,17,Riley Cooper,0.0,0.0,Cowboys,0.0,0.0,0.0,0.0,0.0,0.0,4.0,WR,0.0,0.25,27.75,1.5,0.0,0.0,0.0,0.0,1.0,Cowboys,0.06666666666666668,0.6,1.1333333333333333,Eagles,251.4,28.2,9.666666666666666,DST,107.53333333333332,2.0,0.0,358.9333333333333,0.4,0.4666666666666667
