,Year,Week,Name,Fumble TD,Fumbles Lost,Opponent_x,Pass 2PT,Pass Attempts,Pass Completions,Pass Interceptions,Pass TD,Pass Yards,Points_x,Position_x,Receiving 2PT,Receiving TD,Receiving Yards,Receptions,Rush 2PT,Rush Attempts,Rush TD,Rush Yards,Away Games_x,Team,Blocks,Fumble Returns,Interception,Opponent_y,Pass Yards Allowed,Point After,Points_y,Position_y,Rush Yards Allowed,Sack,Safety,Total Yards,Touchdowns,Away Games_y
0,2011.0,8,Kevin Faulk,0.0,0.0,Steelers,0.0,0.0,0.0,0.0,0.0,0.0,5.0,RB,0.0,0.0,20.0,5.0,0.0,6.0,0.0,32.0,1.0,Steelers,0.0,0.14285714285714285,0.2857142857142857,Patriots,171.85714285714286,17.428571428571427,9.142857142857142,DST,107.14285714285714,2.4285714285714284,0.14285714285714285,279.0,0.14285714285714285,0.5714285714285714
1,2011.0,10,Kevin Faulk,0.0,0.0,Jets,0.0,0.0,0.0,0.0,0.0,0.0,5.0,RB,0.0,0.0,20.0,5.0,0.0,6.0,0.0,32.0,1.0,Jets,0.125,0.75,1.625,Patriots,196.0,20.375,14.125,DST,123.0,2.25,0.125,319.0,0.5,0.5
2,2011.0,13,Kevin Faulk,0.0,0.0,Colts,0.0,0.0,0.0,0.0,0.0,0.0,2.5,RB,0.0,0.0,10.0,2.5,0.0,5.5,0.0,20.0,1.0,Colts,0.09090909090909093,0.4545454545454545,0.4545454545454545,Patriots,238.72727272727272,29.72727272727273,5.636363636363638,DST,150.63636363636363,1.6363636363636365,0.0,389.3636363636364,0.18181818181818185,0.4545454545454545
3,2011.0,14,Kevin Faulk,0.0,0.0,Redskins,0.0,0.0,0.0,0.0,0.0,0.0,2.0,RB,0.0,0.0,11.0,2.0,0.0,4.333333333333333,0.0,15.0,0.6666666666666666,Redskins,0.08333333333333333,0.5833333333333334,0.6666666666666666,Patriots,208.75,21.33333333333333,8.75,DST,116.5,2.75,0.0,325.25,0.08333333333333333,0.5
4,2011.0,15,Kevin Faulk,0.0,0.0,Broncos,0.0,0.0,0.0,0.0,0.0,0.0,1.75,RB,0.0,0.0,8.5,1.75,0.0,4.0,0.0,14.0,0.75,Broncos,0.0,0.6153846153846154,0.6923076923076923,Patriots,232.9230769230769,23.23076923076923,10.769230769230768,DST,124.15384615384615,2.8461538461538463,0.0,357.07692307692315,0.38461538461538464,0.5384615384615384
