,Unnamed: 0.1_x,Unnamed: 0.1.1_x,Fumble TD,Fumbles Lost,Name,Opponent_x,Pass 2PT,Pass Attempts,Pass Completions,Pass Interceptions,Pass TD,Pass Yards,Points_x,Position_x,Receiving 2PT,Receiving TD,Receiving Yards,Receptions,Rush 2PT,Rush Attempts,Rush TD,Rush Yards,Week,Year,Unnamed: 0.1_y,Unnamed: 0.1.1_y,Blocks,Fumble Returns,Interception,Opponent_y,Pass Yards Allowed,Point After,Points_y,Position_y,Rush Yards Allowed,Sack,Safety,Team,Total Yards,Touchdowns
0,329,329.0,0.0,0.0,Jamize Olawale,Broncos,0.0,0.0,0.0,0.0,0.0,0.0,1.0,RB,0.0,0.0,13.0,2.0,0.0,1.0,0.0,2.0,4,2017.0,102,44.33333333333334,0.3333333333333333,0.0,1.0,Raiders,203.33333333333331,21.33333333333333,9.0,DST,59.66666666666666,2.333333333333333,0.0,Broncos,263.0,0.3333333333333333
1,418,329.0,0.0,0.0,Jamize Olawale,Raiders,0.0,0.0,0.0,0.0,0.0,0.0,1.0,RB,0.0,0.0,13.0,2.0,0.0,1.0,0.0,2.0,5,2017.0,153,63.0,0.0,1.0,0.0,Ravens,227.75,19.75,7.75,DST,120.0,2.5,0.0,Raiders,347.75,0.0
2,619,373.5,0.0,0.0,Jamize Olawale,Bills,0.0,0.0,0.0,0.0,0.0,0.0,1.0,RB,0.0,0.0,6.5,1.0,0.0,1.5,0.0,7.5,8,2017.0,217,90.0,0.0,0.6666666666666666,1.5,Raiders,258.6666666666667,16.833333333333332,12.0,DST,84.5,2.1666666666666665,0.0,Bills,343.1666666666667,0.16666666666666666
3,872,455.33333333333326,0.0,0.0,Jamize Olawale,Raiders,0.0,0.0,0.0,0.0,0.0,0.0,2.6666666666666665,RB,0.0,0.0,4.333333333333333,0.6666666666666666,0.0,1.6666666666666667,0.3333333333333333,6.0,11,2017.0,318,142.22222222222226,0.0,0.6666666666666666,0.0,Patriots,244.55555555555557,23.777777777777782,4.777777777777779,DST,116.55555555555556,1.4444444444444444,0.0,Raiders,361.11111111111114,0.0
4,1044,559.5,0.0,0.0,Jamize Olawale,Raiders,0.0,0.0,0.0,0.0,0.0,0.0,2.25,RB,0.0,0.0,4.75,1.0,0.0,2.0,0.25,8.5,13,2017.0,364,175.45454545454547,0.0,0.5454545454545454,0.09090909090909093,Giants,244.8181818181818,23.72727272727273,5.0,DST,108.54545454545456,1.7272727272727273,0.0,Raiders,353.3636363636364,0.0
