,Year,Week,Name,Fumble TD,Fumbles Lost,Opponent_x,Pass 2PT,Pass Attempts,Pass Completions,Pass Interceptions,Pass TD,Pass Yards,Points_x,Position_x,Receiving 2PT,Receiving TD,Receiving Yards,Receptions,Rush 2PT,Rush Attempts,Rush TD,Rush Yards,Away Games_x,Team,Blocks,Fumble Returns,Interception,Opponent_y,Pass Yards Allowed,Point After,Points_y,Position_y,Rush Yards Allowed,Sack,Safety,Total Yards,Touchdowns,Away Games_y
0,2011.0,15,Colin Cloherty,0.0,0.0,Falcons,0.0,0.0,0.0,0.0,0.0,0.0,2.0,TE,0.0,0.0,21.0,1.0,0.0,0.0,0.0,0.0,1.0,Falcons,0.0,0.4615384615384616,1.0,Jaguars,241.3076923076923,20.53846153846154,7.9230769230769225,DST,95.15384615384615,1.9230769230769231,0.0,336.46153846153845,0.07692307692307693,0.5384615384615384
1,2011.0,16,Colin Cloherty,0.0,0.0,Titans,0.0,0.0,0.0,0.0,0.0,0.0,2.0,TE,0.0,0.0,21.0,1.0,0.0,0.0,0.0,0.0,1.0,Titans,0.14285714285714285,0.7857142857142857,0.7142857142857143,Jaguars,229.07142857142856,19.857142857142858,10.357142857142858,DST,127.71428571428572,1.7142857142857142,0.0,356.78571428571433,0.2857142857142857,0.5
2,2011.0,17,Colin Cloherty,0.0,0.0,Colts,0.0,0.0,0.0,0.0,0.0,0.0,2.5,TE,0.0,0.0,27.0,1.5,0.0,0.0,0.0,0.0,1.0,Colts,0.06666666666666668,0.5333333333333333,0.5333333333333333,Jaguars,237.4,27.4,6.666666666666668,DST,140.86666666666667,1.7333333333333334,0.0,378.26666666666665,0.2,0.4666666666666667
