,Year,Week,Name,Fumble TD,Fumbles Lost,Opponent_x,Pass 2PT,Pass Attempts,Pass Completions,Pass Interceptions,Pass TD,Pass Yards,Points_x,Position_x,Receiving 2PT,Receiving TD,Receiving Yards,Receptions,Rush 2PT,Rush Attempts,Rush TD,Rush Yards,Away Games_x,Team,Blocks,Fumble Returns,Interception,Opponent_y,Pass Yards Allowed,Point After,Points_y,Position_y,Rush Yards Allowed,Sack,Safety,Total Yards,Touchdowns,Away Games_y
0,2014.0,6,Michael Campanaro,0.0,0.0,Buccaneers,0.0,0.0,0.0,0.0,0.0,0.0,8.0,WR,0.0,1.0,28.0,2.0,0.0,0.0,0.0,0.0,1.0,Buccaneers,0.0,1.0,0.8,Ravens,292.2,31.2,9.6,DST,120.2,1.8,0.0,412.4,0.4,0.6
1,2014.0,7,Michael Campanaro,0.0,0.0,Falcons,0.0,0.0,0.0,0.0,0.0,0.0,8.0,WR,0.0,1.0,28.0,2.0,0.0,0.0,0.0,0.0,1.0,Falcons,0.16666666666666666,1.1666666666666667,0.3333333333333333,Ravens,278.8333333333333,28.33333333333333,7.333333333333332,DST,140.16666666666666,1.0,0.0,419.0,0.3333333333333333,0.5
2,2014.0,8,Michael Campanaro,0.0,0.0,Bengals,0.0,0.0,0.0,0.0,0.0,0.0,4.5,WR,0.0,0.5,22.5,1.5,0.0,0.0,0.0,0.0,0.5,Bengals,0.0,0.5,1.1666666666666667,Ravens,270.3333333333333,23.33333333333333,8.5,DST,146.33333333333334,1.6666666666666667,0.16666666666666666,416.66666666666674,0.0,0.5
3,2014.0,17,Michael Campanaro,0.0,0.0,Browns,0.0,0.0,0.0,0.0,0.0,0.0,4.333333333333333,WR,0.0,0.3333333333333333,28.33333333333333,2.0,0.0,0.0,0.0,0.0,0.6666666666666666,Browns,0.2,0.5333333333333333,1.4,Ravens,220.13333333333333,21.133333333333333,10.2,DST,142.4,2.0,0.06666666666666668,362.53333333333336,0.2,0.4666666666666667
