,Year,Week,Name,Fumble TD,Fumbles Lost,Opponent_x,Pass 2PT,Pass Attempts,Pass Completions,Pass Interceptions,Pass TD,Pass Yards,Points_x,Position_x,Receiving 2PT,Receiving TD,Receiving Yards,Receptions,Rush 2PT,Rush Attempts,Rush TD,Rush Yards,Away Games_x,Team,Blocks,Fumble Returns,Interception,Opponent_y,Pass Yards Allowed,Point After,Points_y,Position_y,Rush Yards Allowed,Sack,Safety,Total Yards,Touchdowns,Away Games_y
0,2013.0,1,Chase Daniel,0.0,0.0,Jaguars,0.0,0.0,0.0,0.0,0.0,0.0,0.0,QB,0.0,0.0,0.0,0.0,0.0,1.0,0.0,-1.0,1.0,Jaguars,1.0,0.0,0.0,Chiefs,171.0,28.0,5.0,DST,121.0,1.0,1.0,292.0,0.0,0.0
1,2013.0,4,Chase Daniel,0.0,0.0,Giants,0.0,0.0,0.0,0.0,0.0,0.0,0.0,QB,0.0,0.0,0.0,0.0,0.0,1.0,0.0,-1.0,1.0,Giants,0.0,0.6666666666666666,0.6666666666666666,Chiefs,253.0,38.333333333333336,3.6666666666666665,DST,129.33333333333334,1.0,0.0,382.33333333333326,0.0,0.6666666666666666
2,2013.0,14,Chase Daniel,0.0,0.0,Redskins,0.0,0.0,0.0,0.0,0.0,0.0,0.0,QB,0.0,0.0,0.0,0.0,0.0,1.5,0.0,-1.5,0.5,Redskins,0.0,0.5,0.9166666666666666,Chiefs,265.25,30.16666666666667,8.583333333333334,DST,108.83333333333331,2.5,0.0,374.08333333333326,0.4166666666666667,0.5
3,2013.0,15,Chase Daniel,0.0,0.0,Raiders,0.0,1.0,0.3333333333333333,0.3333333333333333,0.0,5.666666666666668,-0.6666666666666666,QB,0.0,0.0,0.0,0.0,0.0,2.0,0.0,-2.0,0.6666666666666666,Raiders,0.2307692307692308,0.7692307692307693,0.6153846153846154,Chiefs,250.46153846153842,25.923076923076927,9.153846153846152,DST,105.92307692307692,2.4615384615384617,0.0,356.3846153846154,0.3076923076923077,0.5384615384615384
4,2013.0,17,Chase Daniel,0.0,0.0,Chargers,0.0,2.0,1.0,0.25,0.0,12.0,-0.25,QB,0.0,0.0,0.0,0.0,0.0,1.75,0.0,-1.75,0.75,Chargers,0.13333333333333333,0.4,0.7333333333333333,Chiefs,263.3333333333333,21.6,8.2,DST,105.46666666666668,2.2,0.0,368.8,0.06666666666666668,0.5333333333333333
