,Unnamed: 0.1_x,Unnamed: 0.1.1_x,Fumble TD,Fumbles Lost,Name,Opponent_x,Pass 2PT,Pass Attempts,Pass Completions,Pass Interceptions,Pass TD,Pass Yards,Points_x,Position_x,Receiving 2PT,Receiving TD,Receiving Yards,Receptions,Rush 2PT,Rush Attempts,Rush TD,Rush Yards,Week,Year,Unnamed: 0.1_y,Unnamed: 0.1.1_y,Blocks,Fumble Returns,Interception,Opponent_y,Pass Yards Allowed,Point After,Points_y,Position_y,Rush Yards Allowed,Sack,Safety,Team,Total Yards,Touchdowns
0,372,372.0,0.0,0.0,David Morgan,Browns,0.0,0.0,0.0,0.0,0.0,0.0,2.0,TE,0.0,0.0,28.0,3.0,0.0,0.0,0.0,0.0,8,2017.0,230,108.85714285714286,0.0,0.5714285714285714,0.5714285714285714,Vikings,221.0,24.142857142857146,7.142857142857142,DST,83.71428571428571,2.142857142857143,0.0,Browns,304.7142857142857,0.14285714285714285
1,460,372.0,0.0,0.0,David Morgan,Redskins,0.0,0.0,0.0,0.0,0.0,0.0,2.0,TE,0.0,0.0,28.0,3.0,0.0,0.0,0.0,0.0,10,2017.0,285,137.5,0.0,0.5,1.0,Vikings,226.375,24.25,8.5,DST,110.5,2.75,0.0,Redskins,336.875,0.125
2,527,416.0,0.0,0.0,David Morgan,Vikings,0.0,0.0,0.0,0.0,0.0,0.0,4.0,TE,0.0,0.5,14.5,2.0,0.0,0.0,0.0,0.0,11,2017.0,302,139.66666666666666,0.0,0.3333333333333333,0.8888888888888888,Rams,213.22222222222226,18.33333333333333,8.777777777777779,DST,81.33333333333333,2.7777777777777777,0.0,Vikings,294.5555555555556,0.0
