,Year,Week,Name,Fumble TD,Fumbles Lost,Opponent_x,Pass 2PT,Pass Attempts,Pass Completions,Pass Interceptions,Pass TD,Pass Yards,Points_x,Position_x,Receiving 2PT,Receiving TD,Receiving Yards,Receptions,Rush 2PT,Rush Attempts,Rush TD,Rush Yards,Away Games_x,Team,Blocks,Fumble Returns,Interception,Opponent_y,Pass Yards Allowed,Point After,Points_y,Position_y,Rush Yards Allowed,Sack,Safety,Total Yards,Touchdowns,Away Games_y
0,2012.0,1,John Phillips,0.0,0.0,Giants,0.0,0.0,0.0,0.0,0.0,0.0,0.0,TE,0.0,0.0,6.0,1.0,0.0,0.0,0.0,0.0,1.0,Giants,0.0,0.0,1.0,Cowboys,290.0,24.0,5.0,DST,143.0,2.0,0.0,433.0,0.0,0.0
1,2012.0,2,John Phillips,0.0,0.0,Seahawks,0.0,0.0,0.0,0.0,0.0,0.0,0.0,TE,0.0,0.0,6.0,1.0,0.0,0.0,0.0,0.0,1.0,Seahawks,0.0,1.0,1.0,Cowboys,210.0,20.0,9.0,DST,43.0,1.0,0.0,253.0,0.0,1.0
2,2012.0,6,John Phillips,0.0,0.0,Ravens,0.0,0.0,0.0,0.0,0.0,0.0,0.5,TE,0.0,0.0,11.0,1.5,0.0,0.0,0.0,0.0,1.0,Ravens,0.0,1.2,1.2,Cowboys,261.4,17.8,13.4,DST,118.4,1.8,0.0,379.8,0.4,0.4
3,2012.0,8,John Phillips,0.0,0.0,Giants,0.0,0.0,0.0,0.0,0.0,0.0,0.6666666666666666,TE,0.0,0.0,13.666666666666664,1.3333333333333333,0.0,0.0,0.0,0.0,1.0,Giants,0.0,0.8571428571428571,1.7142857142857142,Cowboys,253.28571428571428,19.571428571428573,11.0,DST,126.42857142857143,2.4285714285714284,0.0,379.71428571428567,0.0,0.42857142857142855
4,2012.0,13,John Phillips,0.0,0.0,Eagles,0.0,0.0,0.0,0.0,0.0,0.0,2.25,TE,0.0,0.25,13.75,1.75,0.0,0.0,0.0,0.0,0.75,Eagles,0.09090909090909093,0.2727272727272727,0.6363636363636364,Cowboys,228.0909090909091,25.63636363636364,5.0,DST,117.45454545454544,1.6363636363636365,0.0,345.54545454545456,0.0,0.4545454545454545
