,Year,Week,Name,Fumble TD,Fumbles Lost,Opponent_x,Pass 2PT,Pass Attempts,Pass Completions,Pass Interceptions,Pass TD,Pass Yards,Points_x,Position_x,Receiving 2PT,Receiving TD,Receiving Yards,Receptions,Rush 2PT,Rush Attempts,Rush TD,Rush Yards,Away Games_x,Team,Blocks,Fumble Returns,Interception,Opponent_y,Pass Yards Allowed,Point After,Points_y,Position_y,Rush Yards Allowed,Sack,Safety,Total Yards,Touchdowns,Away Games_y
0,2011.0,12,Evan Royster,0.0,0.0,Seahawks,0.0,0.0,0.0,0.0,0.0,0.0,0.0,RB,0.0,0.0,0.0,0.0,0.0,1.0,0.0,3.0,1.0,Seahawks,0.2,0.7,1.0,Redskins,233.0,20.9,9.6,DST,100.0,1.9,0.1,333.0,0.1,0.6
1,2011.0,13,Evan Royster,0.0,0.0,Jets,0.0,0.0,0.0,0.0,0.0,0.0,0.0,RB,0.0,0.0,0.0,0.0,0.0,1.0,0.0,3.0,1.0,Jets,0.09090909090909093,0.6363636363636364,1.181818181818182,Redskins,204.63636363636363,21.90909090909091,11.454545454545455,DST,114.0909090909091,2.0,0.18181818181818185,318.72727272727275,0.3636363636363637,0.4545454545454545
2,2011.0,14,Evan Royster,0.0,0.0,Patriots,0.0,0.0,0.0,0.0,0.0,0.0,0.0,RB,0.0,0.0,1.5,0.5,0.0,0.5,0.0,1.5,0.5,Patriots,0.0,0.5,1.4166666666666667,Redskins,310.0,20.58333333333333,9.75,DST,102.08333333333331,2.25,0.0,412.08333333333326,0.16666666666666666,0.5
3,2011.0,15,Evan Royster,0.0,0.0,Giants,0.0,0.0,0.0,0.0,0.0,0.0,1.3333333333333333,RB,0.0,0.0,3.0,1.0,0.0,2.333333333333333,0.0,15.666666666666664,0.3333333333333333,Giants,0.07692307692307693,0.6923076923076923,1.1538461538461535,Redskins,263.6923076923077,26.84615384615385,9.0,DST,127.92307692307692,2.769230769230769,0.07692307692307693,391.6153846153846,0.07692307692307693,0.5384615384615384
4,2011.0,17,Evan Royster,0.0,0.0,Eagles,0.0,0.0,0.0,0.0,0.0,0.0,4.2,RB,0.0,0.0,4.8,1.0,0.0,7.2,0.0,43.0,0.4,Eagles,0.06666666666666668,0.6,0.9333333333333332,Redskins,210.0,21.2,11.4,DST,111.4,3.2666666666666666,0.06666666666666668,321.4,0.26666666666666666,0.5333333333333333
