,Unnamed: 0.1,50+,FGA,FGM,Name,Opponent_x,Points_x,Position_x,Week,XPA,XPM,Year,Away Games_x,Team,Blocks,Fumble Returns,Interception,Opponent_y,Pass Yards Allowed,Point After,Points_y,Position_y,Rush Yards Allowed,Sack,Safety,Total Yards,Touchdowns,Away Games_y
0,318.0,0.0,0.0,0.0,Shayne Graham,Bills,5.0,K,11,5.0,5.0,2011.0,0.0,Bills,0.2222222222222222,0.5555555555555556,1.6666666666666667,Dolphins,261.44444444444446,24.222222222222218,10.888888888888891,DST,125.44444444444444,1.6666666666666667,0.0,386.88888888888886,0.3333333333333333,0.4444444444444444
1,318.0,0.0,0.0,0.0,Shayne Graham,Cowboys,5.0,K,12,5.0,5.0,2011.0,0.0,Cowboys,0.2,0.7,1.4,Dolphins,227.5,20.6,11.0,DST,101.4,2.6,0.0,328.9,0.1,0.5
2,325.0,0.0,2.5,2.0,Shayne Graham,Browns,9.0,K,16,3.0,3.0,2011.0,0.5,Browns,0.0,0.6428571428571429,0.5714285714285714,Ravens,188.42857142857144,19.571428571428573,7.928571428571429,DST,145.42857142857142,2.071428571428572,0.0,333.85714285714283,0.0,0.5
