,Year,Week,Name,Fumble TD,Fumbles Lost,Opponent_x,Pass 2PT,Pass Attempts,Pass Completions,Pass Interceptions,Pass TD,Pass Yards,Points_x,Position_x,Receiving 2PT,Receiving TD,Receiving Yards,Receptions,Rush 2PT,Rush Attempts,Rush TD,Rush Yards,Away Games_x,Team,Blocks,Fumble Returns,Interception,Opponent_y,Pass Yards Allowed,Point After,Points_y,Position_y,Rush Yards Allowed,Sack,Safety,Total Yards,Touchdowns,Away Games_y
0,2015.0,6,Justin Perillo,0.0,0.0,Chargers,0.0,0.0,0.0,0.0,0.0,0.0,2.0,TE,0.0,0.0,21.0,1.0,0.0,0.0,0.0,0.0,0.0,Chargers,0.0,0.6,0.8,Packers,218.8,26.8,5.0,DST,132.4,1.6,0.0,351.2,0.0,0.4
1,2015.0,8,Justin Perillo,0.0,0.0,Broncos,0.0,0.0,0.0,0.0,0.0,0.0,2.0,TE,0.0,0.0,21.0,1.0,0.0,0.0,0.0,0.0,0.0,Broncos,0.3333333333333333,1.3333333333333333,1.5,Packers,192.16666666666663,17.0,19.166666666666668,DST,89.16666666666669,4.333333333333333,0.0,281.3333333333333,0.6666666666666666,0.6666666666666666
2,2015.0,10,Justin Perillo,0.0,0.0,Lions,0.0,0.0,0.0,0.0,0.0,0.0,1.0,TE,0.0,0.0,13.5,1.0,0.0,0.0,0.0,0.0,0.5,Lions,0.0,0.875,0.5,Packers,252.0,30.625,8.125,DST,133.75,2.5,0.125,385.75,0.25,0.5
3,2015.0,12,Justin Perillo,0.0,0.0,Bears,0.0,0.0,0.0,0.0,0.0,0.0,4.333333333333333,TE,0.0,0.3333333333333333,28.33333333333333,2.333333333333333,0.0,0.0,0.0,0.0,0.3333333333333333,Bears,0.1,0.6,0.5,Packers,217.2,25.1,6.9,DST,123.7,2.0,0.0,340.9,0.0,0.5
4,2015.0,14,Justin Perillo,0.0,0.0,Cowboys,0.0,0.0,0.0,0.0,0.0,0.0,3.25,TE,0.0,0.25,23.5,2.25,0.0,0.0,0.0,0.0,0.25,Cowboys,0.25,0.16666666666666666,0.5,Packers,222.08333333333331,23.08333333333333,7.416666666666668,DST,104.08333333333331,1.9166666666666667,0.0,326.1666666666667,0.16666666666666666,0.5
5,2015.0,15,Justin Perillo,0.0,0.0,Raiders,0.0,0.0,0.0,0.0,0.0,0.0,2.6,TE,0.0,0.2,19.4,2.0,0.0,0.0,0.0,0.0,0.2,Raiders,0.3076923076923077,0.6923076923076923,0.8461538461538461,Packers,271.46153846153845,25.07692307692308,8.384615384615385,DST,101.07692307692308,2.6153846153846154,0.07692307692307693,372.5384615384616,0.0,0.5384615384615384
