,Year,Week,Name,Fumble TD,Fumbles Lost,Opponent,Pass 2PT,Pass Attempts,Pass Completions,Pass Interceptions,Pass TD,Pass Yards,Points,Position,Receiving 2PT,Receiving TD,Receiving Yards,Receptions,Rush 2PT,Rush Attempts,Rush TD,Rush Yards,Away Games
67,2011.0,1,Dion Lewis,0.0,0.0,Rams,0.0,0.0,0.0,0.0,0.0,0.0,1.0,RB,0.0,0.0,-3.0,1.0,0.0,2.0,0.0,10.0,1.0
256,2011.0,3,Dion Lewis,0.0,0.0,Giants,0.0,0.0,0.0,0.0,0.0,0.0,1.0,RB,0.0,0.0,-3.0,1.0,0.0,2.0,0.0,10.0,1.0
426,2011.0,5,Dion Lewis,0.0,0.0,Bills,0.0,0.0,0.0,0.0,0.0,0.0,0.5,RB,0.0,0.0,-1.5,0.5,0.0,1.5,0.0,6.5,0.5
491,2011.0,6,Dion Lewis,0.0,0.0,Redskins,0.0,0.0,0.0,0.0,0.0,0.0,0.3333333333333333,RB,0.0,0.0,-1.0,0.3333333333333333,0.0,1.6666666666666667,0.0,7.0,0.6666666666666666
800,2011.0,10,Dion Lewis,0.0,0.0,Cardinals,0.0,0.0,0.0,0.0,0.0,0.0,0.5,RB,0.0,0.0,-0.75,0.25,0.0,1.75,0.0,7.75,0.75
879,2011.0,11,Dion Lewis,0.0,0.0,Giants,0.0,0.0,0.0,0.0,0.0,0.0,0.4,RB,0.0,0.0,-0.6,0.2,0.0,1.6,0.0,6.6,0.6
1252,2011.0,15,Dion Lewis,0.0,0.0,Jets,0.0,0.0,0.0,0.0,0.0,0.0,0.3333333333333333,RB,0.0,0.0,-0.5,0.16666666666666666,0.0,1.5,0.0,5.666666666666667,0.6666666666666666
1367,2011.0,17,Dion Lewis,0.0,0.14285714285714285,Redskins,0.0,0.0,0.0,0.0,0.0,0.0,0.2857142857142857,RB,0.0,0.0,-0.42857142857142855,0.14285714285714285,0.0,1.5714285714285714,0.0,6.285714285714286,0.5714285714285714
