,Year,Week,Name,Fumble TD,Fumbles Lost,Opponent_x,Pass 2PT,Pass Attempts,Pass Completions,Pass Interceptions,Pass TD,Pass Yards,Points_x,Position_x,Receiving 2PT,Receiving TD,Receiving Yards,Receptions,Rush 2PT,Rush Attempts,Rush TD,Rush Yards,Away Games_x,Team,Blocks,Fumble Returns,Interception,Opponent_y,Pass Yards Allowed,Point After,Points_y,Position_y,Rush Yards Allowed,Sack,Safety,Total Yards,Touchdowns,Away Games_y
0,2013.0,3,Eric Page,0.0,0.0,Patriots,0.0,0.0,0.0,0.0,0.0,0.0,5.0,WR,0.0,0.0,55.0,3.0,0.0,0.0,0.0,0.0,1.0,Patriots,0.0,1.5,1.5,Buccaneers,169.5,15.5,12.0,DST,132.5,2.0,0.0,302.0,0.0,0.5
1,2013.0,8,Eric Page,0.0,0.0,Panthers,0.0,0.0,0.0,0.0,0.0,0.0,5.0,WR,0.0,0.0,55.0,3.0,0.0,0.0,0.0,0.0,1.0,Panthers,0.0,0.8333333333333334,1.5,Buccaneers,217.66666666666663,13.833333333333336,13.833333333333336,DST,84.5,3.1666666666666665,0.0,302.1666666666667,0.16666666666666666,0.5
2,2013.0,14,Eric Page,0.0,0.5,Bills,0.0,0.0,0.0,0.0,0.0,0.0,2.5,WR,0.0,0.0,34.0,2.0,0.0,0.0,0.0,0.0,0.5,Bills,0.0,0.4166666666666667,1.3333333333333333,Buccaneers,232.58333333333331,25.58333333333333,9.833333333333334,DST,121.5,3.583333333333333,0.0,354.08333333333326,0.25,0.4166666666666667
3,2013.0,15,Eric Page,0.0,0.3333333333333333,49ers,0.0,0.0,0.0,0.0,0.0,0.0,1.6666666666666667,WR,0.0,0.0,22.66666666666667,1.3333333333333333,0.0,0.3333333333333333,0.0,-1.6666666666666667,0.3333333333333333,49ers,0.15384615384615385,0.6923076923076923,1.0769230769230769,Buccaneers,204.0,16.46153846153846,12.615384615384615,DST,104.0,2.4615384615384617,0.07692307692307693,308.0,0.2307692307692308,0.4615384615384616
4,2013.0,16,Eric Page,0.0,0.5,Rams,0.0,0.0,0.0,0.0,0.0,0.0,1.0,WR,0.0,0.0,17.0,1.0,0.0,0.25,0.0,-1.25,0.25,Rams,0.07142857142857142,0.9285714285714286,1.0,Buccaneers,257.5,23.142857142857146,11.785714285714285,DST,105.42857142857143,3.0,0.07142857142857142,362.9285714285714,0.42857142857142855,0.5
