,Year,Week,Name,Fumble TD,Fumbles Lost,Opponent_x,Pass 2PT,Pass Attempts,Pass Completions,Pass Interceptions,Pass TD,Pass Yards,Points_x,Position_x,Receiving 2PT,Receiving TD,Receiving Yards,Receptions,Rush 2PT,Rush Attempts,Rush TD,Rush Yards,Away Games_x,Team,Blocks,Fumble Returns,Interception,Opponent_y,Pass Yards Allowed,Point After,Points_y,Position_y,Rush Yards Allowed,Sack,Safety,Total Yards,Touchdowns,Away Games_y
0,2016.0,11,Chris Harper,0.0,0.0,Patriots,0.0,0.0,0.0,0.0,0.0,0.0,3.0,WR,0.0,0.0,35.0,2.0,0.0,0.0,0.0,0.0,0.0,Patriots,0.1111111111111111,0.4444444444444444,0.5555555555555556,49ers,260.44444444444446,18.11111111111111,8.0,DST,101.0,1.7777777777777777,0.2222222222222222,361.4444444444445,0.0,0.4444444444444444
1,2016.0,12,Chris Harper,0.0,0.0,Dolphins,0.0,0.0,0.0,0.0,0.0,0.0,3.0,WR,0.0,0.0,35.0,2.0,0.0,0.0,0.0,0.0,0.0,Dolphins,0.2,0.4,0.9,49ers,224.5,21.6,9.4,DST,126.1,2.3,0.0,350.6,0.3,0.5
2,2016.0,13,Chris Harper,0.0,0.0,Bears,0.0,0.0,0.0,0.0,0.0,0.0,3.0,WR,0.0,0.0,33.5,2.0,0.0,0.0,0.0,0.0,0.5,Bears,0.09090909090909093,0.2727272727272727,0.4545454545454545,49ers,239.8181818181818,24.0,6.636363636363638,DST,103.36363636363636,2.1818181818181817,0.0,343.1818181818182,0.18181818181818185,0.5454545454545454
3,2016.0,14,Chris Harper,0.0,0.0,Jets,0.0,0.0,0.0,0.0,0.0,0.0,2.0,WR,0.0,0.0,24.33333333333333,1.6666666666666667,0.0,0.0,0.0,0.0,0.6666666666666666,Jets,0.0,0.3333333333333333,0.5,49ers,264.4166666666667,25.58333333333333,4.666666666666667,DST,90.33333333333331,1.6666666666666667,0.0,354.75,0.0,0.5
4,2016.0,15,Chris Harper,0.0,0.0,Falcons,0.0,0.0,0.0,0.0,0.0,0.0,1.5,WR,0.0,0.0,20.25,1.5,0.0,0.0,0.0,0.0,0.5,Falcons,0.15384615384615385,0.6923076923076923,0.6923076923076923,49ers,275.23076923076917,26.538461538461537,8.615384615384615,DST,101.07692307692308,2.1538461538461537,0.0,376.3076923076923,0.38461538461538464,0.5384615384615384
5,2016.0,17,Chris Harper,0.0,0.0,Seahawks,0.0,0.0,0.0,0.0,0.0,0.0,1.3333333333333333,WR,0.0,0.0,18.0,1.6666666666666667,0.0,0.0,0.0,0.0,0.6666666666666666,Seahawks,0.2,0.4,0.7333333333333333,49ers,228.06666666666663,17.933333333333334,9.733333333333333,DST,95.0,2.466666666666667,0.06666666666666668,323.06666666666666,0.06666666666666668,0.4666666666666667
