,Year,Week,Name,Fumble TD,Fumbles Lost,Opponent_x,Pass 2PT,Pass Attempts,Pass Completions,Pass Interceptions,Pass TD,Pass Yards,Points_x,Position_x,Receiving 2PT,Receiving TD,Receiving Yards,Receptions,Rush 2PT,Rush Attempts,Rush TD,Rush Yards,Away Games_x,Team,Blocks,Fumble Returns,Interception,Opponent_y,Pass Yards Allowed,Point After,Points_y,Position_y,Rush Yards Allowed,Sack,Safety,Total Yards,Touchdowns,Away Games_y
0,2013.0,1,Kenny Britt,0.0,0.0,Steelers,0.0,0.0,0.0,0.0,0.0,0.0,1.0,WR,0.0,0.0,15.0,1.0,0.0,0.0,0.0,0.0,1.0,Steelers,0.0,0.0,0.0,Titans,117.0,16.0,7.0,DST,112.0,1.0,1.0,229.0,0.0,0.0
1,2013.0,2,Kenny Britt,0.0,0.0,Texans,0.0,0.0,0.0,0.0,0.0,0.0,1.0,WR,0.0,0.0,15.0,1.0,0.0,0.0,0.0,0.0,1.0,Texans,0.0,0.0,1.0,Titans,183.0,28.0,10.0,DST,80.0,2.0,0.0,263.0,1.0,1.0
2,2013.0,5,Kenny Britt,0.0,0.0,Chiefs,0.0,0.0,0.0,0.0,0.0,0.0,1.5,WR,0.0,0.0,21.5,2.5,0.0,0.0,0.0,0.0,1.0,Chiefs,0.0,1.75,1.25,Titans,188.75,10.25,21.25,DST,117.5,4.5,0.0,306.25,0.75,0.5
3,2013.0,6,Kenny Britt,0.0,0.0,Seahawks,0.0,0.0,0.0,0.0,0.0,0.0,1.0,WR,0.0,0.0,17.333333333333332,2.0,0.0,0.0,0.0,0.0,0.6666666666666666,Seahawks,0.2,1.6,1.4,Titans,194.6,16.2,16.0,DST,109.0,2.6,0.4,303.6,0.2,0.6
4,2013.0,7,Kenny Britt,0.0,0.0,49ers,0.0,0.0,0.0,0.0,0.0,0.0,0.75,WR,0.0,0.0,14.75,1.75,0.0,0.0,0.0,0.0,0.75,49ers,0.16666666666666666,0.8333333333333334,1.3333333333333333,Titans,206.33333333333331,19.666666666666668,12.0,DST,112.83333333333331,2.333333333333333,0.16666666666666666,319.1666666666667,0.16666666666666666,0.3333333333333333
5,2013.0,15,Kenny Britt,0.0,0.0,Cardinals,0.0,0.0,0.0,0.0,0.0,0.0,0.6,WR,0.0,0.0,13.4,1.6,0.0,0.0,0.0,0.0,0.6,Cardinals,0.15384615384615385,0.6153846153846154,1.3076923076923077,Titans,227.15384615384616,19.76923076923077,12.769230769230768,DST,84.53846153846153,2.9230769230769234,0.15384615384615385,311.6923076923077,0.3076923076923077,0.4615384615384616
