,Year,Week,Name,Fumble TD,Fumbles Lost,Opponent,Pass 2PT,Pass Attempts,Pass Completions,Pass Interceptions,Pass TD,Pass Yards,Points,Position,Receiving 2PT,Receiving TD,Receiving Yards,Receptions,Rush 2PT,Rush Attempts,Rush TD,Rush Yards,Away Games
7259,2015.0,1,Jaron Brown,0.0,0.0,Saints,0.0,0.0,0.0,0.0,0.0,0.0,0.0,WR,0.0,0.0,8.0,1.0,0.0,0.0,0.0,0.0,0.0
7305,2015.0,2,Jaron Brown,0.0,0.0,Bears,0.0,0.0,0.0,0.0,0.0,0.0,0.0,WR,0.0,0.0,8.0,1.0,0.0,0.0,0.0,0.0,0.0
7566,2015.0,4,Jaron Brown,0.0,0.0,Rams,0.0,0.0,0.0,0.0,0.0,0.0,4.0,WR,0.0,0.5,14.0,1.5,0.0,0.0,0.0,0.0,0.5
7886,2015.0,7,Jaron Brown,0.0,0.0,Ravens,0.0,0.0,0.0,0.0,0.0,0.0,3.3333333333333335,WR,0.0,0.3333333333333333,16.0,1.3333333333333333,0.0,0.0,0.0,0.0,0.3333333333333333
7944,2015.0,8,Jaron Brown,0.0,0.0,Browns,0.0,0.0,0.0,0.0,0.0,0.0,2.5,WR,0.0,0.25,12.75,1.25,0.0,0.0,0.0,0.0,0.25
8135,2015.0,10,Jaron Brown,0.0,0.0,Seahawks,0.0,0.0,0.0,0.0,0.0,0.0,2.6,WR,0.0,0.2,18.0,1.2,0.0,0.0,0.0,0.0,0.4
8629,2015.0,14,Jaron Brown,0.0,0.0,Min,0.0,0.0,0.0,0.0,0.0,0.0,2.6666666666666665,WR,0.0,0.16666666666666666,21.333333333333332,1.5,0.0,0.0,0.0,0.0,0.5
8734,2015.0,15,Jaron Brown,0.0,0.0,Eagles,0.0,0.0,0.0,0.0,0.0,0.0,2.2857142857142856,WR,0.0,0.14285714285714285,18.428571428571427,1.4285714285714286,0.0,0.0,0.0,0.0,0.42857142857142855
