,Year,Week,Name,Fumble TD,Fumbles Lost,Opponent_x,Pass 2PT,Pass Attempts,Pass Completions,Pass Interceptions,Pass TD,Pass Yards,Points_x,Position_x,Receiving 2PT,Receiving TD,Receiving Yards,Receptions,Rush 2PT,Rush Attempts,Rush TD,Rush Yards,Away Games_x,Team,Blocks,Fumble Returns,Interception,Opponent_y,Pass Yards Allowed,Point After,Points_y,Position_y,Rush Yards Allowed,Sack,Safety,Total Yards,Touchdowns,Away Games_y
0,2014.0,7,Greg Little,0.0,0.0,Colts,0.0,0.0,0.0,0.0,0.0,0.0,1.0,WR,0.0,0.0,13.0,1.0,0.0,0.0,0.0,0.0,1.0,Colts,0.0,1.0,1.0,Bengals,233.0,22.66666666666667,10.333333333333334,DST,107.5,2.833333333333333,0.0,340.5,0.16666666666666666,0.5
1,2014.0,8,Greg Little,0.0,0.0,Ravens,0.0,0.0,0.0,0.0,0.0,0.0,1.0,WR,0.0,0.0,13.0,1.0,0.0,0.0,0.0,0.0,1.0,Ravens,0.2857142857142857,0.8571428571428571,0.5714285714285714,Bengals,258.42857142857144,14.857142857142858,10.714285714285714,DST,87.42857142857143,2.142857142857143,0.14285714285714285,345.8571428571428,0.0,0.42857142857142855
2,2014.0,10,Greg Little,0.0,0.0,Browns,0.0,0.0,0.0,0.0,0.0,0.0,2.5,WR,0.0,0.0,27.5,2.0,0.0,0.0,0.0,0.0,0.5,Browns,0.25,0.375,1.25,Bengals,251.5,21.125,9.625,DST,140.25,2.25,0.125,391.75,0.125,0.375
3,2014.0,14,Greg Little,0.0,0.0,Steelers,0.0,0.0,0.0,0.0,0.0,0.0,1.6666666666666667,WR,0.0,0.0,21.0,1.6666666666666667,0.0,0.0,0.0,0.0,0.3333333333333333,Steelers,0.0,0.5,0.6666666666666666,Bengals,242.33333333333331,24.83333333333333,8.0,DST,105.58333333333331,1.75,0.08333333333333333,347.91666666666674,0.3333333333333333,0.5
