,Year,Week,Name,Fumble TD,Fumbles Lost,Opponent_x,Pass 2PT,Pass Attempts,Pass Completions,Pass Interceptions,Pass TD,Pass Yards,Points_x,Position_x,Receiving 2PT,Receiving TD,Receiving Yards,Receptions,Rush 2PT,Rush Attempts,Rush TD,Rush Yards,Away Games_x,Team,Blocks,Fumble Returns,Interception,Opponent_y,Pass Yards Allowed,Point After,Points_y,Position_y,Rush Yards Allowed,Sack,Safety,Total Yards,Touchdowns,Away Games_y
0,2012.0,12,Jamar Newsome,0.0,0.0,Broncos,0.0,0.0,0.0,0.0,0.0,0.0,1.0,WR,0.0,0.0,10.0,1.0,0.0,0.0,0.0,0.0,0.0,Broncos,0.1,0.5,1.2,Chiefs,219.0,21.2,13.7,DST,93.8,3.5,0.2,312.8,0.6,0.5
1,2012.0,13,Jamar Newsome,0.0,0.0,Panthers,0.0,0.0,0.0,0.0,0.0,0.0,1.0,WR,0.0,0.0,10.0,1.0,0.0,0.0,0.0,0.0,0.0,Panthers,0.0,0.9090909090909092,0.7272727272727273,Chiefs,220.9090909090909,24.09090909090909,10.181818181818182,DST,126.1818181818182,2.4545454545454546,0.09090909090909093,347.09090909090907,0.3636363636363637,0.4545454545454545
2,2012.0,14,Jamar Newsome,0.0,0.0,Browns,0.0,0.0,0.0,0.0,0.0,0.0,0.5,WR,0.0,0.0,7.0,1.0,0.0,0.0,0.0,0.0,0.0,Browns,0.0,1.0,1.1666666666666667,Chiefs,252.08333333333331,22.08333333333333,10.333333333333334,DST,115.58333333333331,2.4166666666666665,0.0,367.66666666666674,0.16666666666666666,0.5
3,2012.0,15,Jamar Newsome,0.0,0.0,Raiders,0.0,0.0,0.0,0.0,0.0,0.0,1.0,WR,0.0,0.0,13.0,1.0,0.0,0.0,0.0,0.0,0.3333333333333333,Raiders,0.15384615384615385,0.5384615384615384,0.6923076923076923,Chiefs,259.0,30.923076923076927,5.0,DST,131.15384615384616,1.3076923076923077,0.0,390.1538461538461,0.0,0.4615384615384616
4,2012.0,16,Jamar Newsome,0.0,0.0,Colts,0.0,0.0,0.0,0.0,0.0,0.0,0.75,WR,0.0,0.0,11.25,1.0,0.0,0.0,0.0,0.0,0.5,Colts,0.0,0.14285714285714285,0.5714285714285714,Chiefs,241.64285714285717,25.57142857142857,7.857142857142858,DST,124.71428571428572,1.9285714285714288,0.0,366.3571428571428,0.2857142857142857,0.5
