,Year,Week,Name,Fumble TD,Fumbles Lost,Opponent_x,Pass 2PT,Pass Attempts,Pass Completions,Pass Interceptions,Pass TD,Pass Yards,Points_x,Position_x,Receiving 2PT,Receiving TD,Receiving Yards,Receptions,Rush 2PT,Rush Attempts,Rush TD,Rush Yards,Away Games_x,Team,Blocks,Fumble Returns,Interception,Opponent_y,Pass Yards Allowed,Point After,Points_y,Position_y,Rush Yards Allowed,Sack,Safety,Total Yards,Touchdowns,Away Games_y
0,2010.0,7,Nick Miller,0.0,0.0,Broncos,0.0,0.0,0.0,0.0,0.0,0.0,3.0,WR,0.0,0.0,32.0,1.0,0.0,0.0,0.0,0.0,1.0,Broncos,0.0,0.6666666666666666,0.8333333333333334,Raiders,209.83333333333331,23.33333333333333,6.0,DST,127.66666666666669,1.1666666666666667,0.0,337.5,0.0,0.5
1,2010.0,9,Nick Miller,0.0,0.0,Chiefs,0.0,0.0,0.0,0.0,0.0,0.0,3.0,WR,0.0,0.0,32.0,1.0,0.0,0.0,0.0,0.0,1.0,Chiefs,0.0,0.42857142857142855,0.8571428571428571,Raiders,236.28571428571428,17.428571428571427,11.571428571428573,DST,96.42857142857143,2.142857142857143,0.0,332.7142857142857,0.42857142857142855,0.42857142857142855
2,2010.0,11,Nick Miller,0.0,0.5,Steelers,0.0,0.0,0.0,0.0,0.0,0.0,1.0,WR,0.0,0.0,16.0,0.5,0.0,0.0,0.0,0.0,0.5,Steelers,0.1111111111111111,1.1111111111111112,1.2222222222222223,Raiders,252.22222222222226,18.0,13.111111111111109,DST,63.22222222222222,2.6666666666666665,0.0,315.4444444444445,0.2222222222222222,0.5555555555555556
