,Year,Week,Name,Fumble TD,Fumbles Lost,Opponent_x,Pass 2PT,Pass Attempts,Pass Completions,Pass Interceptions,Pass TD,Pass Yards,Points_x,Position_x,Receiving 2PT,Receiving TD,Receiving Yards,Receptions,Rush 2PT,Rush Attempts,Rush TD,Rush Yards,Away Games_x,Team,Blocks,Fumble Returns,Interception,Opponent_y,Pass Yards Allowed,Point After,Points_y,Position_y,Rush Yards Allowed,Sack,Safety,Total Yards,Touchdowns,Away Games_y
0,2011.0,1,Anthony Armstrong,0.0,0.0,Giants,0.0,0.0,0.0,0.0,0.0,0.0,8.0,WR,0.0,1.0,24.0,2.0,0.0,0.0,0.0,0.0,0.0,Giants,0.0,1.0,0.0,Redskins,258.0,28.0,6.0,DST,74.0,4.0,0.0,332.0,0.0,1.0
1,2011.0,2,Anthony Armstrong,0.0,0.0,Cardinals,0.0,0.0,0.0,0.0,0.0,0.0,8.0,WR,0.0,1.0,24.0,2.0,0.0,0.0,0.0,0.0,0.0,Cardinals,0.0,0.0,1.0,Redskins,403.0,21.0,13.0,DST,74.0,4.0,0.0,477.0,1.0,0.0
2,2011.0,7,Anthony Armstrong,0.0,0.0,Panthers,0.0,0.0,0.0,0.0,0.0,0.0,4.5,WR,0.0,0.5,19.0,2.0,0.0,0.0,0.0,0.0,0.0,Panthers,0.0,0.3333333333333333,0.5,Redskins,219.0,27.16666666666667,4.666666666666667,DST,140.33333333333334,1.5,0.16666666666666666,359.33333333333326,0.0,0.5
3,2011.0,11,Anthony Armstrong,0.0,0.0,Cowboys,0.0,0.0,0.0,0.0,0.0,0.0,3.0,WR,0.0,0.3333333333333333,15.666666666666664,1.6666666666666667,0.0,0.0,0.0,0.0,0.3333333333333333,Cowboys,0.2222222222222222,0.6666666666666666,1.4444444444444444,Redskins,221.77777777777774,20.222222222222218,11.333333333333336,DST,106.0,2.555555555555556,0.0,327.77777777777777,0.1111111111111111,0.4444444444444444
4,2011.0,12,Anthony Armstrong,0.0,0.0,Seahawks,0.0,0.0,0.0,0.0,0.0,0.0,2.25,WR,0.0,0.25,11.75,1.25,0.0,0.25,0.0,1.25,0.25,Seahawks,0.2,0.7,1.0,Redskins,233.0,20.9,9.6,DST,100.0,1.9,0.1,333.0,0.1,0.6
5,2011.0,15,Anthony Armstrong,0.0,0.0,Giants,0.0,0.0,0.0,0.0,0.0,0.0,4.0,WR,0.0,0.4,19.4,1.2,0.0,0.2,0.0,1.0,0.4,Giants,0.07692307692307693,0.6923076923076923,1.1538461538461535,Redskins,263.6923076923077,26.84615384615385,9.0,DST,127.92307692307692,2.769230769230769,0.07692307692307693,391.6153846153846,0.07692307692307693,0.5384615384615384
