,Year,Week,Name,Fumble TD,Fumbles Lost,Opponent,Pass 2PT,Pass Attempts,Pass Completions,Pass Interceptions,Pass TD,Pass Yards,Points,Position,Receiving 2PT,Receiving TD,Receiving Yards,Receptions,Rush 2PT,Rush Attempts,Rush TD,Rush Yards,Away Games
67,2013.0,2,Jason Campbell,0.0,0.0,Ravens,0.0,4.0,1.0,0.0,0.0,6.0,0.0,QB,0.0,0.0,0.0,0.0,0.0,0.0,0.0,0.0,1.0
249,2013.0,8,Jason Campbell,0.0,0.0,Chiefs,0.0,4.0,1.0,0.0,0.0,6.0,0.0,QB,0.0,0.0,0.0,0.0,0.0,0.0,0.0,0.0,1.0
276,2013.0,9,Jason Campbell,0.0,0.0,Ravens,0.0,20.0,11.5,0.0,1.0,149.5,12.0,QB,0.0,0.0,0.0,0.0,0.0,1.5,0.0,8.5,1.0
363,2013.0,11,Jason Campbell,0.0,0.0,Bengals,0.0,25.0,15.333333333333334,0.0,1.6666666666666667,187.0,18.0,QB,0.0,0.0,0.0,0.0,0.0,2.3333333333333335,0.0,12.333333333333334,0.6666666666666666
402,2013.0,12,Jason Campbell,0.0,0.0,Steelers,0.0,32.75,18.25,0.75,1.5,202.25,15.75,QB,0.0,0.0,0.0,0.0,0.0,1.75,0.0,9.25,0.75
446,2013.0,14,Jason Campbell,0.0,0.2,Patriots,0.0,30.6,17.4,0.6,1.2,186.6,13.2,QB,0.0,0.0,0.0,0.0,0.0,1.6,0.0,7.2,0.6
504,2013.0,15,Jason Campbell,0.0,0.16666666666666666,Bears,0.0,32.833333333333336,19.333333333333332,0.5,1.5,220.66666666666666,16.833333333333332,QB,0.0,0.0,0.0,0.0,0.0,1.6666666666666667,0.0,10.5,0.6666666666666666
545,2013.0,16,Jason Campbell,0.0,0.14285714285714285,Jets,0.0,33.714285714285715,19.857142857142858,0.7142857142857143,1.4285714285714286,228.14285714285714,16.285714285714285,QB,0.0,0.0,0.0,0.0,0.0,1.5714285714285714,0.0,11.428571428571429,0.5714285714285714
575,2013.0,17,Jason Campbell,0.0,0.125,Steelers,0.0,34.5,19.625,0.875,1.25,221.875,14.875,QB,0.0,0.0,0.0,0.0,0.0,1.625,0.0,12.625,0.625
