,Year,Week,Name,Fumble TD,Fumbles Lost,Opponent_x,Pass 2PT,Pass Attempts,Pass Completions,Pass Interceptions,Pass TD,Pass Yards,Points_x,Position_x,Receiving 2PT,Receiving TD,Receiving Yards,Receptions,Rush 2PT,Rush Attempts,Rush TD,Rush Yards,Away Games_x,Team,Blocks,Fumble Returns,Interception,Opponent_y,Pass Yards Allowed,Point After,Points_y,Position_y,Rush Yards Allowed,Sack,Safety,Total Yards,Touchdowns,Away Games_y
0,2012.0,1,Jamie Harper,0.0,0.0,Patriots,0.0,0.0,0.0,0.0,0.0,0.0,0.0,RB,0.0,0.0,8.0,1.0,0.0,1.0,0.0,3.0,0.0,Patriots,0.0,1.0,1.0,Titans,264.0,13.0,19.0,DST,20.0,2.0,0.0,284.0,1.0,1.0
1,2012.0,6,Jamie Harper,0.0,0.0,Steelers,0.0,0.0,0.0,0.0,0.0,0.0,0.0,RB,0.0,0.0,8.0,1.0,0.0,1.0,0.0,3.0,0.0,Steelers,0.0,1.0,0.25,Titans,184.75,22.25,7.25,DST,95.25,2.0,0.0,280.0,0.0,0.5
2,2012.0,7,Jamie Harper,0.0,0.0,Bills,0.0,0.0,0.0,0.0,0.0,0.0,3.0,RB,0.0,0.0,4.0,0.5,0.0,1.5,0.5,2.0,0.0,Bills,0.0,0.8333333333333334,1.0,Titans,256.3333333333333,32.0,9.5,DST,173.5,2.5,0.16666666666666666,429.83333333333326,0.16666666666666666,0.6666666666666666
3,2012.0,8,Jamie Harper,0.0,0.0,Colts,0.0,0.0,0.0,0.0,0.0,0.0,6.0,RB,0.0,0.0,2.6666666666666665,0.3333333333333333,0.0,3.333333333333333,1.0,4.0,0.3333333333333333,Colts,0.0,0.16666666666666666,0.3333333333333333,Titans,210.66666666666663,26.33333333333333,6.333333333333332,DST,141.66666666666666,2.1666666666666665,0.0,352.33333333333326,0.16666666666666666,0.3333333333333333
4,2012.0,10,Jamie Harper,0.0,0.0,Dolphins,0.0,0.0,0.0,0.0,0.0,0.0,4.5,RB,0.0,0.0,2.0,0.25,0.0,2.75,0.75,2.75,0.25,Dolphins,0.375,0.375,1.0,Titans,298.25,18.625,11.375,DST,83.875,2.875,0.0,382.125,0.25,0.625
5,2012.0,16,Jamie Harper,0.0,0.0,Packers,0.0,0.0,0.0,0.0,0.0,0.0,3.6,RB,0.0,0.0,1.6,0.2,0.0,2.6,0.6,2.2,0.4,Packers,0.07142857142857142,0.35714285714285715,1.1428571428571428,Titans,226.0,20.857142857142858,10.785714285714288,DST,114.28571428571428,2.7857142857142856,0.0,340.2857142857143,0.2857142857142857,0.5
