,Year,Week,Name,Fumble TD,Fumbles Lost,Opponent_x,Pass 2PT,Pass Attempts,Pass Completions,Pass Interceptions,Pass TD,Pass Yards,Points_x,Position_x,Receiving 2PT,Receiving TD,Receiving Yards,Receptions,Rush 2PT,Rush Attempts,Rush TD,Rush Yards,Away Games_x,Team,Blocks,Fumble Returns,Interception,Opponent_y,Pass Yards Allowed,Point After,Points_y,Position_y,Rush Yards Allowed,Sack,Safety,Total Yards,Touchdowns,Away Games_y
0,2010.0,3,David Clowney,0.0,0.0,Dolphins,0.0,0.0,0.0,0.0,0.0,0.0,2.0,WR,0.0,0.0,22.0,1.0,0.0,0.0,0.0,0.0,1.0,Dolphins,0.0,0.5,1.5,Jets,162.0,10.0,18.0,DST,103.0,3.0,0.5,265.0,0.5,1.0
1,2010.0,5,David Clowney,0.0,0.0,Bears,0.0,0.0,0.0,0.0,0.0,0.0,2.0,WR,0.0,0.0,22.0,1.0,0.0,0.0,0.0,0.0,1.0,Bears,0.25,1.75,1.0,Panthers,255.25,17.0,12.5,DST,77.0,1.0,0.0,332.25,0.25,0.5
2,2010.0,8,David Clowney,0.0,0.0,Rams,0.0,0.0,0.0,0.0,0.0,0.0,1.5,WR,0.0,0.0,18.0,1.5,0.0,0.0,0.0,0.0,0.5,Rams,0.2857142857142857,0.8571428571428571,0.7142857142857143,Panthers,221.85714285714286,18.714285714285715,10.857142857142858,DST,108.14285714285714,2.8571428571428568,0.0,330.0,0.0,0.42857142857142855
3,2010.0,10,David Clowney,0.0,0.0,Buccaneers,0.0,0.0,0.0,0.0,0.0,0.0,1.0,WR,0.0,0.0,14.333333333333336,1.3333333333333333,0.0,0.0,0.0,0.0,0.6666666666666666,Buccaneers,0.0,0.5,1.75,Panthers,213.5,23.75,10.375,DST,147.0,0.75,0.0,360.5,0.5,0.5
4,2010.0,17,David Clowney,0.0,0.0,Falcons,0.0,0.0,0.0,0.0,0.0,0.0,1.25,WR,0.0,0.0,17.0,1.25,0.0,0.0,0.0,0.0,0.75,Falcons,0.0,0.5333333333333333,1.4,Panthers,231.4,18.53333333333333,10.6,DST,103.8,1.8666666666666667,0.0,335.2,0.26666666666666666,0.5333333333333333
