,Year,Week,Name,Fumble TD,Fumbles Lost,Opponent_x,Pass 2PT,Pass Attempts,Pass Completions,Pass Interceptions,Pass TD,Pass Yards,Points_x,Position_x,Receiving 2PT,Receiving TD,Receiving Yards,Receptions,Rush 2PT,Rush Attempts,Rush TD,Rush Yards,Away Games_x,Team,Blocks,Fumble Returns,Interception,Opponent_y,Pass Yards Allowed,Point After,Points_y,Position_y,Rush Yards Allowed,Sack,Safety,Total Yards,Touchdowns,Away Games_y
0,2012.0,2,Greg Jones,0.0,0.0,Texans,0.0,0.0,0.0,0.0,0.0,0.0,0.0,RB,0.0,0.0,9.0,1.0,0.0,0.0,0.0,0.0,1.0,Texans,0.0,1.0,3.0,Jaguars,199.0,10.0,17.0,DST,76.0,2.0,0.0,275.0,0.0,0.0
1,2012.0,3,Greg Jones,0.0,0.0,Colts,0.0,0.0,0.0,0.0,0.0,0.0,0.0,RB,0.0,0.0,6.5,1.0,0.0,0.0,0.0,0.0,0.5,Colts,0.0,0.5,0.5,Jaguars,273.0,30.5,10.0,DST,104.5,3.0,0.0,377.5,0.5,0.5
2,2012.0,4,Greg Jones,0.0,0.0,Bengals,0.0,0.0,0.0,0.0,0.0,0.0,0.3333333333333333,RB,0.0,0.0,8.333333333333334,1.3333333333333333,0.0,0.3333333333333333,0.0,0.3333333333333333,0.6666666666666666,Bengals,0.0,0.6666666666666666,0.0,Jaguars,265.3333333333333,34.0,7.0,DST,151.33333333333334,3.333333333333333,0.0,416.66666666666674,0.3333333333333333,0.6666666666666666
3,2012.0,14,Greg Jones,0.0,0.0,Jets,0.0,0.0,0.0,0.0,0.0,0.0,0.75,RB,0.0,0.0,12.5,2.0,0.0,0.25,0.0,0.25,0.5,Jets,0.0,0.9166666666666666,0.75,Jaguars,198.33333333333331,24.66666666666667,10.083333333333334,DST,137.66666666666666,1.5833333333333333,0.08333333333333333,336.0,0.4166666666666667,0.4166666666666667
4,2012.0,15,Greg Jones,0.0,0.0,Dolphins,0.0,0.0,0.0,0.0,0.0,0.0,0.6,RB,0.0,0.0,11.6,2.0,0.0,0.6,0.0,1.0,0.4,Dolphins,0.2307692307692308,0.2307692307692308,0.6923076923076923,Jaguars,250.61538461538458,21.23076923076923,9.23076923076923,DST,102.07692307692308,2.8461538461538463,0.0,352.6923076923077,0.2307692307692308,0.5384615384615384
5,2012.0,16,Greg Jones,0.0,0.0,Patriots,0.0,0.0,0.0,0.0,0.0,0.0,0.5,RB,0.0,0.0,9.666666666666666,1.6666666666666667,0.0,0.6666666666666666,0.0,1.3333333333333333,0.5,Patriots,0.0,1.4285714285714286,1.1428571428571428,Jaguars,270.7142857142857,22.5,13.214285714285715,DST,106.42857142857143,2.071428571428572,0.07142857142857142,377.1428571428572,0.5714285714285714,0.5
