,Year,Week,Name,Fumble TD,Fumbles Lost,Opponent,Pass 2PT,Pass Attempts,Pass Completions,Pass Interceptions,Pass TD,Pass Yards,Points,Position,Receiving 2PT,Receiving TD,Receiving Yards,Receptions,Rush 2PT,Rush Attempts,Rush TD,Rush Yards,Away Games
8623,2012.0,1,Greg Jones,0.0,0.0,Min,0.0,0.0,0.0,0.0,0.0,0.0,0.0,RB,0.0,0.0,9.0,1.0,0.0,0.0,0.0,0.0,1.0
8714,2012.0,2,Greg Jones,0.0,0.0,Texans,0.0,0.0,0.0,0.0,0.0,0.0,0.0,RB,0.0,0.0,9.0,1.0,0.0,0.0,0.0,0.0,1.0
8788,2012.0,3,Greg Jones,0.0,0.0,Colts,0.0,0.0,0.0,0.0,0.0,0.0,0.0,RB,0.0,0.0,6.5,1.0,0.0,0.0,0.0,0.0,0.5
8867,2012.0,4,Greg Jones,0.0,0.0,Bengals,0.0,0.0,0.0,0.0,0.0,0.0,0.3333333333333333,RB,0.0,0.0,8.333333333333334,1.3333333333333333,0.0,0.3333333333333333,0.0,0.3333333333333333,0.6666666666666666
9703,2012.0,14,Greg Jones,0.0,0.0,Jets,0.0,0.0,0.0,0.0,0.0,0.0,0.75,RB,0.0,0.0,12.5,2.0,0.0,0.25,0.0,0.25,0.5
9796,2012.0,15,Greg Jones,0.0,0.0,Dolphins,0.0,0.0,0.0,0.0,0.0,0.0,0.6,RB,0.0,0.0,11.6,2.0,0.0,0.6,0.0,1.0,0.4
9883,2012.0,16,Greg Jones,0.0,0.0,Patriots,0.0,0.0,0.0,0.0,0.0,0.0,0.5,RB,0.0,0.0,9.666666666666666,1.6666666666666667,0.0,0.6666666666666666,0.0,1.3333333333333333,0.5
