,Year,Week,Name,Fumble TD,Fumbles Lost,Opponent_x,Pass 2PT,Pass Attempts,Pass Completions,Pass Interceptions,Pass TD,Pass Yards,Points_x,Position_x,Receiving 2PT,Receiving TD,Receiving Yards,Receptions,Rush 2PT,Rush Attempts,Rush TD,Rush Yards,Away Games_x,Team,Blocks,Fumble Returns,Interception,Opponent_y,Pass Yards Allowed,Point After,Points_y,Position_y,Rush Yards Allowed,Sack,Safety,Total Yards,Touchdowns,Away Games_y
0,2015.0,1,Derrick Coleman,0.0,0.0,Rams,0.0,0.0,0.0,0.0,0.0,0.0,0.0,RB,0.0,0.0,0.0,0.0,0.0,1.0,0.0,2.0,1.0,Rams,0.0,0.0,1.0,Seahawks,219.0,31.0,14.0,DST,124.0,6.0,0.0,343.0,1.0,0.0
1,2015.0,2,Derrick Coleman,0.0,0.0,Packers,0.0,0.0,0.0,0.0,0.0,0.0,0.0,RB,0.0,0.0,0.0,0.0,0.0,1.0,0.0,2.0,1.0,Packers,0.0,0.0,1.0,Seahawks,213.0,23.0,5.0,DST,189.0,2.0,0.0,402.0,0.0,1.0
2,2015.0,12,Derrick Coleman,0.0,0.0,Steelers,0.0,0.0,0.0,0.0,0.0,0.0,0.0,RB,0.0,0.0,0.0,0.5,0.0,0.5,0.0,1.0,1.0,Steelers,0.1,0.9,0.9,Seahawks,278.4,19.1,11.0,DST,93.0,2.8,0.0,371.4,0.1,0.4
3,2015.0,14,Derrick Coleman,0.0,0.0,Ravens,0.0,0.0,0.0,0.0,0.0,0.0,0.0,RB,0.0,0.0,0.0,0.3333333333333333,0.0,0.6666666666666666,0.0,1.0,0.6666666666666666,Ravens,0.4166666666666667,0.5,0.3333333333333333,Seahawks,243.91666666666663,24.25,8.833333333333334,DST,97.5,2.333333333333333,0.0,341.4166666666667,0.3333333333333333,0.5833333333333334
4,2015.0,15,Derrick Coleman,0.0,0.0,Browns,0.0,0.0,0.0,0.0,0.0,0.0,0.25,RB,0.0,0.0,0.0,0.25,0.0,0.75,0.0,5.5,0.75,Browns,0.07692307692307693,0.6923076923076923,0.6153846153846154,Seahawks,253.84615384615384,27.461538461538463,7.230769230769232,DST,131.30769230769232,2.0,0.0,385.1538461538461,0.2307692307692308,0.4615384615384616
