,Year,Week,Name,Fumble TD,Fumbles Lost,Opponent_x,Pass 2PT,Pass Attempts,Pass Completions,Pass Interceptions,Pass TD,Pass Yards,Points_x,Position_x,Receiving 2PT,Receiving TD,Receiving Yards,Receptions,Rush 2PT,Rush Attempts,Rush TD,Rush Yards,Away Games_x,Team,Blocks,Fumble Returns,Interception,Opponent_y,Pass Yards Allowed,Point After,Points_y,Position_y,Rush Yards Allowed,Sack,Safety,Total Yards,Touchdowns,Away Games_y
0,2014.0,1,Virgil Green,0.0,0.0,Colts,0.0,0.0,0.0,0.0,0.0,0.0,0.0,TE,0.0,0.0,8.0,1.0,0.0,0.0,0.0,0.0,0.0,Colts,0.0,0.0,0.0,Broncos,259.0,31.0,1.0,DST,102.0,1.0,0.0,361.0,0.0,1.0
1,2014.0,3,Virgil Green,0.0,0.0,Seahawks,0.0,0.0,0.0,0.0,0.0,0.0,0.0,TE,0.0,0.0,8.0,1.0,0.0,0.0,0.0,0.0,0.0,Seahawks,0.0,0.0,0.5,Broncos,225.5,23.0,6.0,DST,90.5,2.0,0.5,316.0,0.0,0.5
2,2014.0,7,Virgil Green,0.0,0.0,49ers,0.0,0.0,0.0,0.0,0.0,0.0,0.5,TE,0.0,0.0,9.0,1.0,0.0,0.5,0.0,0.0,0.5,49ers,0.16666666666666666,0.6666666666666666,1.1666666666666667,Broncos,207.33333333333331,20.5,10.0,DST,79.83333333333333,1.6666666666666667,0.0,287.1666666666667,0.3333333333333333,0.5
3,2014.0,13,Virgil Green,0.0,0.0,Chiefs,0.0,0.0,0.0,0.0,0.0,0.0,0.3333333333333333,TE,0.0,0.0,6.0,0.6666666666666666,0.0,0.6666666666666666,0.0,1.0,0.3333333333333333,Chiefs,0.0,0.3636363636363637,0.3636363636363637,Broncos,198.9090909090909,17.727272727272727,9.090909090909092,DST,129.36363636363637,2.8181818181818183,0.0,328.27272727272725,0.18181818181818185,0.5454545454545454
4,2014.0,17,Virgil Green,0.0,0.0,Raiders,0.0,0.0,0.0,0.0,0.0,0.0,0.5,TE,0.0,0.0,7.0,0.75,0.0,0.5,0.0,0.75,0.5,Raiders,0.13333333333333333,0.26666666666666666,0.6,Broncos,233.4,27.0,5.7333333333333325,DST,117.93333333333334,1.4,0.0,351.33333333333326,0.06666666666666668,0.4666666666666667
