,Unnamed: 0,Unnamed: 0.1,Fumble TD,Fumbles Lost,Name,Opponent,Pass 2PT,Pass Attempts,Pass Completions,Pass Interceptions,Pass TD,Pass Yards,Points,Position,Receiving 2PT,Receiving TD,Receiving Yards,Receptions,Rush 2PT,Rush Attempts,Rush TD,Rush Yards,Week,Year
337,337,337.0,0.0,0.0,Devontae Booker,Broncos,0.0,0.0,0.0,0.0,0.0,0.0,1.0,RB,0.0,0.0,0.0,0.0,0.0,3.0,0.0,14.0,4,2017.0
463,463,337.0,0.0,0.0,Devontae Booker,Broncos,0.0,0.0,0.0,0.0,0.0,0.0,1.0,RB,0.0,0.0,0.0,0.0,0.0,3.0,0.0,14.0,6,2017.0
565,565,400.0,0.0,0.0,Devontae Booker,Chargers,0.0,0.0,0.0,0.0,0.0,0.0,4.0,RB,0.0,0.0,39.0,2.0,0.0,2.0,0.0,8.0,7,2017.0
606,606,455.0,0.0,0.0,Devontae Booker,Chiefs,0.0,0.0,0.0,0.0,0.0,0.0,3.3333333333333335,RB,0.0,0.0,33.333333333333336,2.3333333333333335,0.0,2.0,0.0,7.333333333333333,8,2017.0
708,708,492.75,0.0,0.0,Devontae Booker,Eagles,0.0,0.0,0.0,0.0,0.0,0.0,5.25,RB,0.0,0.0,28.5,2.5,0.0,3.0,0.25,15.5,9,2017.0
791,791,535.8,0.0,0.0,Devontae Booker,Broncos,0.0,0.0,0.0,0.0,0.0,0.0,4.6,RB,0.0,0.0,24.6,2.4,0.0,3.6,0.2,16.6,10,2017.0
839,839,578.3333333333334,0.0,0.0,Devontae Booker,Broncos,0.0,0.0,0.0,0.0,0.0,0.0,4.166666666666667,RB,0.0,0.0,21.333333333333332,2.1666666666666665,0.0,4.333333333333333,0.16666666666666666,17.833333333333332,11,2017.0
947,947,615.5714285714286,0.0,0.0,Devontae Booker,Raiders,0.0,0.0,0.0,0.0,0.0,0.0,4.857142857142857,RB,0.0,0.0,26.0,2.5714285714285716,0.0,5.714285714285714,0.14285714285714285,21.571428571428573,12,2017.0
1055,1055,657.0,0.0,0.0,Devontae Booker,Dolphins,0.0,0.0,0.0,0.0,0.0,0.0,4.625,RB,0.0,0.0,25.5,2.5,0.0,5.75,0.125,20.25,13,2017.0
