,Year,Week,Name,Fumble TD,Fumbles Lost,Opponent_x,Pass 2PT,Pass Attempts,Pass Completions,Pass Interceptions,Pass TD,Pass Yards,Points_x,Position_x,Receiving 2PT,Receiving TD,Receiving Yards,Receptions,Rush 2PT,Rush Attempts,Rush TD,Rush Yards,Away Games_x,Team,Blocks,Fumble Returns,Interception,Opponent_y,Pass Yards Allowed,Point After,Points_y,Position_y,Rush Yards Allowed,Sack,Safety,Total Yards,Touchdowns,Away Games_y
0,2011.0,9,Colin Cochart,0.0,0.0,Titans,0.0,0.0,0.0,0.0,0.0,0.0,6.0,TE,0.0,1.0,7.0,2.0,0.0,0.0,0.0,0.0,1.0,Titans,0.2857142857142857,0.2857142857142857,1.1428571428571428,Bengals,234.57142857142856,20.714285714285715,11.142857142857142,DST,129.28571428571428,1.8571428571428568,0.0,363.8571428571428,0.2857142857142857,0.42857142857142855
1,2011.0,10,Colin Cochart,0.0,0.0,Steelers,0.0,0.0,0.0,0.0,0.0,0.0,6.0,TE,0.0,1.0,7.0,2.0,0.0,0.0,0.0,0.0,1.0,Steelers,0.0,0.2222222222222222,0.2222222222222222,Bengals,184.66666666666663,18.0,8.777777777777779,DST,95.55555555555556,2.555555555555556,0.2222222222222222,280.22222222222223,0.1111111111111111,0.4444444444444444
2,2011.0,11,Colin Cochart,0.0,0.0,Ravens,0.0,0.0,0.0,0.0,0.0,0.0,4.0,TE,0.0,0.5,16.0,1.5,0.0,0.0,0.0,0.0,0.5,Ravens,0.0,1.1111111111111112,0.8888888888888888,Bengals,194.33333333333331,16.88888888888889,13.666666666666664,DST,90.33333333333331,3.0,0.0,284.6666666666667,0.4444444444444444,0.5555555555555556
3,2011.0,15,Colin Cochart,0.0,0.0,Rams,0.0,0.0,0.0,0.0,0.0,0.0,2.6666666666666665,TE,0.0,0.3333333333333333,12.666666666666664,1.3333333333333333,0.0,0.0,0.0,0.0,0.6666666666666666,Rams,0.07692307692307693,0.4615384615384616,0.7692307692307693,Bengals,208.84615384615384,25.07692307692308,8.076923076923077,DST,156.76923076923075,2.6923076923076925,0.15384615384615385,365.6153846153846,0.15384615384615385,0.5384615384615384
