,Unnamed: 0.1_x,Unnamed: 0.1.1_x,Fumble TD,Fumbles Lost,Name,Opponent_x,Pass 2PT,Pass Attempts,Pass Completions,Pass Interceptions,Pass TD,Pass Yards,Points_x,Position_x,Receiving 2PT,Receiving TD,Receiving Yards,Receptions,Rush 2PT,Rush Attempts,Rush TD,Rush Yards,Week,Year,Unnamed: 0.1_y,Unnamed: 0.1.1_y,Blocks,Fumble Returns,Interception,Opponent_y,Pass Yards Allowed,Point After,Points_y,Position_y,Rush Yards Allowed,Sack,Safety,Team,Total Yards,Touchdowns
0,255,255.0,0.0,0.0,Matt Jones,Colts,0.0,0.0,0.0,0.0,0.0,0.0,0.0,RB,0.0,0.0,0.0,0.0,0.0,1.0,0.0,3.0,3,2017.0,76,35.5,0.0,0.5,0.5,Browns,308.0,31.0,6.5,DST,73.0,2.5,0.0,Colts,381.0,0.0
1,332,255.0,0.0,0.0,Matt Jones,Steelers,0.0,0.0,0.0,0.0,0.0,0.0,0.0,RB,0.0,0.0,0.0,0.0,0.0,1.0,0.0,3.0,4,2017.0,94,44.83333333333334,0.16666666666666666,0.3333333333333333,0.6666666666666666,Colts,168.33333333333334,18.166666666666668,10.0,DST,134.66666666666666,2.833333333333333,0.0,Steelers,303.0,0.16666666666666666
2,332,255.0,0.0,0.0,Matt Jones,Steelers,0.0,0.0,0.0,0.0,0.0,0.0,0.0,RB,0.0,0.0,0.0,0.0,0.0,1.0,0.0,3.0,4,2017.0,97,51.85714285714285,0.14285714285714285,0.42857142857142855,0.7142857142857143,Ravens,164.14285714285714,18.142857142857142,11.857142857142858,DST,129.42857142857142,2.8571428571428568,0.0,Steelers,293.57142857142856,0.42857142857142855
