,Unnamed: 0.1,50+,FGA,FGM,Name,Opponent_x,Points_x,Position_x,Week,XPA,XPM,Year,Away Games_x,Team,Blocks,Fumble Returns,Interception,Opponent_y,Pass Yards Allowed,Point After,Points_y,Position_y,Rush Yards Allowed,Sack,Safety,Total Yards,Touchdowns,Away Games_y
0,242,0,0,0,Steve Weatherford,Packers,1.0,K,8,0,0,2010,0,Packers,0.0,0.2857142857142857,1.4285714285714286,Jets,214.14285714285717,19.428571428571427,11.428571428571427,DST,124.28571428571428,3.1428571428571432,0.0,338.42857142857144,0.2857142857142857,0.42857142857142855
1,363,0,0,0,Steve Weatherford,Saints,0.0,K,12,0,0,2011,1,Saints,0.1,0.4,0.5,Giants,239.9,22.8,8.7,DST,121.5,2.1,0.0,361.4,0.3,0.6
2,245,0,0,0,Steve Weatherford,Eagles,0.0,K,8,0,0,2013,1,Eagles,0.0,0.5714285714285714,1.1428571428571428,Giants,311.57142857142856,28.0,7.428571428571429,DST,101.14285714285714,2.142857142857143,0.14285714285714285,412.71428571428567,0.0,0.5714285714285714
3,96,0,0,0,Steve Weatherford,Texans,0.0,K,3,0,0,2014,0,Texans,1.0,2.0,1.0,Giants,252.0,10.0,19.5,DST,116.0,1.5,0.0,368.0,0.5,0.5
