,Year,Week,Name,Fumble TD,Fumbles Lost,Opponent,Pass 2PT,Pass Attempts,Pass Completions,Pass Interceptions,Pass TD,Pass Yards,Points,Position,Receiving 2PT,Receiving TD,Receiving Yards,Receptions,Rush 2PT,Rush Attempts,Rush TD,Rush Yards,Away Games
5709,2013.0,1,Shane Vereen,0.0,0.0,Bills,0.0,0.0,0.0,0.0,0.0,0.0,15.0,RB,0.0,0.0,58.0,7.0,0.0,14.0,0.0,101.0,1.0
6542,2013.0,11,Shane Vereen,0.0,0.0,Panthers,0.0,0.0,0.0,0.0,0.0,0.0,15.0,RB,0.0,0.0,58.0,7.0,0.0,14.0,0.0,101.0,1.0
6613,2013.0,12,Shane Vereen,0.0,0.0,Broncos,0.0,0.0,0.0,0.0,0.0,0.0,10.5,RB,0.0,0.0,61.5,7.5,0.0,7.5,0.0,54.0,1.0
6694,2013.0,13,Shane Vereen,0.0,0.0,Texans,0.0,0.0,0.0,0.0,0.0,0.0,10.0,RB,0.0,0.0,61.0,7.666666666666667,0.0,8.333333333333334,0.0,46.333333333333336,0.6666666666666666
6768,2013.0,14,Shane Vereen,0.0,0.0,Browns,0.0,0.0,0.0,0.0,0.0,0.0,10.5,RB,0.0,0.25,55.0,7.0,0.0,8.75,0.0,44.25,0.75
6910,2013.0,15,Shane Vereen,0.0,0.0,Dolphins,0.0,0.0,0.0,0.0,0.0,0.0,12.6,RB,0.0,0.2,74.6,8.0,0.0,7.6,0.2,37.2,0.6
6963,2013.0,16,Shane Vereen,0.0,0.0,Ravens,0.0,0.0,0.0,0.0,0.0,0.0,10.666666666666666,RB,0.0,0.16666666666666666,63.5,7.166666666666667,0.0,6.666666666666667,0.16666666666666666,33.166666666666664,0.6666666666666666
7036,2013.0,17,Shane Vereen,0.0,0.0,Bills,0.0,0.0,0.0,0.0,0.0,0.0,10.0,RB,0.0,0.2857142857142857,55.0,6.285714285714286,0.0,6.0,0.14285714285714285,29.285714285714285,0.7142857142857143
