,Year,Week,Name,Fumble TD,Fumbles Lost,Opponent_x,Pass 2PT,Pass Attempts,Pass Completions,Pass Interceptions,Pass TD,Pass Yards,Points_x,Position_x,Receiving 2PT,Receiving TD,Receiving Yards,Receptions,Rush 2PT,Rush Attempts,Rush TD,Rush Yards,Away Games_x,Team,Blocks,Fumble Returns,Interception,Opponent_y,Pass Yards Allowed,Point After,Points_y,Position_y,Rush Yards Allowed,Sack,Safety,Total Yards,Touchdowns,Away Games_y
0,2016.0,2,Blaine Gabbert,0.0,0.0,Panthers,0.0,35.0,22.0,0.0,1.0,170.0,16.0,QB,0.0,0.0,-16.0,1.0,0.0,9.0,0.0,43.0,0.0,Panthers,0.0,1.0,2.0,49ers,159.0,21.0,9.0,DST,148.0,2.0,0.0,307.0,0.0,1.0
1,2016.0,3,Blaine Gabbert,0.0,0.0,Seahawks,0.0,35.5,19.5,1.0,1.5,206.5,20.0,QB,0.0,0.0,-8.0,0.5,0.0,6.0,0.5,26.5,0.5,Seahawks,0.5,0.0,0.0,49ers,184.5,9.5,12.0,DST,64.0,4.0,0.0,248.5,0.0,0.5
2,2016.0,4,Blaine Gabbert,0.0,0.0,Cowboys,0.0,32.0,17.666666666666668,1.0,1.0,177.33333333333337,14.666666666666664,QB,0.0,0.0,-5.333333333333333,0.3333333333333333,0.0,5.666666666666668,0.3333333333333333,25.0,0.6666666666666666,Cowboys,0.0,0.6666666666666666,0.6666666666666666,49ers,288.3333333333333,20.0,7.333333333333332,DST,91.0,1.6666666666666667,0.0,379.33333333333326,0.0,0.3333333333333333
3,2016.0,5,Blaine Gabbert,0.0,0.0,Cardinals,0.0,29.75,17.25,1.0,1.0,182.0,14.25,QB,0.0,0.0,-4.0,0.25,0.0,7.25,0.25,25.5,0.5,Cardinals,0.0,1.0,1.25,49ers,203.5,20.0,12.25,DST,110.0,2.75,0.25,313.5,0.25,0.25
4,2016.0,13,Blaine Gabbert,0.0,0.0,Bears,0.0,30.0,17.4,1.2,1.0,178.0,15.6,QB,0.0,0.0,-3.2,0.2,0.0,7.8,0.4,34.4,0.4,Bears,0.09090909090909093,0.2727272727272727,0.4545454545454545,49ers,239.8181818181818,24.0,6.636363636363638,DST,103.36363636363636,2.1818181818181817,0.0,343.1818181818182,0.18181818181818185,0.5454545454545454
