,Year,Week,Name,Fumble TD,Fumbles Lost,Opponent_x,Pass 2PT,Pass Attempts,Pass Completions,Pass Interceptions,Pass TD,Pass Yards,Points_x,Position_x,Receiving 2PT,Receiving TD,Receiving Yards,Receptions,Rush 2PT,Rush Attempts,Rush TD,Rush Yards,Away Games_x,Team,Blocks,Fumble Returns,Interception,Opponent_y,Pass Yards Allowed,Point After,Points_y,Position_y,Rush Yards Allowed,Sack,Safety,Total Yards,Touchdowns,Away Games_y
0,2013.0,7,Tom Crabtree,0.0,0.0,Falcons,0.0,0.0,0.0,0.0,0.0,0.0,1.0,TE,0.0,0.0,14.0,1.0,0.0,0.0,0.0,0.0,1.0,Falcons,0.0,0.2,0.6,Buccaneers,274.8,26.8,5.6,DST,97.4,2.2,0.0,372.2,0.2,0.4
1,2013.0,8,Tom Crabtree,0.0,0.0,Panthers,0.0,0.0,0.0,0.0,0.0,0.0,1.0,TE,0.0,0.0,14.0,1.0,0.0,0.0,0.0,0.0,1.0,Panthers,0.0,0.8333333333333334,1.5,Buccaneers,217.66666666666663,13.833333333333336,13.833333333333336,DST,84.5,3.1666666666666665,0.0,302.1666666666667,0.16666666666666666,0.5
2,2013.0,9,Tom Crabtree,0.0,0.0,Seahawks,0.0,0.0,0.0,0.0,0.0,0.0,0.5,TE,0.0,0.0,7.0,1.0,0.0,0.0,0.0,0.0,0.5,Seahawks,0.125,1.0,1.625,Buccaneers,184.125,15.625,15.0,DST,105.125,3.25,0.25,289.25,0.125,0.625
3,2013.0,11,Tom Crabtree,0.0,0.0,Falcons,0.0,0.0,0.0,0.0,0.0,0.0,2.333333333333333,TE,0.0,0.3333333333333333,5.333333333333333,1.0,0.0,0.0,0.0,0.0,0.6666666666666666,Falcons,0.0,0.2222222222222222,0.6666666666666666,Buccaneers,252.0,27.88888888888889,5.777777777777778,DST,126.77777777777777,2.1111111111111107,0.0,378.77777777777777,0.2222222222222222,0.4444444444444444
