,Unnamed: 0.1_x,Unnamed: 0.1.1_x,Fumble TD,Fumbles Lost,Name,Opponent_x,Pass 2PT,Pass Attempts,Pass Completions,Pass Interceptions,Pass TD,Pass Yards,Points_x,Position_x,Receiving 2PT,Receiving TD,Receiving Yards,Receptions,Rush 2PT,Rush Attempts,Rush TD,Rush Yards,Week,Year,Unnamed: 0.1_y,Unnamed: 0.1.1_y,Blocks,Fumble Returns,Interception,Opponent_y,Pass Yards Allowed,Point After,Points_y,Position_y,Rush Yards Allowed,Sack,Safety,Team,Total Yards,Touchdowns
0,326,326.0,0.0,0.0,Niles Paul,Redskins,0.0,0.0,0.0,0.0,0.0,0.0,0.0,WR,0.0,0.0,-3.0,1.0,0.0,0.0,0.0,0.0,3,2017.0,64,28.5,0.0,1.0,1.0,Raiders,266.5,25.0,11.0,DST,77.5,2.0,0.0,Redskins,344.0,0.5
1,653,326.0,0.0,0.0,Niles Paul,Redskins,0.0,0.0,0.0,0.0,0.0,0.0,0.0,WR,0.0,0.0,-3.0,1.0,0.0,0.0,0.0,0.0,6,2017.0,177,60.0,0.0,0.75,1.0,49ers,222.5,22.25,10.75,DST,88.75,3.0,0.0,Redskins,311.25,0.25
2,713,489.5,0.0,0.0,Niles Paul,Eagles,0.0,0.0,0.0,0.0,0.0,0.0,0.0,WR,0.0,0.0,-1.5,0.5,0.0,0.5,0.0,-0.5,7,2017.0,199,92.66666666666669,0.16666666666666666,0.8333333333333334,1.0,Redskins,273.5,20.33333333333333,9.833333333333334,DST,65.66666666666667,2.333333333333333,0.0,Eagles,339.1666666666667,0.16666666666666666
3,1149,564.0,0.0,0.0,Niles Paul,Saints,0.0,0.0,0.0,0.0,0.0,0.0,1.0,WR,0.0,0.0,9.666666666666666,0.6666666666666666,0.0,0.3333333333333333,0.0,-0.3333333333333333,11,2017.0,314,148.0,0.1111111111111111,0.3333333333333333,1.1111111111111112,Redskins,201.44444444444446,18.33333333333333,13.222222222222221,DST,110.88888888888887,2.7777777777777777,0.0,Saints,312.3333333333333,0.4444444444444444
4,1258,710.25,0.0,0.0,Niles Paul,Redskins,0.0,0.0,0.0,0.0,0.0,0.0,1.0,WR,0.0,0.0,10.0,1.0,0.0,0.5,0.0,1.0,12,2017.0,326,169.6,0.0,0.4,1.1,Giants,249.0,26.6,7.6,DST,114.6,2.4,0.0,Redskins,363.6,0.1
5,1372,819.8,0.0,0.0,Niles Paul,Cowboys,0.0,0.0,0.0,0.0,0.0,0.0,1.0,WR,0.0,0.0,11.2,1.4,0.0,0.4,0.0,0.8,13,2017.0,354,182.0,0.09090909090909093,0.6363636363636364,0.4545454545454545,Redskins,235.72727272727272,24.54545454545455,8.181818181818182,DST,112.54545454545456,2.5454545454545454,0.0,Cowboys,348.27272727272725,0.09090909090909093
