,Year,Week,Name,Fumble TD,Fumbles Lost,Opponent_x,Pass 2PT,Pass Attempts,Pass Completions,Pass Interceptions,Pass TD,Pass Yards,Points_x,Position_x,Receiving 2PT,Receiving TD,Receiving Yards,Receptions,Rush 2PT,Rush Attempts,Rush TD,Rush Yards,Away Games_x,Team,Blocks,Fumble Returns,Interception,Opponent_y,Pass Yards Allowed,Point After,Points_y,Position_y,Rush Yards Allowed,Sack,Safety,Total Yards,Touchdowns,Away Games_y
0,2010.0,1,Stephen Spach,0.0,0.0,Rams,0.0,0.0,0.0,0.0,0.0,0.0,0.0,TE,0.0,0.0,0.0,1.0,0.0,0.0,0.0,0.0,1.0,Rams,0.0,4.0,0.0,Cardinals,266.0,17.0,14.0,DST,112.0,2.0,0.0,378.0,0.0,0.0
1,2010.0,7,Stephen Spach,0.0,0.0,Seahawks,0.0,0.0,0.0,0.0,0.0,0.0,0.0,TE,0.0,0.0,0.0,1.0,0.0,0.0,0.0,0.0,1.0,Seahawks,0.0,0.6,1.0,Cardinals,290.8,19.4,15.0,DST,70.4,3.4,0.2,361.2,0.6,0.6
2,2010.0,8,Stephen Spach,0.0,0.0,Buccaneers,0.0,0.0,0.0,0.0,0.0,0.0,0.0,TE,0.0,0.0,1.5,1.0,0.0,0.0,0.0,0.0,1.0,Buccaneers,0.0,0.6666666666666666,1.6666666666666667,Cardinals,196.16666666666663,21.33333333333333,9.166666666666666,DST,157.66666666666666,0.8333333333333334,0.0,353.83333333333326,0.16666666666666666,0.3333333333333333
3,2010.0,10,Stephen Spach,0.0,0.0,Seahawks,0.0,0.0,0.0,0.0,0.0,0.0,0.0,TE,0.0,0.0,2.5,1.0,0.0,0.0,0.0,0.0,0.75,Seahawks,0.0,1.0,0.75,Cardinals,270.5,22.625,12.25,DST,112.625,2.625,0.125,383.125,0.375,0.5
4,2010.0,14,Stephen Spach,0.0,0.0,Broncos,0.0,0.0,0.0,0.0,0.0,0.0,0.2,TE,0.0,0.0,4.8,1.0,0.0,0.0,0.0,0.0,0.6,Broncos,0.0,0.5,0.5,Cardinals,233.58333333333331,27.75,5.583333333333332,DST,145.25,1.5,0.0,378.83333333333326,0.08333333333333333,0.5
5,2010.0,15,Stephen Spach,0.0,0.0,Panthers,0.0,0.0,0.0,0.0,0.0,0.0,0.16666666666666666,TE,0.0,0.0,5.5,1.0,0.0,0.0,0.0,0.0,0.5,Panthers,0.07692307692307693,0.6153846153846154,1.2307692307692308,Cardinals,205.53846153846158,26.0,8.0,DST,132.61538461538458,1.8461538461538465,0.07692307692307693,338.15384615384613,0.07692307692307693,0.4615384615384616
