,Year,Week,Name,Fumble TD,Fumbles Lost,Opponent_x,Pass 2PT,Pass Attempts,Pass Completions,Pass Interceptions,Pass TD,Pass Yards,Points_x,Position_x,Receiving 2PT,Receiving TD,Receiving Yards,Receptions,Rush 2PT,Rush Attempts,Rush TD,Rush Yards,Away Games_x,Team,Blocks,Fumble Returns,Interception,Opponent_y,Pass Yards Allowed,Point After,Points_y,Position_y,Rush Yards Allowed,Sack,Safety,Total Yards,Touchdowns,Away Games_y
0,2010.0,12,Jason Hill,0.0,0.0,Giants,0.0,0.0,0.0,0.0,0.0,0.0,1.0,WR,0.0,0.0,15.0,1.0,0.0,0.0,0.0,0.0,1.0,Giants,0.2,1.2,1.0,Jaguars,192.9,22.0,10.8,DST,89.5,2.7,0.0,282.4,0.0,0.5
1,2010.0,14,Jason Hill,0.0,0.0,Raiders,0.0,0.0,0.0,0.0,0.0,0.0,1.0,WR,0.0,0.0,15.0,1.0,0.0,0.0,0.0,0.0,1.0,Raiders,0.16666666666666666,0.9166666666666666,0.5833333333333334,Jaguars,206.83333333333331,22.41666666666667,11.916666666666664,DST,124.33333333333331,3.0,0.08333333333333333,331.1666666666667,0.4166666666666667,0.5
2,2010.0,15,Jason Hill,0.0,0.0,Colts,0.0,0.0,0.0,0.0,0.0,0.0,5.5,WR,0.0,0.5,31.5,1.0,0.0,0.0,0.0,0.0,0.5,Colts,0.07692307692307693,0.6923076923076923,0.6923076923076923,Jaguars,203.38461538461542,24.461538461538463,8.846153846153848,DST,141.0769230769231,1.9230769230769231,0.0,344.46153846153845,0.3076923076923077,0.5384615384615384
3,2010.0,16,Jason Hill,0.0,0.0,Redskins,0.0,0.0,0.0,0.0,0.0,0.0,5.0,WR,0.0,0.3333333333333333,34.333333333333336,1.3333333333333333,0.0,0.0,0.0,0.0,0.6666666666666666,Redskins,0.14285714285714285,0.9285714285714286,0.7857142857142857,Jaguars,263.2857142857143,24.5,9.5,DST,134.35714285714286,1.7857142857142858,0.0,397.6428571428572,0.21428571428571427,0.5
4,2010.0,17,Jason Hill,0.0,0.0,Texans,0.0,0.0,0.0,0.0,0.0,0.0,5.5,WR,0.0,0.25,45.0,2.0,0.0,0.0,0.0,0.0,0.5,Texans,0.06666666666666668,0.26666666666666666,0.8,Jaguars,277.06666666666666,27.33333333333333,5.133333333333334,DST,103.53333333333332,1.8666666666666667,0.0,380.6,0.0,0.5333333333333333
