,Year,Week,Name,Fumble TD,Fumbles Lost,Opponent_x,Pass 2PT,Pass Attempts,Pass Completions,Pass Interceptions,Pass TD,Pass Yards,Points_x,Position_x,Receiving 2PT,Receiving TD,Receiving Yards,Receptions,Rush 2PT,Rush Attempts,Rush TD,Rush Yards,Away Games_x,Team,Blocks,Fumble Returns,Interception,Opponent_y,Pass Yards Allowed,Point After,Points_y,Position_y,Rush Yards Allowed,Sack,Safety,Total Yards,Touchdowns,Away Games_y
0,2015.0,14,Tarvaris Jackson,0.0,0.0,Ravens,0.0,1.0,0.0,0.0,0.0,0.0,0.0,QB,0.0,0.0,0.0,0.0,0.0,2.0,0.0,-2.0,1.0,Ravens,0.4166666666666667,0.5,0.3333333333333333,Seahawks,243.91666666666663,24.25,8.833333333333334,DST,97.5,2.333333333333333,0.0,341.4166666666667,0.3333333333333333,0.5833333333333334
1,2015.0,15,Tarvaris Jackson,0.0,0.0,Browns,0.0,1.0,0.5,0.0,0.0,4.5,0.0,QB,0.0,0.0,0.0,0.0,0.0,2.5,0.0,-2.5,1.0,Browns,0.07692307692307693,0.6923076923076923,0.6153846153846154,Seahawks,253.84615384615384,27.461538461538463,7.230769230769232,DST,131.30769230769232,2.0,0.0,385.1538461538461,0.2307692307692308,0.4615384615384616
2,2015.0,17,Tarvaris Jackson,0.0,0.0,Cardinals,0.0,0.6666666666666666,0.3333333333333333,0.0,0.0,3.0,0.0,QB,0.0,0.0,0.0,0.0,0.0,2.0,0.0,-2.0,0.6666666666666666,Cardinals,0.0,0.9333333333333332,1.2666666666666666,Seahawks,231.86666666666667,18.466666666666665,13.666666666666664,DST,87.66666666666669,2.333333333333333,0.13333333333333333,319.53333333333336,0.4666666666666667,0.5333333333333333
