,Year,Week,Name,Fumble TD,Fumbles Lost,Opponent_x,Pass 2PT,Pass Attempts,Pass Completions,Pass Interceptions,Pass TD,Pass Yards,Points_x,Position_x,Receiving 2PT,Receiving TD,Receiving Yards,Receptions,Rush 2PT,Rush Attempts,Rush TD,Rush Yards,Away Games_x,Team,Blocks,Fumble Returns,Interception,Opponent_y,Pass Yards Allowed,Point After,Points_y,Position_y,Rush Yards Allowed,Sack,Safety,Total Yards,Touchdowns,Away Games_y
0,2011.0,5,Dante Rosario,0.0,0.0,Chargers,0.0,0.0,0.0,0.0,0.0,0.0,1.0,TE,0.0,0.0,10.0,1.0,0.0,0.0,0.0,0.0,0.0,Chargers,0.0,0.0,1.0,Broncos,196.25,21.25,7.0,DST,101.5,2.0,0.0,297.75,0.0,0.25
1,2011.0,8,Dante Rosario,0.0,0.0,Lions,0.0,0.0,0.0,0.0,0.0,0.0,1.0,TE,0.0,0.0,10.0,1.0,0.0,0.0,0.0,0.0,0.0,Lions,0.0,0.7142857142857143,1.4285714285714286,Broncos,204.57142857142856,19.571428571428573,11.857142857142858,DST,129.42857142857142,2.4285714285714284,0.0,334.0,0.2857142857142857,0.42857142857142855
2,2011.0,9,Dante Rosario,0.0,0.0,Raiders,0.0,0.0,0.0,0.0,0.0,0.0,0.5,TE,0.0,0.0,8.5,1.0,0.0,0.0,0.0,0.0,0.0,Raiders,0.14285714285714285,0.5714285714285714,1.0,Broncos,266.0,25.42857142857143,8.428571428571429,DST,116.85714285714286,2.2857142857142856,0.0,382.8571428571428,0.14285714285714285,0.42857142857142855
3,2011.0,11,Dante Rosario,0.0,0.0,Jets,0.0,0.0,0.0,0.0,0.0,0.0,0.6666666666666666,TE,0.0,0.0,10.0,1.0,0.0,0.0,0.0,0.0,0.3333333333333333,Jets,0.1111111111111111,0.6666666666666666,1.4444444444444444,Broncos,210.77777777777774,22.222222222222218,12.777777777777779,DST,116.0,2.0,0.2222222222222222,326.77777777777777,0.4444444444444444,0.4444444444444444
4,2011.0,12,Dante Rosario,0.0,0.0,Chargers,0.0,0.0,0.0,0.0,0.0,0.0,0.75,TE,0.0,0.0,12.0,1.0,0.0,0.0,0.0,0.0,0.25,Chargers,0.0,0.4,1.0,Broncos,211.7,25.9,6.8,DST,124.3,1.8,0.0,336.0,0.1,0.5
5,2011.0,16,Dante Rosario,0.0,0.0,Bills,0.0,0.0,0.0,0.0,0.0,0.0,1.0,TE,0.0,0.0,14.2,1.0,0.0,0.0,0.0,0.0,0.4,Bills,0.21428571428571427,0.7142857142857143,1.1428571428571428,Broncos,230.0,26.5,9.071428571428571,DST,139.5,1.5,0.07142857142857142,369.5,0.2857142857142857,0.5
