,Year,Week,Name,Fumble TD,Fumbles Lost,Opponent_x,Pass 2PT,Pass Attempts,Pass Completions,Pass Interceptions,Pass TD,Pass Yards,Points_x,Position_x,Receiving 2PT,Receiving TD,Receiving Yards,Receptions,Rush 2PT,Rush Attempts,Rush TD,Rush Yards,Away Games_x,Team,Blocks,Fumble Returns,Interception,Opponent_y,Pass Yards Allowed,Point After,Points_y,Position_y,Rush Yards Allowed,Sack,Safety,Total Yards,Touchdowns,Away Games_y
0,2013.0,6,Thaddeus Lewis,0.0,1.0,Bengals,0.0,32.0,19.0,0.0,2.0,216.0,26.0,QB,0.0,0.0,0.0,0.0,0.0,7.0,1.0,17.0,0.0,Bengals,0.2,0.8,1.0,Bills,221.2,17.4,12.2,DST,95.6,2.6,0.0,316.8,0.2,0.4
1,2013.0,7,Thaddeus Lewis,0.0,1.0,Dolphins,0.0,32.0,19.0,0.0,2.0,216.0,26.0,QB,0.0,0.0,0.0,0.0,0.0,7.0,1.0,17.0,0.0,Dolphins,0.0,0.6,1.2,Bills,287.6,23.4,10.0,DST,105.4,2.6,0.0,393.0,0.2,0.6
2,2013.0,8,Thaddeus Lewis,0.0,0.5,Saints,0.0,32.0,20.0,0.5,1.0,209.0,16.5,QB,0.0,0.0,0.0,0.0,0.0,6.0,0.5,15.0,0.5,Saints,0.0,0.6666666666666666,1.3333333333333333,Bills,224.0,17.166666666666668,11.166666666666664,DST,114.0,3.333333333333333,0.0,338.0,0.0,0.5
3,2013.0,16,Thaddeus Lewis,0.0,1.0,Dolphins,0.0,34.333333333333336,20.666666666666668,0.6666666666666666,1.0,217.33333333333331,14.666666666666664,QB,0.0,0.0,0.0,0.0,0.0,4.666666666666667,0.3333333333333333,11.666666666666664,0.6666666666666666,Dolphins,0.14285714285714285,0.42857142857142855,1.2142857142857142,Bills,238.92857142857144,21.142857142857142,10.5,DST,117.21428571428572,2.9285714285714284,0.07142857142857142,356.1428571428572,0.14285714285714285,0.5
4,2013.0,17,Thaddeus Lewis,0.0,0.75,Patriots,0.0,32.0,19.25,0.75,0.75,211.25,12.5,QB,0.0,0.0,0.0,0.0,0.0,5.5,0.25,12.0,0.5,Patriots,0.06666666666666668,0.8,1.1333333333333333,Bills,240.0,21.2,10.866666666666667,DST,131.73333333333332,2.933333333333333,0.0,371.73333333333335,0.2,0.5333333333333333
