,Year,Week,Name,Fumble TD,Fumbles Lost,Opponent,Pass 2PT,Pass Attempts,Pass Completions,Pass Interceptions,Pass TD,Pass Yards,Points,Position,Receiving 2PT,Receiving TD,Receiving Yards,Receptions,Rush 2PT,Rush Attempts,Rush TD,Rush Yards,Away Games
2492,,3,Curtis Painter,,,Steelers,,,,,,,,QB,,,,,,,,,
2503,2011.0,4,Curtis Painter,0.0,1.0,Buccaneers,0.0,11.0,5.0,0.0,0.0,60.0,1.0,QB,0.0,0.0,0.0,0.0,0.0,0.0,0.0,0.0,0.0
2540,2011.0,5,Curtis Painter,0.0,1.0,Chiefs,0.0,20.5,9.0,0.0,1.0,170.5,11.5,QB,0.0,0.0,0.0,0.0,0.0,0.0,0.0,0.0,0.5
2579,2011.0,6,Curtis Painter,0.0,0.6666666666666666,Bengals,0.0,22.666666666666668,11.0,0.0,1.3333333333333333,206.0,15.333333333333334,QB,0.0,0.0,0.0,0.0,0.0,0.3333333333333333,0.0,-0.3333333333333333,0.3333333333333333
2619,2011.0,7,Curtis Painter,0.0,0.5,Saints,0.0,25.5,14.0,0.25,1.25,201.5,14.5,QB,0.0,0.0,0.0,0.0,0.0,1.25,0.0,3.25,0.5
2638,2011.0,8,Curtis Painter,0.0,0.6,Titans,0.0,23.8,13.0,0.4,1.0,174.6,11.6,QB,0.0,0.0,0.0,0.0,0.0,1.4,0.0,4.8,0.6
2680,2011.0,9,Curtis Painter,0.0,0.5,Falcons,0.0,28.0,15.166666666666666,0.6666666666666666,0.8333333333333334,187.16666666666666,11.833333333333334,QB,0.0,0.0,0.0,0.0,0.0,2.3333333333333335,0.0,17.166666666666668,0.6666666666666666
2721,2011.0,10,Curtis Painter,0.0,0.42857142857142855,Jaguars,0.0,27.857142857142858,14.857142857142858,0.7142857142857143,0.7142857142857143,174.42857142857142,10.285714285714286,QB,0.0,0.0,0.0,0.0,0.0,2.142857142857143,0.0,15.428571428571429,0.5714285714285714
2777,2011.0,12,Curtis Painter,0.0,0.375,Panthers,0.0,26.75,14.625,0.875,0.625,164.375,8.875,QB,0.0,0.0,0.0,0.0,0.0,2.125,0.0,13.375,0.5
