,Year,Week,Name,Fumble TD,Fumbles Lost,Opponent_x,Pass 2PT,Pass Attempts,Pass Completions,Pass Interceptions,Pass TD,Pass Yards,Points_x,Position_x,Receiving 2PT,Receiving TD,Receiving Yards,Receptions,Rush 2PT,Rush Attempts,Rush TD,Rush Yards,Away Games_x,Team,Blocks,Fumble Returns,Interception,Opponent_y,Pass Yards Allowed,Point After,Points_y,Position_y,Rush Yards Allowed,Sack,Safety,Total Yards,Touchdowns,Away Games_y
0,2013.0,4,Nick Toon,0.0,0.0,Dolphins,0.0,0.0,0.0,0.0,0.0,0.0,1.0,WR,0.0,0.0,18.0,1.0,0.0,0.0,0.0,0.0,0.0,Dolphins,0.0,0.3333333333333333,1.6666666666666667,Saints,263.3333333333333,17.666666666666668,11.0,DST,108.66666666666669,3.0,0.0,372.0,0.0,0.6666666666666666
1,2013.0,5,Nick Toon,0.0,0.0,Bears,0.0,0.0,0.0,0.0,0.0,0.0,1.0,WR,0.0,0.0,18.0,1.0,0.0,0.0,0.0,0.0,0.0,Bears,0.0,2.0,1.5,Saints,277.75,28.5,13.5,DST,106.25,1.5,0.0,384.0,0.75,0.5
2,2013.0,6,Nick Toon,0.0,0.0,Patriots,0.0,0.0,0.0,0.0,0.0,0.0,2.0,WR,0.0,0.0,26.5,1.0,0.0,0.0,0.0,0.0,0.5,Patriots,0.0,0.8,1.2,Saints,228.6,14.0,11.8,DST,116.4,2.6,0.0,345.0,0.0,0.6
3,2013.0,11,Nick Toon,0.0,0.0,49ers,0.0,0.0,0.0,0.0,0.0,0.0,1.3333333333333333,WR,0.0,0.0,20.0,1.0,0.0,0.0,0.0,0.0,0.6666666666666666,49ers,0.1111111111111111,0.8888888888888888,1.1111111111111112,Saints,211.66666666666663,17.22222222222222,13.111111111111109,DST,105.11111111111113,2.2222222222222223,0.1111111111111111,316.77777777777777,0.3333333333333333,0.4444444444444444
