,Year,Week,Name,Fumble TD,Fumbles Lost,Opponent_x,Pass 2PT,Pass Attempts,Pass Completions,Pass Interceptions,Pass TD,Pass Yards,Points_x,Position_x,Receiving 2PT,Receiving TD,Receiving Yards,Receptions,Rush 2PT,Rush Attempts,Rush TD,Rush Yards,Away Games_x,Team,Blocks,Fumble Returns,Interception,Opponent_y,Pass Yards Allowed,Point After,Points_y,Position_y,Rush Yards Allowed,Sack,Safety,Total Yards,Touchdowns,Away Games_y
0,2011.0,13,DuJuan Harris,0.0,0.0,Chargers,0.0,0.0,0.0,0.0,0.0,0.0,0.0,RB,0.0,0.0,0.0,0.0,0.0,2.0,0.0,2.0,0.0,Chargers,0.0,0.3636363636363637,0.9090909090909092,Jaguars,205.27272727272728,25.0,6.636363636363638,DST,131.9090909090909,1.7272727272727273,0.0,337.1818181818182,0.09090909090909093,0.4545454545454545
1,2011.0,14,DuJuan Harris,0.0,0.0,Buccaneers,0.0,0.0,0.0,0.0,0.0,0.0,0.0,RB,0.0,0.0,0.0,0.0,0.0,2.0,0.0,2.0,0.0,Buccaneers,0.08333333333333333,0.6666666666666666,0.9166666666666666,Jaguars,252.16666666666663,27.41666666666667,8.0,DST,141.66666666666666,1.5833333333333333,0.08333333333333333,393.83333333333326,0.16666666666666666,0.4166666666666667
2,2011.0,15,DuJuan Harris,0.0,0.0,Falcons,0.0,0.0,0.0,0.0,0.0,0.0,1.0,RB,0.0,0.0,0.0,0.0,0.0,1.5,0.0,13.0,0.0,Falcons,0.0,0.4615384615384616,1.0,Jaguars,241.3076923076923,20.53846153846154,7.9230769230769225,DST,95.15384615384615,1.9230769230769231,0.0,336.46153846153845,0.07692307692307693,0.5384615384615384
3,2011.0,16,DuJuan Harris,0.0,0.0,Titans,0.0,0.0,0.0,0.0,0.0,0.0,0.6666666666666666,RB,0.0,0.0,0.0,0.0,0.0,1.3333333333333333,0.0,8.333333333333334,0.3333333333333333,Titans,0.14285714285714285,0.7857142857142857,0.7142857142857143,Jaguars,229.07142857142856,19.857142857142858,10.357142857142858,DST,127.71428571428572,1.7142857142857142,0.0,356.78571428571433,0.2857142857142857,0.5
4,2011.0,17,DuJuan Harris,0.0,0.0,Colts,0.0,0.0,0.0,0.0,0.0,0.0,0.5,RB,0.0,0.0,0.0,0.0,0.0,1.5,0.0,7.5,0.5,Colts,0.06666666666666668,0.5333333333333333,0.5333333333333333,Jaguars,237.4,27.4,6.666666666666668,DST,140.86666666666667,1.7333333333333334,0.0,378.26666666666665,0.2,0.4666666666666667
