,Year,Week,Name,Fumble TD,Fumbles Lost,Opponent,Pass 2PT,Pass Attempts,Pass Completions,Pass Interceptions,Pass TD,Pass Yards,Points,Position,Receiving 2PT,Receiving TD,Receiving Yards,Receptions,Rush 2PT,Rush Attempts,Rush TD,Rush Yards,Away Games
9066,2012.0,1,Eddie Royal,0.0,0.0,Raiders,0.0,0.0,0.0,0.0,0.0,0.0,1.0,WR,0.0,0.0,4.0,2.0,0.0,2.0,0.0,12.0,1.0
9163,2012.0,2,Eddie Royal,0.0,0.0,Titans,0.0,0.0,0.0,0.0,0.0,0.0,1.0,WR,0.0,0.0,4.0,2.0,0.0,2.0,0.0,12.0,1.0
9286,2012.0,3,Eddie Royal,0.0,0.0,Falcons,0.0,0.0,0.0,0.0,0.0,0.0,1.0,WR,0.0,0.0,11.0,2.0,0.0,1.0,0.0,6.0,0.5
9343,2012.0,4,Eddie Royal,0.0,0.0,Chiefs,0.0,0.0,0.0,0.0,0.0,0.0,1.0,WR,0.0,0.0,9.666666666666666,2.0,0.0,1.0,0.0,7.333333333333333,0.3333333333333333
9473,2012.0,5,Eddie Royal,0.0,0.0,Saints,0.0,0.0,0.0,0.0,0.0,0.0,2.5,WR,0.0,0.25,11.25,2.25,0.0,0.75,0.0,5.5,0.5
9587,2012.0,6,Eddie Royal,0.0,0.0,Broncos,0.0,0.0,0.0,0.0,0.0,0.0,2.6,WR,0.0,0.2,15.2,2.2,0.0,0.6,0.0,4.4,0.6
9962,2012.0,10,Eddie Royal,0.0,0.0,Buccaneers,0.0,0.0,0.0,0.0,0.0,0.0,2.5,WR,0.0,0.16666666666666666,16.333333333333332,2.1666666666666665,0.0,0.5,0.0,3.6666666666666665,0.5
10603,2012.0,16,Eddie Royal,0.0,0.0,Jets,0.0,0.0,0.0,0.0,0.0,0.0,2.5714285714285716,WR,0.0,0.14285714285714285,19.142857142857142,2.2857142857142856,0.0,0.42857142857142855,0.0,3.142857142857143,0.5714285714285714
10700,2012.0,17,Eddie Royal,0.0,0.0,Raiders,0.0,0.0,0.0,0.0,0.0,0.0,2.625,WR,0.0,0.125,21.625,2.375,0.0,0.375,0.0,2.75,0.625
