,Year,Week,Name,Fumble TD,Fumbles Lost,Opponent_x,Pass 2PT,Pass Attempts,Pass Completions,Pass Interceptions,Pass TD,Pass Yards,Points_x,Position_x,Receiving 2PT,Receiving TD,Receiving Yards,Receptions,Rush 2PT,Rush Attempts,Rush TD,Rush Yards,Away Games_x,Team,Blocks,Fumble Returns,Interception,Opponent_y,Pass Yards Allowed,Point After,Points_y,Position_y,Rush Yards Allowed,Sack,Safety,Total Yards,Touchdowns,Away Games_y
0,2011.0,6,Vince Young,0.0,0.0,Redskins,0.0,1.0,0.0,1.0,0.0,0.0,-2.0,QB,0.0,0.0,0.0,0.0,0.0,1.0,0.0,2.0,1.0,Redskins,0.25,0.75,0.75,Eagles,212.0,15.75,12.75,DST,84.5,3.75,0.0,296.5,0.25,0.5
1,2011.0,11,Vince Young,0.0,0.0,Giants,0.0,1.0,0.0,1.0,0.0,0.0,-2.0,QB,0.0,0.0,0.0,0.0,0.0,1.0,0.0,2.0,1.0,Giants,0.0,0.8888888888888888,1.2222222222222223,Eagles,237.33333333333331,23.444444444444446,10.333333333333334,DST,121.55555555555556,3.333333333333333,0.0,358.88888888888886,0.1111111111111111,0.5555555555555556
2,2011.0,12,Vince Young,0.0,0.0,Patriots,0.0,18.5,11.5,2.0,1.0,129.0,7.0,QB,0.0,0.0,0.0,0.0,0.0,3.5,0.0,3.5,1.0,Patriots,0.0,0.5,1.5,Eagles,298.9,20.3,10.2,DST,105.3,2.3,0.0,404.2,0.2,0.5
3,2011.0,13,Vince Young,0.0,0.0,Seahawks,0.0,28.33333333333333,16.333333333333332,1.6666666666666667,1.0,219.33333333333331,12.666666666666664,QB,0.0,0.0,0.0,0.0,0.0,4.333333333333333,0.0,15.666666666666664,0.6666666666666666,Seahawks,0.3636363636363637,0.6363636363636364,1.0909090909090908,Eagles,239.63636363636363,21.09090909090909,9.636363636363637,DST,100.9090909090909,1.818181818181818,0.09090909090909093,340.54545454545456,0.09090909090909093,0.5454545454545454
