,Year,Week,Name,Fumble TD,Fumbles Lost,Opponent,Pass 2PT,Pass Attempts,Pass Completions,Pass Interceptions,Pass TD,Pass Yards,Points,Position,Receiving 2PT,Receiving TD,Receiving Yards,Receptions,Rush 2PT,Rush Attempts,Rush TD,Rush Yards,Away Games
1511,,10,Nick Foles,,,Cowboys,,,,,,,,QB,,,,,,,,,
1555,2012.0,11,Nick Foles,0.0,1.0,Redskins,0.0,32.0,22.0,1.0,1.0,219.0,11.0,QB,0.0,0.0,0.0,0.0,0.0,0.0,0.0,0.0,0.0
1593,2012.0,12,Nick Foles,0.0,0.5,Panthers,0.0,39.0,21.5,1.5,0.5,211.5,7.5,QB,0.0,0.0,0.0,0.0,0.0,0.5,0.0,0.0,0.5
1616,2012.0,13,Nick Foles,0.0,0.3333333333333333,Cowboys,0.0,33.0,19.666666666666668,1.0,0.3333333333333333,180.66666666666666,6.333333333333333,QB,0.0,0.0,0.0,0.0,0.0,0.6666666666666666,0.0,0.0,0.3333333333333333
1634,2012.0,14,Nick Foles,0.0,0.25,Buccaneers,0.0,33.25,20.25,0.75,0.5,198.25,8.75,QB,0.0,0.0,0.0,0.0,0.0,0.5,0.0,0.0,0.5
1693,2012.0,15,Nick Foles,0.0,0.2,Bengals,0.0,36.8,22.6,0.6,0.8,234.8,14.0,QB,0.0,0.0,0.0,0.0,0.0,1.0,0.2,5.4,0.6
1723,2012.0,16,Nick Foles,0.0,0.3333333333333333,Redskins,0.0,36.166666666666664,21.5,0.6666666666666666,0.8333333333333334,225.66666666666666,13.333333333333334,QB,0.0,0.0,0.0,0.0,0.0,1.1666666666666667,0.16666666666666666,5.333333333333333,0.5
