,Year,Week,Name,Fumble TD,Fumbles Lost,Opponent,Pass 2PT,Pass Attempts,Pass Completions,Pass Interceptions,Pass TD,Pass Yards,Points,Position,Receiving 2PT,Receiving TD,Receiving Yards,Receptions,Rush 2PT,Rush Attempts,Rush TD,Rush Yards,Away Games
30,2013.0,1,Jake Locker,0.0,0.0,Steelers,0.0,20.0,11.0,0.0,0.0,125.0,5.0,QB,0.0,0.0,0.0,0.0,0.0,5.0,0.0,3.0,1.0
47,2013.0,2,Jake Locker,0.0,0.0,Texans,0.0,20.0,11.0,0.0,0.0,125.0,5.0,QB,0.0,0.0,0.0,0.0,0.0,5.0,0.0,3.0,1.0
72,2013.0,3,Jake Locker,0.0,0.0,Chargers,0.0,25.0,14.0,0.0,1.0,136.5,11.5,QB,0.0,0.0,0.0,0.0,0.0,3.5,0.0,6.5,1.0
109,2013.0,4,Jake Locker,0.0,0.0,Jets,0.0,29.0,17.0,0.0,1.0,190.66666666666666,17.333333333333332,QB,0.0,0.0,0.0,0.0,0.0,4.0,0.3333333333333333,27.0,0.6666666666666666
214,2013.0,7,Jake Locker,0.0,0.0,49ers,0.0,27.75,17.25,0.0,1.5,180.25,19.0,QB,0.0,0.0,0.0,0.0,0.0,3.75,0.25,24.5,0.5
291,2013.0,9,Jake Locker,0.0,0.0,Rams,0.0,30.4,18.8,0.2,1.6,209.4,20.2,QB,0.0,0.0,0.0,0.0,0.0,3.6,0.2,25.4,0.4
336,2013.0,10,Jake Locker,0.0,0.0,Jaguars,0.0,29.0,17.833333333333332,0.5,1.3333333333333333,205.33333333333334,18.5,QB,0.0,0.0,0.0,0.0,0.0,3.5,0.3333333333333333,22.833333333333332,0.5
