,Year,Week,Name,Fumble TD,Fumbles Lost,Opponent_x,Pass 2PT,Pass Attempts,Pass Completions,Pass Interceptions,Pass TD,Pass Yards,Points_x,Position_x,Receiving 2PT,Receiving TD,Receiving Yards,Receptions,Rush 2PT,Rush Attempts,Rush TD,Rush Yards,Away Games_x,Team,Blocks,Fumble Returns,Interception,Opponent_y,Pass Yards Allowed,Point After,Points_y,Position_y,Rush Yards Allowed,Sack,Safety,Total Yards,Touchdowns,Away Games_y
0,2010.0,2,Stephen Williams,0.0,0.0,Falcons,0.0,0.0,0.0,0.0,0.0,0.0,2.0,WR,0.0,0.0,26.0,2.0,0.0,0.0,0.0,0.0,1.0,Falcons,0.0,0.0,1.0,Cardinals,211.0,15.0,9.0,DST,143.0,3.0,0.0,354.0,0.0,1.0
1,2010.0,3,Stephen Williams,0.0,0.0,Raiders,0.0,0.0,0.0,0.0,0.0,0.0,2.0,WR,0.0,0.0,26.0,2.0,0.0,0.0,0.0,0.0,1.0,Raiders,0.0,0.5,0.5,Cardinals,137.5,26.0,6.5,DST,140.0,2.5,0.0,277.5,0.0,0.5
2,2010.0,4,Stephen Williams,0.0,0.0,Chargers,0.0,0.0,0.0,0.0,0.0,0.0,1.5,WR,0.0,0.0,18.5,1.5,0.0,0.0,0.0,0.0,0.5,Chargers,0.0,0.6666666666666666,1.6666666666666667,Cardinals,181.33333333333331,20.33333333333333,10.333333333333334,DST,91.33333333333331,2.0,0.3333333333333333,272.6666666666667,0.0,0.6666666666666666
3,2010.0,5,Stephen Williams,0.0,0.0,Saints,0.0,0.0,0.0,0.0,0.0,0.0,2.0,WR,0.0,0.0,23.0,2.0,0.0,0.0,0.0,0.0,0.6666666666666666,Saints,0.25,1.0,0.75,Cardinals,196.25,18.0,9.25,DST,138.25,1.5,0.25,334.5,0.0,0.25
4,2010.0,17,Stephen Williams,0.0,0.0,49ers,0.0,0.0,0.0,0.0,0.0,0.0,1.5,WR,0.0,0.0,18.75,1.75,0.0,0.0,0.0,0.0,0.5,49ers,0.06666666666666668,0.4666666666666667,0.8666666666666667,Cardinals,233.06666666666663,22.6,8.733333333333333,DST,97.93333333333334,2.0,0.0,331.0,0.26666666666666666,0.5333333333333333
