,Unnamed: 0.1_x,Unnamed: 0.1.1_x,Fumble TD,Fumbles Lost,Name,Opponent_x,Pass 2PT,Pass Attempts,Pass Completions,Pass Interceptions,Pass TD,Pass Yards,Points_x,Position_x,Receiving 2PT,Receiving TD,Receiving Yards,Receptions,Rush 2PT,Rush Attempts,Rush TD,Rush Yards,Week,Year,Unnamed: 0.1_y,Unnamed: 0.1.1_y,Blocks,Fumble Returns,Interception,Opponent_y,Pass Yards Allowed,Point After,Points_y,Position_y,Rush Yards Allowed,Sack,Safety,Team,Total Yards,Touchdowns
0,120,120.0,0.0,0.0,Rashard Higgins,Ravens,0.0,0.0,0.0,0.0,0.0,0.0,9.0,WR,0.0,0.0,95.0,7.0,0.0,1.0,0.0,4.0,2,2017.0,31,2.0,0.0,1.0,4.0,Browns,144.0,0.0,25.0,DST,77.0,5.0,0.0,Ravens,221.0,0.0
1,313,120.0,0.0,0.0,Rashard Higgins,Colts,0.0,0.0,0.0,0.0,0.0,0.0,9.0,WR,0.0,0.0,95.0,7.0,0.0,1.0,0.0,4.0,3,2017.0,76,35.5,0.0,0.5,0.5,Browns,308.0,31.0,6.5,DST,73.0,2.5,0.0,Colts,381.0,0.0
2,551,216.5,0.0,0.0,Rashard Higgins,Browns,0.0,0.0,0.0,0.0,0.0,0.0,5.0,WR,0.0,0.0,52.5,4.5,0.0,0.5,0.0,2.0,5,2017.0,141,66.75,0.0,0.75,0.5,Jets,240.75,26.75,5.25,DST,87.25,2.25,0.0,Browns,328.0,0.0
3,647,328.0,0.0,0.0,Rashard Higgins,Texans,0.0,0.0,0.0,0.0,0.0,0.0,3.333333333333333,WR,0.0,0.0,37.333333333333336,3.6666666666666665,0.0,0.3333333333333333,0.0,1.3333333333333333,6,2017.0,157,77.0,0.0,0.6,0.8,Browns,221.4,26.0,9.6,DST,101.8,2.2,0.0,Texans,323.2,0.4
4,752,407.75,0.0,0.0,Rashard Higgins,Browns,0.0,0.0,0.0,0.0,0.0,0.0,2.75,WR,0.0,0.0,31.25,3.0,0.0,0.25,0.0,1.0,7,2017.0,189,95.5,0.0,0.5,0.6666666666666666,Titans,226.33333333333331,26.16666666666667,6.5,DST,84.33333333333333,2.1666666666666665,0.0,Browns,310.6666666666667,0.16666666666666666
5,838,476.6,0.0,0.0,Rashard Higgins,Browns,0.0,0.0,0.0,0.0,0.0,0.0,2.4,WR,0.0,0.0,27.2,2.6,0.0,0.2,0.0,0.8,8,2017.0,230,108.85714285714286,0.0,0.5714285714285714,0.5714285714285714,Vikings,221.0,24.142857142857146,7.142857142857142,DST,83.71428571428571,2.142857142857143,0.0,Browns,304.7142857142857,0.14285714285714285
6,1021,536.8333333333334,0.0,0.0,Rashard Higgins,Lions,0.0,0.0,0.0,0.0,0.0,0.0,2.1666666666666665,WR,0.0,0.0,25.0,2.333333333333333,0.0,0.16666666666666666,0.0,0.6666666666666666,10,2017.0,268,123.5,0.125,0.75,1.25,Browns,251.875,23.25,13.0,DST,89.875,2.0,0.0,Lions,341.75,0.625
7,1235,606.0,0.0,0.0,Rashard Higgins,Bengals,0.0,0.0,0.0,0.0,0.0,0.0,2.2857142857142856,WR,0.0,0.0,26.285714285714285,2.571428571428572,0.0,0.14285714285714285,0.0,0.5714285714285714,12,2017.0,334,162.2,0.2,0.3,0.7,Browns,200.6,19.9,9.5,DST,122.4,2.9,0.0,Bengals,323.0,0.2
