,Unnamed: 0,Unnamed: 0.1,Fumble TD,Fumbles Lost,Name,Opponent,Pass 2PT,Pass Attempts,Pass Completions,Pass Interceptions,Pass TD,Pass Yards,Points,Position,Receiving 2PT,Receiving TD,Receiving Yards,Receptions,Rush 2PT,Rush Attempts,Rush TD,Rush Yards,Week,Year
120,120,120.0,0.0,0.0,Rashard Higgins,Ravens,0.0,0.0,0.0,0.0,0.0,0.0,9.0,WR,0.0,0.0,95.0,7.0,0.0,1.0,0.0,4.0,2,2017.0
313,313,120.0,0.0,0.0,Rashard Higgins,Colts,0.0,0.0,0.0,0.0,0.0,0.0,9.0,WR,0.0,0.0,95.0,7.0,0.0,1.0,0.0,4.0,3,2017.0
551,551,216.5,0.0,0.0,Rashard Higgins,Browns,0.0,0.0,0.0,0.0,0.0,0.0,5.0,WR,0.0,0.0,52.5,4.5,0.0,0.5,0.0,2.0,5,2017.0
647,647,328.0,0.0,0.0,Rashard Higgins,Texans,0.0,0.0,0.0,0.0,0.0,0.0,3.3333333333333335,WR,0.0,0.0,37.333333333333336,3.6666666666666665,0.0,0.3333333333333333,0.0,1.3333333333333333,6,2017.0
752,752,407.75,0.0,0.0,Rashard Higgins,Browns,0.0,0.0,0.0,0.0,0.0,0.0,2.75,WR,0.0,0.0,31.25,3.0,0.0,0.25,0.0,1.0,7,2017.0
838,838,476.6,0.0,0.0,Rashard Higgins,Browns,0.0,0.0,0.0,0.0,0.0,0.0,2.4,WR,0.0,0.0,27.2,2.6,0.0,0.2,0.0,0.8,8,2017.0
1021,1021,536.8333333333334,0.0,0.0,Rashard Higgins,Lions,0.0,0.0,0.0,0.0,0.0,0.0,2.1666666666666665,WR,0.0,0.0,25.0,2.3333333333333335,0.0,0.16666666666666666,0.0,0.6666666666666666,10,2017.0
1235,1235,606.0,0.0,0.0,Rashard Higgins,Bengals,0.0,0.0,0.0,0.0,0.0,0.0,2.2857142857142856,WR,0.0,0.0,26.285714285714285,2.5714285714285716,0.0,0.14285714285714285,0.0,0.5714285714285714,12,2017.0
