,Year,Week,Name,Fumble TD,Fumbles Lost,Opponent_x,Pass 2PT,Pass Attempts,Pass Completions,Pass Interceptions,Pass TD,Pass Yards,Points_x,Position_x,Receiving 2PT,Receiving TD,Receiving Yards,Receptions,Rush 2PT,Rush Attempts,Rush TD,Rush Yards,Away Games_x,Team,Blocks,Fumble Returns,Interception,Opponent_y,Pass Yards Allowed,Point After,Points_y,Position_y,Rush Yards Allowed,Sack,Safety,Total Yards,Touchdowns,Away Games_y
0,2010.0,15,Jerome Simpson,0.0,0.0,Browns,0.0,0.0,0.0,0.0,0.0,0.0,3.0,WR,0.0,0.0,30.0,2.0,0.0,0.0,0.0,0.0,0.0,Browns,0.2307692307692308,0.6923076923076923,1.3846153846153846,Bengals,223.61538461538458,19.384615384615387,11.230769230769232,DST,124.69230769230771,2.0,0.0,348.3076923076923,0.2307692307692308,0.5384615384615384
1,2010.0,16,Jerome Simpson,0.0,0.0,Chargers,0.0,0.0,0.0,0.0,0.0,0.0,3.0,WR,0.0,0.0,30.0,2.0,0.0,0.0,0.0,0.0,0.0,Chargers,0.0,0.35714285714285715,1.0,Bengals,170.35714285714286,18.571428571428573,10.714285714285714,DST,89.42857142857143,3.1428571428571432,0.07142857142857142,259.7857142857143,0.21428571428571427,0.42857142857142855
2,2010.0,17,Jerome Simpson,0.0,0.0,Ravens,0.0,0.0,0.0,0.0,0.0,0.0,13.5,WR,0.0,1.0,77.0,4.0,0.0,0.0,0.0,0.0,0.0,Ravens,0.0,0.3333333333333333,1.1333333333333333,Bengals,219.6,17.533333333333335,10.4,DST,94.2,1.8,0.0,313.8,0.26666666666666666,0.5333333333333333
