,Year,Week,Name,Fumble TD,Fumbles Lost,Opponent_x,Pass 2PT,Pass Attempts,Pass Completions,Pass Interceptions,Pass TD,Pass Yards,Points_x,Position_x,Receiving 2PT,Receiving TD,Receiving Yards,Receptions,Rush 2PT,Rush Attempts,Rush TD,Rush Yards,Away Games_x,Team,Blocks,Fumble Returns,Interception,Opponent_y,Pass Yards Allowed,Point After,Points_y,Position_y,Rush Yards Allowed,Sack,Safety,Total Yards,Touchdowns,Away Games_y
0,2016.0,1,Robert Griffin III,0.0,0.0,Eagles,0.0,26.0,12.0,1.0,0.0,190.0,8.0,QB,0.0,0.0,0.0,0.0,0.0,5.0,0.0,37.0,1.0,Eagles,0.0,0.0,1.0,Browns,168.0,10.0,14.0,DST,120.0,3.0,1.0,288.0,0.0,0.0
1,2016.0,14,Robert Griffin III,0.0,0.0,Bengals,0.0,26.0,12.0,1.0,0.0,190.0,8.0,QB,0.0,0.0,0.0,0.0,0.0,5.0,0.0,37.0,1.0,Bengals,0.16666666666666666,0.25,1.1666666666666667,Browns,251.0,21.58333333333333,7.416666666666668,DST,114.91666666666669,1.8333333333333333,0.08333333333333333,365.91666666666674,0.0,0.5
2,2016.0,15,Robert Griffin III,0.0,0.0,Bills,0.0,27.0,12.0,1.0,0.0,147.0,9.5,QB,0.0,0.0,0.0,0.0,0.0,6.0,0.5,34.0,0.5,Bills,0.07692307692307693,0.4615384615384616,0.8461538461538461,Browns,229.61538461538458,23.153846153846153,9.615384615384617,DST,125.76923076923076,2.5384615384615383,0.0,355.3846153846154,0.2307692307692308,0.5384615384615384
3,2016.0,16,Robert Griffin III,0.0,0.0,Chargers,0.0,27.33333333333333,13.666666666666664,0.6666666666666666,0.0,163.33333333333334,12.0,QB,0.0,0.0,0.0,0.0,0.0,6.666666666666668,0.6666666666666666,38.66666666666666,0.6666666666666666,Chargers,0.0,0.7142857142857143,1.2142857142857142,Browns,257.0,26.142857142857146,9.214285714285714,DST,95.71428571428572,1.7857142857142858,0.07142857142857142,352.71428571428567,0.2857142857142857,0.5
4,2016.0,17,Robert Griffin III,0.0,0.0,Steelers,0.0,26.75,14.5,0.5,0.0,163.5,11.5,QB,0.0,0.0,0.0,0.0,0.0,6.5,0.5,39.5,0.5,Steelers,0.06666666666666668,0.4666666666666667,0.8,Browns,245.06666666666663,20.2,8.666666666666666,DST,91.26666666666668,2.2666666666666666,0.06666666666666668,336.3333333333333,0.06666666666666668,0.5333333333333333
