,Year,Week,Name,Fumble TD,Fumbles Lost,Opponent,Pass 2PT,Pass Attempts,Pass Completions,Pass Interceptions,Pass TD,Pass Yards,Points,Position,Receiving 2PT,Receiving TD,Receiving Yards,Receptions,Rush 2PT,Rush Attempts,Rush TD,Rush Yards,Away Games
1714,2013.0,2,Levine Toilolo,0.0,0.0,Rams,0.0,0.0,0.0,0.0,0.0,0.0,0.0,TE,0.0,0.0,4.0,1.0,0.0,0.0,0.0,0.0,0.0
1732,2013.0,3,Levine Toilolo,0.0,0.0,Dolphins,0.0,0.0,0.0,0.0,0.0,0.0,0.0,TE,0.0,0.0,4.0,1.0,0.0,0.0,0.0,0.0,0.0
1813,2013.0,4,Levine Toilolo,0.0,0.0,Patriots,0.0,0.0,0.0,0.0,0.0,0.0,3.0,TE,0.0,0.5,3.0,1.0,0.0,0.0,0.0,0.0,0.5
1832,2013.0,5,Levine Toilolo,0.0,0.0,Jets,0.0,0.0,0.0,0.0,0.0,0.0,2.0,TE,0.0,0.3333333333333333,3.3333333333333335,1.0,0.0,0.0,0.0,0.0,0.3333333333333333
1987,2013.0,8,Levine Toilolo,0.0,0.0,Cardinals,0.0,0.0,0.0,0.0,0.0,0.0,3.25,TE,0.0,0.5,6.25,1.25,0.0,0.0,0.0,0.0,0.25
2132,2013.0,11,Levine Toilolo,0.0,0.0,Buccaneers,0.0,0.0,0.0,0.0,0.0,0.0,2.6,TE,0.0,0.4,6.2,1.6,0.0,0.0,0.0,0.0,0.4
2172,2013.0,12,Levine Toilolo,0.0,0.0,Saints,0.0,0.0,0.0,0.0,0.0,0.0,2.1666666666666665,TE,0.0,0.3333333333333333,6.166666666666667,1.5,0.0,0.0,0.0,0.0,0.5
2212,2013.0,13,Levine Toilolo,0.0,0.0,Bills,0.0,0.0,0.0,0.0,0.0,0.0,1.8571428571428572,TE,0.0,0.2857142857142857,6.142857142857143,1.4285714285714286,0.0,0.0,0.0,0.0,0.42857142857142855
