,Year,Week,Name,Fumble TD,Fumbles Lost,Opponent_x,Pass 2PT,Pass Attempts,Pass Completions,Pass Interceptions,Pass TD,Pass Yards,Points_x,Position_x,Receiving 2PT,Receiving TD,Receiving Yards,Receptions,Rush 2PT,Rush Attempts,Rush TD,Rush Yards,Away Games_x,Team,Blocks,Fumble Returns,Interception,Opponent_y,Pass Yards Allowed,Point After,Points_y,Position_y,Rush Yards Allowed,Sack,Safety,Total Yards,Touchdowns,Away Games_y
0,2014.0,1,DuJuan Harris,0.0,0.0,Seahawks,0.0,0.0,0.0,0.0,0.0,0.0,0.0,RB,0.0,0.0,0.0,0.0,0.0,1.0,0.0,7.0,1.0,Seahawks,0.0,0.0,1.0,Packers,175.0,16.0,11.0,DST,80.0,3.0,1.0,255.0,0.0,0.0
1,2014.0,2,DuJuan Harris,0.0,0.0,Jets,0.0,0.0,0.0,0.0,0.0,0.0,0.0,RB,0.0,0.0,0.0,0.0,0.0,1.0,0.0,7.0,1.0,Jets,0.0,0.0,0.0,Packers,133.0,14.0,6.0,DST,25.0,2.0,0.0,158.0,0.0,0.0
2,2014.0,3,DuJuan Harris,0.0,0.0,Lions,0.0,0.0,0.0,0.0,0.0,0.0,0.5,RB,0.0,0.0,5.5,0.5,0.0,0.5,0.0,3.5,0.5,Lions,0.0,0.0,1.0,Packers,197.5,19.0,7.5,DST,57.5,3.0,0.0,255.0,0.0,0.5
3,2014.0,7,DuJuan Harris,0.0,0.0,Panthers,0.0,0.0,0.0,0.0,0.0,0.0,0.3333333333333333,RB,0.0,0.0,3.6666666666666665,0.3333333333333333,0.0,1.3333333333333333,0.0,3.0,0.6666666666666666,Panthers,0.0,0.8333333333333334,1.1666666666666667,Packers,252.33333333333331,26.16666666666667,9.166666666666666,DST,140.16666666666666,2.1666666666666665,0.0,392.5,0.16666666666666666,0.5
4,2014.0,8,DuJuan Harris,0.0,0.0,Saints,0.0,0.0,0.0,0.0,0.0,0.0,0.25,RB,0.0,0.0,2.75,0.25,0.0,1.5,0.0,2.0,0.5,Saints,0.0,0.16666666666666666,0.5,Packers,270.5,27.5,4.666666666666667,DST,103.16666666666669,1.5,0.16666666666666666,373.66666666666674,0.0,0.6666666666666666
5,2014.0,10,DuJuan Harris,0.0,0.0,Bears,0.0,0.0,0.0,0.0,0.0,0.0,0.2,RB,0.0,0.0,2.2,0.2,0.0,1.6,0.0,2.4,0.6,Bears,0.25,0.5,1.0,Packers,262.25,27.75,8.875,DST,110.25,2.5,0.0,372.5,0.125,0.625
