,Year,Week,Name,Fumble TD,Fumbles Lost,Opponent_x,Pass 2PT,Pass Attempts,Pass Completions,Pass Interceptions,Pass TD,Pass Yards,Points_x,Position_x,Receiving 2PT,Receiving TD,Receiving Yards,Receptions,Rush 2PT,Rush Attempts,Rush TD,Rush Yards,Away Games_x,Team,Blocks,Fumble Returns,Interception,Opponent_y,Pass Yards Allowed,Point After,Points_y,Position_y,Rush Yards Allowed,Sack,Safety,Total Yards,Touchdowns,Away Games_y
0,2011.0,13,Mike Caussin,0.0,0.0,Titans,0.0,0.0,0.0,0.0,0.0,0.0,1.0,TE,0.0,0.0,16.0,2.0,0.0,0.0,0.0,0.0,0.0,Titans,0.18181818181818185,0.7272727272727273,0.9090909090909092,Bills,229.0909090909091,19.272727272727273,11.818181818181818,DST,124.0909090909091,1.9090909090909087,0.0,353.1818181818182,0.3636363636363637,0.4545454545454545
1,2011.0,14,Mike Caussin,0.0,0.0,Chargers,0.0,0.0,0.0,0.0,0.0,0.0,1.0,TE,0.0,0.0,16.0,2.0,0.0,0.0,0.0,0.0,0.0,Chargers,0.0,0.3333333333333333,0.9166666666666666,Bills,202.91666666666663,24.08333333333333,6.75,DST,131.66666666666666,1.75,0.0,334.5833333333333,0.08333333333333333,0.5
2,2011.0,16,Mike Caussin,0.0,0.0,Broncos,0.0,0.0,0.0,0.0,0.0,0.0,1.0,TE,0.0,0.0,17.5,2.0,0.0,0.0,0.0,0.0,0.5,Broncos,0.0,0.5714285714285714,0.6428571428571429,Bills,238.42857142857144,24.5,10.142857142857142,DST,125.35714285714286,2.7857142857142856,0.0,363.78571428571433,0.35714285714285715,0.5
