,Year,Week,Name,Fumble TD,Fumbles Lost,Opponent_x,Pass 2PT,Pass Attempts,Pass Completions,Pass Interceptions,Pass TD,Pass Yards,Points_x,Position_x,Receiving 2PT,Receiving TD,Receiving Yards,Receptions,Rush 2PT,Rush Attempts,Rush TD,Rush Yards,Away Games_x,Team,Blocks,Fumble Returns,Interception,Opponent_y,Pass Yards Allowed,Point After,Points_y,Position_y,Rush Yards Allowed,Sack,Safety,Total Yards,Touchdowns,Away Games_y
0,2010.0,3,Tiquan Underwood,0.0,0.0,Eagles,0.0,0.0,0.0,0.0,0.0,0.0,2.0,WR,0.0,0.0,22.0,1.0,0.0,0.0,0.0,0.0,0.0,Eagles,0.0,0.0,2.0,Jaguars,248.0,29.5,7.0,DST,123.5,2.5,0.0,371.5,0.0,0.5
1,2010.0,4,Tiquan Underwood,0.0,0.0,Colts,0.0,0.0,0.0,0.0,0.0,0.0,2.0,WR,0.0,0.0,22.0,1.0,0.0,0.0,0.0,0.0,0.0,Colts,0.0,1.0,1.0,Jaguars,235.66666666666663,20.33333333333333,12.0,DST,141.33333333333334,2.333333333333333,0.0,377.0,0.3333333333333333,0.6666666666666666
2,2010.0,6,Tiquan Underwood,0.0,0.0,Titans,0.0,0.0,0.0,0.0,0.0,0.0,3.0,WR,0.0,0.0,31.5,2.0,0.0,0.0,0.0,0.0,0.0,Titans,0.0,0.6,1.4,Jaguars,242.6,19.0,14.0,DST,101.8,4.4,0.2,344.4,0.2,0.4
3,2010.0,7,Tiquan Underwood,0.0,0.0,Chiefs,0.0,0.0,0.0,0.0,0.0,0.0,2.333333333333333,WR,0.0,0.0,24.66666666666667,1.6666666666666667,0.0,0.0,0.0,0.0,0.0,Chiefs,0.0,0.4,0.6,Jaguars,249.4,18.4,10.4,DST,90.8,2.2,0.0,340.2,0.4,0.6
4,2010.0,11,Tiquan Underwood,0.0,0.0,Browns,0.0,0.0,0.0,0.0,0.0,0.0,2.5,WR,0.0,0.0,26.0,1.75,0.0,0.0,0.0,0.0,0.25,Browns,0.2222222222222222,0.6666666666666666,1.1111111111111112,Jaguars,245.33333333333331,20.222222222222218,10.0,DST,113.22222222222223,1.7777777777777777,0.0,358.5555555555556,0.2222222222222222,0.4444444444444444
