,Year,Week,Name,Fumble TD,Fumbles Lost,Opponent,Pass 2PT,Pass Attempts,Pass Completions,Pass Interceptions,Pass TD,Pass Yards,Points,Position,Receiving 2PT,Receiving TD,Receiving Yards,Receptions,Rush 2PT,Rush Attempts,Rush TD,Rush Yards,Away Games
3503,2016.0,1,Chris Moore,0.0,0.0,Bills,0.0,0.0,0.0,0.0,0.0,0.0,1.0,WR,0.0,0.0,13.0,1.0,0.0,0.0,0.0,0.0,0.0
3644,2016.0,2,Chris Moore,0.0,0.0,Browns,0.0,0.0,0.0,0.0,0.0,0.0,1.0,WR,0.0,0.0,13.0,1.0,0.0,0.0,0.0,0.0,0.0
3763,2016.0,3,Chris Moore,0.0,0.0,Jaguars,0.0,0.0,0.0,0.0,0.0,0.0,0.5,WR,0.0,0.0,11.0,1.0,0.0,0.0,0.0,0.0,0.5
3874,2016.0,4,Chris Moore,0.0,0.0,Raiders,0.0,0.0,0.0,0.0,0.0,0.0,0.3333333333333333,WR,0.0,0.0,8.0,1.0,0.0,0.0,0.0,0.0,0.6666666666666666
4179,2016.0,7,Chris Moore,0.0,0.0,Jets,0.0,0.0,0.0,0.0,0.0,0.0,0.25,WR,0.0,0.0,7.5,1.0,0.0,0.0,0.0,0.0,0.5
4397,2016.0,9,Chris Moore,0.0,0.0,Steelers,0.0,0.0,0.0,0.0,0.0,0.0,0.4,WR,0.0,0.0,8.2,1.2,0.0,0.0,0.0,0.0,0.6
4483,2016.0,10,Chris Moore,0.0,0.0,Browns,0.0,0.0,0.0,0.0,0.0,0.0,0.3333333333333333,WR,0.0,0.0,6.833333333333333,1.0,0.0,0.16666666666666666,0.0,0.3333333333333333,0.5
4845,2016.0,13,Chris Moore,0.0,0.0,Dolphins,0.0,0.0,0.0,0.0,0.0,0.0,0.42857142857142855,WR,0.0,0.0,5.857142857142857,0.8571428571428571,0.0,0.2857142857142857,0.0,1.7142857142857142,0.42857142857142855
4962,2016.0,14,Chris Moore,0.0,0.0,Patriots,0.0,0.0,0.0,0.0,0.0,0.0,0.375,WR,0.0,0.0,5.125,0.75,0.0,0.375,0.0,2.375,0.375
