,Unnamed: 0.1_x,Unnamed: 0.1.1_x,Fumble TD,Fumbles Lost,Name,Opponent_x,Pass 2PT,Pass Attempts,Pass Completions,Pass Interceptions,Pass TD,Pass Yards,Points_x,Position_x,Receiving 2PT,Receiving TD,Receiving Yards,Receptions,Rush 2PT,Rush Attempts,Rush TD,Rush Yards,Week,Year,Unnamed: 0.1_y,Unnamed: 0.1.1_y,Blocks,Fumble Returns,Interception,Opponent_y,Pass Yards Allowed,Point After,Points_y,Position_y,Rush Yards Allowed,Sack,Safety,Team,Total Yards,Touchdowns
0,51,51.0,0.0,0.0,Jonnu Smith,Jaguars,0.0,0.0,0.0,0.0,0.0,0.0,9.0,TE,0.0,1.0,30.0,2.0,0.0,0.0,0.0,0.0,2,2017.0,57,0.0,0.0,3.0,1.0,Titans,110.0,7.0,31.0,DST,93.0,10.0,0.0,Jaguars,203.0,1.0
1,109,51.0,0.0,0.0,Jonnu Smith,Titans,0.0,0.0,0.0,0.0,0.0,0.0,9.0,TE,0.0,1.0,30.0,2.0,0.0,0.0,0.0,0.0,3,2017.0,88,34.0,0.0,0.5,1.0,Steelers,230.5,21.0,7.5,DST,104.0,2.0,0.0,Titans,334.5,0.0
2,229,80.0,0.0,0.0,Jonnu Smith,Dolphins,0.0,0.0,0.0,0.0,0.0,0.0,8.5,TE,0.0,1.0,27.0,1.5,0.0,0.0,0.0,0.0,5,2017.0,127,80.33333333333333,0.0,0.3333333333333333,0.0,Titans,272.3333333333333,19.0,6.0,DST,77.66666666666667,1.3333333333333333,0.0,Dolphins,350.0,0.0
3,284,129.66666666666666,0.0,0.0,Jonnu Smith,Titans,0.0,0.0,0.0,0.0,0.0,0.0,6.333333333333332,TE,0.0,0.6666666666666666,25.0,2.6666666666666665,0.0,0.0,0.0,0.0,6,2017.0,181,83.4,0.0,0.4,0.8,Colts,235.0,28.4,6.0,DST,110.0,1.6,0.0,Titans,345.0,0.0
4,326,168.25,0.0,0.0,Jonnu Smith,Browns,0.0,0.0,0.0,0.0,0.0,0.0,5.0,TE,0.0,0.5,21.25,2.25,0.0,0.0,0.0,0.0,7,2017.0,189,95.5,0.0,0.5,0.6666666666666666,Titans,226.33333333333331,26.16666666666667,6.5,DST,84.33333333333333,2.1666666666666665,0.0,Browns,310.6666666666667,0.16666666666666666
5,467,199.8,0.0,0.0,Jonnu Smith,Titans,0.0,0.0,0.0,0.0,0.0,0.0,4.4,TE,0.0,0.4,21.4,2.2,0.0,0.0,0.0,0.0,10,2017.0,276,128.875,0.0,0.375,1.125,Bengals,234.125,24.125,7.375,DST,96.75,1.625,0.0,Titans,330.875,0.0
