,Year,Week,Name,Fumble TD,Fumbles Lost,Opponent_x,Pass 2PT,Pass Attempts,Pass Completions,Pass Interceptions,Pass TD,Pass Yards,Points_x,Position_x,Receiving 2PT,Receiving TD,Receiving Yards,Receptions,Rush 2PT,Rush Attempts,Rush TD,Rush Yards,Away Games_x,Team,Blocks,Fumble Returns,Interception,Opponent_y,Pass Yards Allowed,Point After,Points_y,Position_y,Rush Yards Allowed,Sack,Safety,Total Yards,Touchdowns,Away Games_y
0,2012.0,1,Darius Reynaud,0.0,0.0,Patriots,0.0,0.0,0.0,0.0,0.0,0.0,1.0,WR,0.0,0.0,17.0,3.0,0.0,2.0,0.0,2.0,0.0,Patriots,0.0,1.0,1.0,Titans,264.0,13.0,19.0,DST,20.0,2.0,0.0,284.0,1.0,1.0
1,2012.0,3,Darius Reynaud,0.0,0.0,Lions,0.0,0.0,0.0,0.0,0.0,0.0,1.0,WR,0.0,0.0,17.0,3.0,0.0,2.0,0.0,2.0,0.0,Lions,0.0,0.5,0.0,Titans,187.0,25.0,5.5,DST,112.5,3.5,0.0,299.5,0.0,0.5
2,2012.0,7,Darius Reynaud,0.0,0.0,Bills,0.0,0.0,0.0,0.0,0.0,0.0,0.3333333333333333,WR,0.0,0.0,5.666666666666668,1.0,0.0,1.3333333333333333,0.0,3.333333333333333,0.3333333333333333,Bills,0.0,0.8333333333333334,1.0,Titans,256.3333333333333,32.0,9.5,DST,173.5,2.5,0.16666666666666666,429.83333333333326,0.16666666666666666,0.6666666666666666
3,2012.0,8,Darius Reynaud,0.0,0.0,Colts,0.0,0.0,0.0,0.0,0.0,0.0,0.5,WR,0.0,0.0,8.75,1.25,0.0,1.25,0.0,1.5,0.5,Colts,0.0,0.16666666666666666,0.3333333333333333,Titans,210.66666666666663,26.33333333333333,6.333333333333332,DST,141.66666666666666,2.1666666666666665,0.0,352.33333333333326,0.16666666666666666,0.3333333333333333
4,2012.0,10,Darius Reynaud,0.0,0.0,Dolphins,0.0,0.0,0.0,0.0,0.0,0.0,0.4,WR,0.0,0.0,7.0,1.0,0.0,1.2,0.0,2.0,0.4,Dolphins,0.375,0.375,1.0,Titans,298.25,18.625,11.375,DST,83.875,2.875,0.0,382.125,0.25,0.625
5,2012.0,12,Darius Reynaud,0.0,0.0,Jaguars,0.0,0.0,0.0,0.0,0.0,0.0,0.5,WR,0.0,0.0,5.833333333333332,0.8333333333333334,0.0,1.6666666666666667,0.0,4.166666666666667,0.5,Jaguars,0.0,0.7,0.7,Titans,276.9,28.9,5.0,DST,138.6,1.2,0.0,415.5,0.0,0.5
6,2012.0,14,Darius Reynaud,0.0,0.0,Colts,0.0,0.0,0.0,0.0,0.0,0.0,0.42857142857142855,WR,0.0,0.0,5.0,0.7142857142857143,0.0,1.7142857142857142,0.0,4.285714285714286,0.5714285714285714,Colts,0.0,0.16666666666666666,0.5,Titans,240.41666666666663,25.5,7.916666666666668,DST,122.58333333333331,1.9166666666666667,0.0,363.0,0.25,0.5
7,2012.0,17,Darius Reynaud,0.0,0.0,Jaguars,0.0,0.0,0.0,0.0,0.0,0.0,0.375,WR,0.0,0.0,4.375,0.625,0.0,1.625,0.0,4.0,0.625,Jaguars,0.0,0.7333333333333333,0.8,Titans,246.0,27.066666666666666,5.6,DST,145.13333333333333,1.2,0.0,391.13333333333327,0.0,0.4666666666666667
