,Year,Week,Name,Fumble TD,Fumbles Lost,Opponent_x,Pass 2PT,Pass Attempts,Pass Completions,Pass Interceptions,Pass TD,Pass Yards,Points_x,Position_x,Receiving 2PT,Receiving TD,Receiving Yards,Receptions,Rush 2PT,Rush Attempts,Rush TD,Rush Yards,Away Games_x,Team,Blocks,Fumble Returns,Interception,Opponent_y,Pass Yards Allowed,Point After,Points_y,Position_y,Rush Yards Allowed,Sack,Safety,Total Yards,Touchdowns,Away Games_y
0,2012.0,1,Armon Binns,0.0,0.0,Ravens,0.0,0.0,0.0,0.0,0.0,0.0,2.0,WR,0.0,0.0,28.0,4.0,0.0,0.0,0.0,0.0,1.0,Ravens,0.0,1.0,1.0,Bengals,193.0,13.0,21.0,DST,129.0,4.0,0.0,322.0,1.0,0.0
1,2012.0,2,Armon Binns,0.0,0.0,Browns,0.0,0.0,0.0,0.0,0.0,0.0,2.0,WR,0.0,0.0,28.0,4.0,0.0,0.0,0.0,0.0,1.0,Browns,0.0,1.0,4.0,Bengals,306.0,17.0,22.0,DST,150.0,2.0,0.0,456.0,1.0,0.0
2,2012.0,3,Armon Binns,0.0,0.0,Redskins,0.0,0.0,0.0,0.0,0.0,0.0,4.0,WR,0.0,0.0,47.0,4.5,0.0,0.0,0.0,0.0,0.5,Redskins,0.0,1.0,1.5,Bengals,313.5,31.5,10.0,DST,91.5,2.0,0.0,405.0,0.5,1.0
3,2012.0,5,Armon Binns,0.0,0.0,Dolphins,0.0,0.0,0.0,0.0,0.0,0.0,6.666666666666668,WR,0.0,0.3333333333333333,52.33333333333334,4.0,0.0,0.0,0.0,0.0,0.6666666666666666,Dolphins,0.0,0.0,1.25,Bengals,297.75,22.5,9.25,DST,56.75,3.0,0.0,354.5,0.25,0.5
4,2012.0,6,Armon Binns,0.0,0.25,Browns,0.0,0.0,0.0,0.0,0.0,0.0,5.75,WR,0.0,0.25,49.5,4.0,0.0,0.0,0.0,0.0,0.5,Browns,0.0,0.6,1.4,Bengals,280.6,27.8,9.0,DST,142.4,2.6,0.0,423.0,0.2,0.6
5,2012.0,16,Armon Binns,0.0,0.2,Bills,0.0,0.0,0.0,0.0,0.0,0.0,4.8,WR,0.0,0.2,42.0,3.6,0.0,0.0,0.0,0.0,0.6,Bills,0.14285714285714285,0.5714285714285714,0.7857142857142857,Dolphins,225.35714285714286,28.714285714285715,8.857142857142858,DST,144.14285714285714,2.357142857142857,0.07142857142857142,369.5,0.21428571428571427,0.5
6,2012.0,17,Armon Binns,0.0,0.16666666666666666,Patriots,0.0,0.0,0.0,0.0,0.0,0.0,4.333333333333333,WR,0.0,0.16666666666666666,39.5,3.5,0.0,0.0,0.0,0.0,0.5,Patriots,0.0,1.3333333333333333,1.2666666666666666,Dolphins,275.53333333333336,22.066666666666666,13.066666666666665,DST,105.53333333333332,2.0,0.06666666666666668,381.06666666666666,0.5333333333333333,0.5333333333333333
