,Year,Week,Name,Fumble TD,Fumbles Lost,Opponent,Pass 2PT,Pass Attempts,Pass Completions,Pass Interceptions,Pass TD,Pass Yards,Points,Position,Receiving 2PT,Receiving TD,Receiving Yards,Receptions,Rush 2PT,Rush Attempts,Rush TD,Rush Yards,Away Games
2892,2010.0,1,Mike Karney,0.0,0.0,Cardinals,0.0,0.0,0.0,0.0,0.0,0.0,0.0,RB,0.0,0.0,2.0,1.0,0.0,1.0,0.0,2.0,0.0
2996,2010.0,2,Mike Karney,0.0,0.0,Raiders,0.0,0.0,0.0,0.0,0.0,0.0,0.0,RB,0.0,0.0,2.0,1.0,0.0,1.0,0.0,2.0,0.0
3089,2010.0,3,Mike Karney,0.0,0.0,Redskins,0.0,0.0,0.0,0.0,0.0,0.0,0.0,RB,0.0,0.0,1.5,1.0,0.0,0.5,0.0,1.0,0.5
3320,2010.0,6,Mike Karney,0.0,0.0,Chargers,0.0,0.0,0.0,0.0,0.0,0.0,0.0,RB,0.0,0.0,2.0,1.0,0.0,0.6666666666666666,0.0,1.3333333333333333,0.3333333333333333
3401,2010.0,7,Mike Karney,0.0,0.0,Buccaneers,0.0,0.0,0.0,0.0,0.0,0.0,0.0,RB,0.0,0.0,2.5,1.0,0.0,0.5,0.0,1.0,0.25
4160,2010.0,16,Mike Karney,0.0,0.0,49ers,0.0,0.0,0.0,0.0,0.0,0.0,0.0,RB,0.0,0.0,2.0,0.8,0.0,0.6,0.0,1.2,0.4
4258,2010.0,17,Mike Karney,0.0,0.0,Seahawks,0.0,0.0,0.0,0.0,0.0,0.0,0.0,RB,0.0,0.0,1.6666666666666667,0.6666666666666666,0.0,0.6666666666666666,0.0,1.3333333333333333,0.3333333333333333
