,Year,Week,Name,Fumble TD,Fumbles Lost,Opponent_x,Pass 2PT,Pass Attempts,Pass Completions,Pass Interceptions,Pass TD,Pass Yards,Points_x,Position_x,Receiving 2PT,Receiving TD,Receiving Yards,Receptions,Rush 2PT,Rush Attempts,Rush TD,Rush Yards,Away Games_x,Team,Blocks,Fumble Returns,Interception,Opponent_y,Pass Yards Allowed,Point After,Points_y,Position_y,Rush Yards Allowed,Sack,Safety,Total Yards,Touchdowns,Away Games_y
0,2010.0,1,Mike Karney,0.0,0.0,Cardinals,0.0,0.0,0.0,0.0,0.0,0.0,0.0,RB,0.0,0.0,2.0,1.0,0.0,1.0,0.0,2.0,0.0,Cardinals,1.0,1.0,3.0,Rams,240.0,13.0,19.0,DST,85.0,2.0,0.0,325.0,0.0,1.0
1,2010.0,2,Mike Karney,0.0,0.0,Raiders,0.0,0.0,0.0,0.0,0.0,0.0,0.0,RB,0.0,0.0,2.0,1.0,0.0,1.0,0.0,2.0,0.0,Raiders,0.0,1.0,0.0,Rams,140.0,38.0,4.0,DST,205.0,2.0,0.0,345.0,0.0,1.0
2,2010.0,3,Mike Karney,0.0,0.0,Redskins,0.0,0.0,0.0,0.0,0.0,0.0,0.0,RB,0.0,0.0,1.5,1.0,0.0,0.5,0.0,1.0,0.5,Redskins,0.0,0.5,0.5,Rams,372.5,18.5,11.5,DST,80.5,3.0,0.0,453.0,0.5,0.0
3,2010.0,6,Mike Karney,0.0,0.0,Chargers,0.0,0.0,0.0,0.0,0.0,0.0,0.0,RB,0.0,0.0,2.0,1.0,0.0,0.6666666666666666,0.0,1.3333333333333333,0.3333333333333333,Chargers,0.0,0.6,1.4,Rams,159.8,21.2,12.4,DST,86.4,3.6,0.2,246.2,0.2,0.6
4,2010.0,7,Mike Karney,0.0,0.0,Buccaneers,0.0,0.0,0.0,0.0,0.0,0.0,0.0,RB,0.0,0.0,2.5,1.0,0.0,0.5,0.0,1.0,0.25,Buccaneers,0.0,0.6,2.0,Rams,210.6,22.2,9.6,DST,157.0,0.8,0.0,367.6,0.2,0.4
5,2010.0,16,Mike Karney,0.0,0.0,49ers,0.0,0.0,0.0,0.0,0.0,0.0,0.0,RB,0.0,0.0,2.0,0.8,0.0,0.6,0.0,1.2,0.4,49ers,0.07142857142857142,0.42857142857142855,0.9285714285714286,Rams,230.07142857142856,22.428571428571423,8.642857142857142,DST,100.64285714285714,2.071428571428572,0.0,330.7142857142857,0.21428571428571427,0.5
6,2010.0,17,Mike Karney,0.0,0.0,Seahawks,0.0,0.0,0.0,0.0,0.0,0.0,0.0,RB,0.0,0.0,1.6666666666666667,0.6666666666666666,0.0,0.6666666666666666,0.0,1.3333333333333333,0.3333333333333333,Seahawks,0.2,0.6666666666666666,0.7333333333333333,Rams,257.1333333333333,26.73333333333333,10.466666666666667,DST,123.73333333333332,2.2666666666666666,0.06666666666666668,380.86666666666673,0.4,0.5333333333333333
