,Unnamed: 0.1,50+,FGA,FGM,Name,Opponent_x,Points_x,Position_x,Week,XPA,XPM,Year,Away Games_x,Team,Blocks,Fumble Returns,Interception,Opponent_y,Pass Yards Allowed,Point After,Points_y,Position_y,Rush Yards Allowed,Sack,Safety,Total Yards,Touchdowns,Away Games_y
0,407.0,0.0,3.0,2.0,Stephen Hauschka,Cardinals,7.0,K,14,1.0,1.0,2010.0,1.0,Cardinals,0.25,0.6666666666666666,1.0,Broncos,242.58333333333331,28.16666666666667,10.833333333333336,DST,144.25,1.9166666666666667,0.0,386.83333333333326,0.5833333333333334,0.5
1,407.0,0.0,3.0,2.0,Stephen Hauschka,Raiders,7.0,K,15,1.0,1.0,2010.0,1.0,Raiders,0.15384615384615385,0.8461538461538461,0.6153846153846154,Broncos,202.53846153846158,23.615384615384613,11.307692307692307,DST,132.76923076923077,2.9230769230769234,0.07692307692307693,335.3076923076923,0.38461538461538464,0.5384615384615384
2,420.5,0.0,3.0,2.5,Stephen Hauschka,Texans,9.0,K,16,1.5,1.5,2010.0,1.0,Texans,0.07142857142857142,0.2857142857142857,0.7857142857142857,Broncos,275.07142857142856,27.57142857142857,5.214285714285714,DST,101.92857142857143,1.9285714285714288,0.0,377.0,0.0,0.5
3,439.66666666666674,0.0,2.333333333333333,2.0,Stephen Hauschka,Chargers,8.0,K,17,2.0,2.0,2010.0,0.6666666666666666,Chargers,0.0,0.4,0.9333333333333332,Broncos,176.93333333333337,19.6,10.133333333333333,DST,90.26666666666668,2.933333333333333,0.06666666666666668,267.2,0.2,0.4666666666666667
