,Year,Week,Name,Fumble TD,Fumbles Lost,Opponent_x,Pass 2PT,Pass Attempts,Pass Completions,Pass Interceptions,Pass TD,Pass Yards,Points_x,Position_x,Receiving 2PT,Receiving TD,Receiving Yards,Receptions,Rush 2PT,Rush Attempts,Rush TD,Rush Yards,Away Games_x,Team,Blocks,Fumble Returns,Interception,Opponent_y,Pass Yards Allowed,Point After,Points_y,Position_y,Rush Yards Allowed,Sack,Safety,Total Yards,Touchdowns,Away Games_y
0,2011.0,14,Ryan Taylor,0.0,0.0,Raiders,0.0,0.0,0.0,0.0,0.0,0.0,6.0,TE,0.0,1.0,4.0,1.0,0.0,0.0,0.0,0.0,0.0,Raiders,0.08333333333333333,0.5833333333333334,1.1666666666666667,Packers,231.91666666666663,25.66666666666667,8.75,DST,141.41666666666666,2.75,0.0,373.33333333333326,0.08333333333333333,0.5
1,2012.0,16,Ryan Taylor,0.0,0.0,Titans,0.0,0.0,0.0,0.0,0.0,0.0,1.0,TE,0.0,0.0,11.0,1.0,0.0,0.0,0.0,0.0,0.0,Titans,0.14285714285714285,0.35714285714285715,1.1428571428571428,Packers,240.57142857142856,28.285714285714285,9.571428571428571,DST,128.28571428571428,2.2142857142857144,0.07142857142857142,368.8571428571428,0.35714285714285715,0.5
2,2013.0,3,Ryan Taylor,0.0,0.0,Bengals,0.0,0.0,0.0,0.0,0.0,0.0,1.0,TE,0.0,0.0,11.0,2.0,0.0,0.0,0.0,0.0,1.0,Bengals,0.0,0.5,1.0,Packers,238.0,17.0,8.0,DST,62.5,1.0,0.0,300.5,0.0,0.5
3,2013.0,10,Ryan Taylor,0.0,0.0,Eagles,0.0,0.0,0.0,0.0,0.0,0.0,1.0,TE,0.0,0.0,11.0,2.0,0.0,0.0,0.0,0.0,1.0,Eagles,0.0,0.5555555555555556,1.1111111111111112,Packers,307.5555555555556,25.66666666666667,8.444444444444445,DST,111.77777777777777,2.1111111111111107,0.1111111111111111,419.33333333333326,0.1111111111111111,0.5555555555555556
4,2013.0,13,Ryan Taylor,0.0,0.0,Lions,0.0,0.0,0.0,0.0,0.0,0.0,0.5,TE,0.0,0.0,7.5,1.5,0.0,0.0,0.0,0.0,0.5,Lions,0.0,0.2727272727272727,1.0,Packers,276.8181818181818,25.181818181818183,7.0,DST,88.0,1.818181818181818,0.0,364.8181818181818,0.18181818181818185,0.5454545454545454
5,2013.0,14,Ryan Taylor,0.0,0.0,Falcons,0.0,0.0,0.0,0.0,0.0,0.0,0.3333333333333333,TE,0.0,0.0,7.666666666666668,1.3333333333333333,0.0,0.0,0.0,0.0,0.6666666666666666,Falcons,0.0,0.3333333333333333,0.5,Packers,247.75,28.33333333333333,5.25,DST,135.41666666666666,1.8333333333333333,0.0,383.16666666666674,0.16666666666666666,0.5
