,Unnamed: 0.1_x,Unnamed: 0.1.1_x,Fumble TD,Fumbles Lost,Name,Opponent_x,Pass 2PT,Pass Attempts,Pass Completions,Pass Interceptions,Pass TD,Pass Yards,Points_x,Position_x,Receiving 2PT,Receiving TD,Receiving Yards,Receptions,Rush 2PT,Rush Attempts,Rush TD,Rush Yards,Week,Year,Unnamed: 0.1_y,Unnamed: 0.1.1_y,Blocks,Fumble Returns,Interception,Opponent_y,Pass Yards Allowed,Point After,Points_y,Position_y,Rush Yards Allowed,Sack,Safety,Team,Total Yards,Touchdowns
0,317,317.0,0.0,0.0,Noah Brown,Cardinals,0.0,0.0,0.0,0.0,0.0,0.0,1.0,WR,0.0,0.0,13.0,1.0,0.0,0.0,0.0,0.0,3,2017.0,89,24.0,0.0,0.0,1.0,Cowboys,237.5,24.0,11.0,DST,79.0,2.5,0.0,Cardinals,316.5,0.5
1,1158,317.0,0.0,0.0,Noah Brown,Cowboys,0.0,0.0,0.0,0.0,0.0,0.0,1.0,WR,0.0,0.0,13.0,1.0,0.0,0.0,0.0,0.0,11,2017.0,319,148.0,0.1111111111111111,0.7777777777777778,0.5555555555555556,Eagles,221.22222222222226,22.777777777777782,10.0,DST,104.66666666666669,3.111111111111111,0.0,Cowboys,325.8888888888889,0.1111111111111111
2,1403,737.5,0.0,0.0,Noah Brown,Cowboys,0.0,0.0,0.0,0.0,0.0,0.0,1.0,WR,0.0,0.0,13.5,1.0,0.0,0.0,0.0,0.0,13,2017.0,354,182.0,0.09090909090909093,0.6363636363636364,0.4545454545454545,Redskins,235.72727272727272,24.54545454545455,8.181818181818182,DST,112.54545454545456,2.5454545454545454,0.0,Cowboys,348.27272727272725,0.09090909090909093
