,Year,Week,Name,Fumble TD,Fumbles Lost,Opponent_x,Pass 2PT,Pass Attempts,Pass Completions,Pass Interceptions,Pass TD,Pass Yards,Points_x,Position_x,Receiving 2PT,Receiving TD,Receiving Yards,Receptions,Rush 2PT,Rush Attempts,Rush TD,Rush Yards,Away Games_x,Team,Blocks,Fumble Returns,Interception,Opponent_y,Pass Yards Allowed,Point After,Points_y,Position_y,Rush Yards Allowed,Sack,Safety,Total Yards,Touchdowns,Away Games_y
0,2015.0,2,J.J. Nelson,0.0,1.0,Bears,0.0,0.0,0.0,0.0,0.0,0.0,-1.0,WR,0.0,0.0,0.0,0.0,0.0,0.0,0.0,0.0,1.0,Bears,0.0,0.0,0.0,Cardinals,189.0,31.0,0.0,DST,133.0,0.0,0.0,322.0,0.0,0.0
1,2015.0,8,J.J. Nelson,0.0,1.0,Browns,0.0,0.0,0.0,0.0,0.0,0.0,-1.0,WR,0.0,0.0,0.0,0.0,0.0,0.0,0.0,0.0,1.0,Browns,0.0,0.7142857142857143,0.5714285714285714,Cardinals,242.14285714285717,26.0,7.0,DST,151.0,1.7142857142857142,0.0,393.1428571428572,0.2857142857142857,0.5714285714285714
2,2015.0,11,J.J. Nelson,0.0,0.5,Bengals,0.0,0.0,0.0,0.0,0.0,0.0,3.0,WR,0.0,0.0,35.0,1.5,0.0,0.5,0.0,0.0,1.0,Bengals,0.0,0.4444444444444444,1.0,Cardinals,236.33333333333331,16.88888888888889,9.777777777777779,DST,102.44444444444444,2.888888888888889,0.0,338.77777777777777,0.0,0.4444444444444444
3,2015.0,12,J.J. Nelson,0.0,0.3333333333333333,49ers,0.0,0.0,0.0,0.0,0.0,0.0,8.666666666666666,WR,0.0,0.3333333333333333,70.66666666666667,2.333333333333333,0.0,0.3333333333333333,0.0,0.0,0.6666666666666666,49ers,0.2,0.1,0.7,Cardinals,277.8,25.2,6.5,DST,126.2,1.8,0.0,404.0,0.0,0.5
4,2015.0,13,J.J. Nelson,0.0,0.25,Rams,0.0,0.0,0.0,0.0,0.0,0.0,7.75,WR,0.0,0.25,66.25,2.25,0.0,0.25,0.0,0.0,0.75,Rams,0.0,0.9090909090909092,0.8181818181818182,Cardinals,230.0,20.90909090909091,10.636363636363637,DST,111.0,2.727272727272727,0.09090909090909093,341.0,0.18181818181818185,0.5454545454545454
