,Year,Week,Name,Fumble TD,Fumbles Lost,Opponent,Pass 2PT,Pass Attempts,Pass Completions,Pass Interceptions,Pass TD,Pass Yards,Points,Position,Receiving 2PT,Receiving TD,Receiving Yards,Receptions,Rush 2PT,Rush Attempts,Rush TD,Rush Yards,Away Games
5367,2013.0,1,Julio Jones,0.0,1.0,Saints,0.0,0.0,0.0,0.0,0.0,0.0,12.0,WR,0.0,1.0,76.0,7.0,0.0,0.0,0.0,0.0,1.0
5457,2013.0,2,Julio Jones,0.0,1.0,Rams,0.0,0.0,0.0,0.0,0.0,0.0,12.0,WR,0.0,1.0,76.0,7.0,0.0,0.0,0.0,0.0,1.0
5580,2013.0,3,Julio Jones,0.0,0.5,Dolphins,0.0,0.0,0.0,0.0,0.0,0.0,18.0,WR,0.0,1.0,129.0,9.0,0.0,0.0,0.0,0.0,0.5
5699,2013.0,4,Julio Jones,0.0,0.3333333333333333,Patriots,0.0,0.0,0.0,0.0,0.0,0.0,15.666666666666666,WR,0.0,0.6666666666666666,124.33333333333333,9.0,0.0,0.3333333333333333,0.0,2.3333333333333335,0.6666666666666666
5811,2013.0,5,Julio Jones,0.0,0.25,Jets,0.0,0.0,0.0,0.0,0.0,0.0,14.25,WR,0.0,0.5,120.25,8.25,0.0,0.25,0.0,1.75,0.5
