,Year,Week,Name,Fumble TD,Fumbles Lost,Opponent_x,Pass 2PT,Pass Attempts,Pass Completions,Pass Interceptions,Pass TD,Pass Yards,Points_x,Position_x,Receiving 2PT,Receiving TD,Receiving Yards,Receptions,Rush 2PT,Rush Attempts,Rush TD,Rush Yards,Away Games_x,Team,Blocks,Fumble Returns,Interception,Opponent_y,Pass Yards Allowed,Point After,Points_y,Position_y,Rush Yards Allowed,Sack,Safety,Total Yards,Touchdowns,Away Games_y
0,2014.0,4,Darrin Reaves,0.0,0.0,Ravens,0.0,0.0,0.0,0.0,0.0,0.0,3.0,RB,0.0,0.0,11.0,3.0,0.0,12.0,0.0,26.0,1.0,Ravens,0.6666666666666666,0.6666666666666666,0.3333333333333333,Panthers,264.3333333333333,16.666666666666668,8.0,DST,87.66666666666669,0.6666666666666666,0.0,352.0,0.0,0.3333333333333333
1,2014.0,5,Darrin Reaves,0.0,0.0,Bears,0.0,0.0,0.0,0.0,0.0,0.0,3.0,RB,0.0,0.0,11.0,3.0,0.0,12.0,0.0,26.0,1.0,Bears,0.25,0.5,1.5,Panthers,250.25,25.0,10.5,DST,122.5,2.25,0.0,372.75,0.25,0.5
2,2014.0,6,Darrin Reaves,0.0,0.0,Bengals,0.0,0.0,0.0,0.0,0.0,0.0,3.5,RB,0.0,0.0,13.5,2.0,0.0,11.0,0.0,31.0,0.5,Bengals,0.0,0.25,1.5,Panthers,250.75,19.0,10.5,DST,140.0,2.0,0.25,390.75,0.0,0.5
3,2014.0,8,Darrin Reaves,0.0,0.0,Seahawks,0.0,0.0,0.0,0.0,0.0,0.0,2.6666666666666665,RB,0.0,0.0,10.333333333333334,1.6666666666666667,0.0,10.0,0.0,25.66666666666667,0.6666666666666666,Seahawks,0.16666666666666666,0.5,0.3333333333333333,Panthers,239.0,23.5,6.5,DST,85.5,1.1666666666666667,0.16666666666666666,324.5,0.16666666666666666,0.5
