,Year,Week,Name,Fumble TD,Fumbles Lost,Opponent_x,Pass 2PT,Pass Attempts,Pass Completions,Pass Interceptions,Pass TD,Pass Yards,Points_x,Position_x,Receiving 2PT,Receiving TD,Receiving Yards,Receptions,Rush 2PT,Rush Attempts,Rush TD,Rush Yards,Away Games_x,Team,Blocks,Fumble Returns,Interception,Opponent_y,Pass Yards Allowed,Point After,Points_y,Position_y,Rush Yards Allowed,Sack,Safety,Total Yards,Touchdowns,Away Games_y
0,2013.0,1,Fred Davis,0.0,0.0,Eagles,0.0,0.0,0.0,0.0,0.0,0.0,2.0,TE,0.0,0.0,22.0,2.0,0.0,0.0,0.0,0.0,0.0,Eagles,0.0,1.0,2.0,Redskins,308.0,27.0,12.0,DST,74.0,3.0,1.0,382.0,0.0,1.0
1,2013.0,2,Fred Davis,0.0,0.0,Packers,0.0,0.0,0.0,0.0,0.0,0.0,2.0,TE,0.0,0.0,22.0,2.0,0.0,0.0,0.0,0.0,0.0,Packers,0.0,0.0,0.0,Redskins,404.0,34.0,2.0,DST,90.0,2.0,0.0,494.0,0.0,1.0
2,2013.0,13,Fred Davis,0.0,0.0,Giants,0.0,0.0,0.0,0.0,0.0,0.0,1.0,TE,0.0,0.0,12.5,1.5,0.0,0.0,0.0,0.0,0.5,Giants,0.09090909090909093,0.6363636363636364,1.0909090909090908,Redskins,235.0,25.45454545454545,8.818181818181818,DST,98.8181818181818,1.6363636363636365,0.0,333.8181818181818,0.18181818181818185,0.4545454545454545
3,2013.0,15,Fred Davis,0.0,0.0,Falcons,0.0,0.0,0.0,0.0,0.0,0.0,1.0,TE,0.0,0.0,12.666666666666664,1.6666666666666667,0.0,0.0,0.0,0.0,0.3333333333333333,Falcons,0.0,0.38461538461538464,0.5384615384615384,Redskins,245.7692307692308,27.84615384615385,6.0769230769230775,DST,133.61538461538458,2.0769230769230766,0.0,379.3846153846154,0.2307692307692308,0.5384615384615384
4,2013.0,16,Fred Davis,0.0,0.0,Cowboys,0.0,0.0,0.0,0.0,0.0,0.0,2.75,TE,0.0,0.25,15.25,1.5,0.0,0.0,0.0,0.0,0.5,Cowboys,0.07142857142857142,0.8571428571428571,1.0,Redskins,297.35714285714283,27.5,10.5,DST,129.92857142857142,2.071428571428572,0.0,427.28571428571433,0.42857142857142855,0.5
