,Year,Week,Name,Fumble TD,Fumbles Lost,Opponent_x,Pass 2PT,Pass Attempts,Pass Completions,Pass Interceptions,Pass TD,Pass Yards,Points_x,Position_x,Receiving 2PT,Receiving TD,Receiving Yards,Receptions,Rush 2PT,Rush Attempts,Rush TD,Rush Yards,Away Games_x,Team,Blocks,Fumble Returns,Interception,Opponent_y,Pass Yards Allowed,Point After,Points_y,Position_y,Rush Yards Allowed,Sack,Safety,Total Yards,Touchdowns,Away Games_y
0,2013.0,4,Jeff Maehl,0.0,0.0,Broncos,0.0,0.0,0.0,0.0,0.0,0.0,10.0,WR,0.0,1.0,43.0,2.0,0.0,0.0,0.0,0.0,1.0,Broncos,0.3333333333333333,0.0,2.0,Eagles,327.0,23.66666666666667,10.333333333333334,DST,43.33333333333334,2.6666666666666665,0.0,370.33333333333326,0.3333333333333333,0.3333333333333333
1,2013.0,6,Jeff Maehl,0.0,0.0,Buccaneers,0.0,0.0,0.0,0.0,0.0,0.0,10.0,WR,0.0,1.0,43.0,2.0,0.0,0.0,0.0,0.0,1.0,Buccaneers,0.0,0.5,1.5,Eagles,238.0,17.5,12.75,DST,94.25,3.25,0.0,332.25,0.25,0.5
2,2013.0,9,Jeff Maehl,0.0,0.0,Raiders,0.0,0.0,0.0,0.0,0.0,0.0,5.0,WR,0.0,0.5,24.0,1.5,0.0,0.0,0.0,0.0,1.0,Raiders,0.2857142857142857,0.8571428571428571,0.7142857142857143,Eagles,241.0,21.428571428571427,11.0,DST,89.85714285714286,3.0,0.0,330.85714285714283,0.2857142857142857,0.42857142857142855
3,2014.0,1,Jeff Maehl,0.0,0.0,Jaguars,0.0,0.0,0.0,0.0,0.0,0.0,1.0,WR,0.0,0.0,12.0,1.0,0.0,0.0,0.0,0.0,0.0,Jaguars,0.0,2.0,1.0,Eagles,275.0,34.0,11.0,DST,145.0,5.0,0.0,420.0,0.0,1.0
4,2014.0,3,Jeff Maehl,0.0,0.0,Redskins,0.0,0.0,0.0,0.0,0.0,0.0,1.0,WR,0.0,0.0,12.0,1.0,0.0,0.0,0.0,0.0,0.0,Redskins,0.0,0.5,0.5,Eagles,164.5,13.5,12.5,DST,70.0,5.0,0.0,234.5,0.0,0.5
5,2014.0,8,Jeff Maehl,0.0,0.0,Cardinals,0.0,0.0,0.0,0.0,0.0,0.0,1.0,WR,0.0,0.0,13.5,1.0,0.0,0.0,0.0,0.0,0.0,Cardinals,0.16666666666666666,0.5,1.3333333333333333,Eagles,284.8333333333333,19.83333333333333,11.0,DST,72.5,1.1666666666666667,0.0,357.33333333333326,0.3333333333333333,0.5
6,2014.0,9,Jeff Maehl,0.0,0.0,Texans,0.0,0.0,0.0,0.0,0.0,0.0,0.6666666666666666,WR,0.0,0.0,11.0,1.0,0.0,0.0,0.0,0.0,0.3333333333333333,Texans,0.25,1.25,0.875,Eagles,271.375,20.75,12.125,DST,108.25,1.875,0.0,379.625,0.375,0.625
