,Year,Week,Name,Fumble TD,Fumbles Lost,Opponent_x,Pass 2PT,Pass Attempts,Pass Completions,Pass Interceptions,Pass TD,Pass Yards,Points_x,Position_x,Receiving 2PT,Receiving TD,Receiving Yards,Receptions,Rush 2PT,Rush Attempts,Rush TD,Rush Yards,Away Games_x,Team,Blocks,Fumble Returns,Interception,Opponent_y,Pass Yards Allowed,Point After,Points_y,Position_y,Rush Yards Allowed,Sack,Safety,Total Yards,Touchdowns,Away Games_y
0,2012.0,6,Marlon Moore,0.0,0.0,Rams,0.0,0.0,0.0,0.0,0.0,0.0,10.0,WR,0.0,1.0,46.0,3.0,0.0,0.0,0.0,0.0,0.0,Rams,0.2,0.2,1.6,Dolphins,218.2,18.8,12.0,DST,117.2,3.0,0.0,335.4,0.2,0.4
1,2012.0,8,Marlon Moore,0.0,0.0,Jets,0.0,0.0,0.0,0.0,0.0,0.0,10.0,WR,0.0,1.0,46.0,3.0,0.0,0.0,0.0,0.0,0.0,Jets,0.0,0.7142857142857143,1.0,Dolphins,215.14285714285717,24.285714285714285,10.142857142857142,DST,147.71428571428572,1.4285714285714286,0.0,362.8571428571428,0.5714285714285714,0.42857142857142855
2,2012.0,12,Marlon Moore,0.0,0.0,Seahawks,0.0,0.0,0.0,0.0,0.0,0.0,6.5,WR,0.0,0.5,41.5,2.0,0.0,0.0,0.0,0.0,0.5,Seahawks,0.1,0.7,0.9,Dolphins,196.2,16.1,11.6,DST,100.6,2.8,0.0,296.8,0.1,0.5
3,2012.0,15,Marlon Moore,0.0,0.0,Jaguars,0.0,0.0,0.0,0.0,0.0,0.0,4.333333333333333,WR,0.0,0.3333333333333333,27.66666666666667,1.3333333333333333,0.0,0.3333333333333333,0.0,3.0,0.3333333333333333,Jaguars,0.0,0.7692307692307693,0.7692307692307693,Dolphins,248.84615384615384,27.615384615384613,5.538461538461538,DST,145.69230769230768,1.0769230769230769,0.0,394.5384615384616,0.0,0.4615384615384616
