,Unnamed: 0.1_x,Unnamed: 0.1.1_x,Fumble TD,Fumbles Lost,Name,Opponent_x,Pass 2PT,Pass Attempts,Pass Completions,Pass Interceptions,Pass TD,Pass Yards,Points_x,Position_x,Receiving 2PT,Receiving TD,Receiving Yards,Receptions,Rush 2PT,Rush Attempts,Rush TD,Rush Yards,Week,Year,Unnamed: 0.1_y,Unnamed: 0.1.1_y,Blocks,Fumble Returns,Interception,Opponent_y,Pass Yards Allowed,Point After,Points_y,Position_y,Rush Yards Allowed,Sack,Safety,Team,Total Yards,Touchdowns
0,51,51.0,0.0,0.0,Dwayne Washington,Lions,0.0,0.0,0.0,0.0,0.0,0.0,2.0,RB,0.0,0.0,0.0,0.0,0.0,6.0,0.0,22.0,1,2017.0,6,6.0,0.0,1.0,3.0,Cardinals,263.0,23.0,16.0,DST,45.0,1.0,0.0,Lions,308.0,1.0
1,158,51.0,0.0,0.0,Dwayne Washington,Giants,0.0,0.0,0.0,0.0,0.0,0.0,2.0,RB,0.0,0.0,0.0,0.0,0.0,6.0,0.0,22.0,2,2017.0,51,19.0,0.0,0.0,0.0,Lions,263.0,19.0,5.0,DST,129.0,1.0,0.0,Giants,392.0,0.0
2,641,104.5,0.0,0.0,Dwayne Washington,Lions,0.0,0.0,0.0,0.0,0.0,0.0,1.0,RB,0.0,0.0,0.0,0.0,0.0,4.5,0.0,15.5,8,2017.0,226,85.5,0.0,0.8333333333333334,1.5,Steelers,244.16666666666663,24.83333333333333,14.5,DST,94.33333333333331,2.1666666666666665,0.0,Lions,338.5,0.8333333333333334
3,721,283.3333333333333,0.0,0.0,Dwayne Washington,Packers,0.0,0.0,0.0,0.0,0.0,0.0,1.0,RB,0.0,0.0,1.3333333333333333,0.3333333333333333,0.0,5.0,0.0,14.333333333333336,9,2017.0,260,106.85714285714286,0.14285714285714285,1.0,0.8571428571428571,Lions,223.14285714285717,23.0,8.571428571428571,DST,125.71428571428572,1.7142857142857142,0.0,Packers,348.8571428571428,0.14285714285714285
4,793,392.75,0.0,0.0,Dwayne Washington,Lions,0.0,0.0,0.0,0.0,0.0,0.0,0.75,RB,0.0,0.0,1.0,0.25,0.0,5.0,0.0,11.0,10,2017.0,268,123.5,0.125,0.75,1.25,Browns,251.875,23.25,13.0,DST,89.875,2.0,0.0,Lions,341.75,0.625
