,Year,Week,Name,Fumble TD,Fumbles Lost,Opponent,Pass 2PT,Pass Attempts,Pass Completions,Pass Interceptions,Pass TD,Pass Yards,Points,Position,Receiving 2PT,Receiving TD,Receiving Yards,Receptions,Rush 2PT,Rush Attempts,Rush TD,Rush Yards,Away Games
7234,2015.0,1,Steve Smith,0.0,0.0,Broncos,0.0,0.0,0.0,0.0,0.0,0.0,1.0,WR,0.0,0.0,13.0,2.0,0.0,0.0,0.0,0.0,1.0
7274,2015.0,2,Steve Smith,0.0,0.0,Raiders,0.0,0.0,0.0,0.0,0.0,0.0,1.0,WR,0.0,0.0,13.0,2.0,0.0,0.0,0.0,0.0,1.0
7375,2015.0,3,Steve Smith,0.0,0.0,Bengals,0.0,0.0,0.0,0.0,0.0,0.0,8.0,WR,0.0,0.0,81.5,6.0,0.0,0.0,0.0,0.0,1.0
7557,2015.0,4,Steve Smith,0.0,0.0,Steelers,0.0,0.0,0.0,0.0,0.0,0.0,15.333333333333334,WR,0.0,0.6666666666666666,116.33333333333333,8.333333333333334,0.0,0.0,0.0,0.0,0.6666666666666666
7689,2015.0,6,Steve Smith,0.0,0.0,49ers,0.0,0.0,0.0,0.0,0.0,0.0,12.0,WR,0.0,0.5,93.25,7.25,0.0,0.0,0.0,0.0,0.75
7821,2015.0,7,Steve Smith,0.0,0.0,Cardinals,0.0,0.0,0.0,0.0,0.0,0.0,13.4,WR,0.0,0.6,102.0,7.2,0.0,0.0,0.0,0.0,0.8
7919,2015.0,8,Steve Smith,0.0,0.0,Chargers,0.0,0.0,0.0,0.0,0.0,0.0,12.333333333333334,WR,0.0,0.5,98.0,6.833333333333333,0.0,0.0,0.0,0.0,0.8333333333333334
