,Year,Week,Name,Fumble TD,Fumbles Lost,Opponent_x,Pass 2PT,Pass Attempts,Pass Completions,Pass Interceptions,Pass TD,Pass Yards,Points_x,Position_x,Receiving 2PT,Receiving TD,Receiving Yards,Receptions,Rush 2PT,Rush Attempts,Rush TD,Rush Yards,Away Games_x,Team,Blocks,Fumble Returns,Interception,Opponent_y,Pass Yards Allowed,Point After,Points_y,Position_y,Rush Yards Allowed,Sack,Safety,Total Yards,Touchdowns,Away Games_y
0,2014.0,1,Joseph Fauria,0.0,0.0,Giants,0.0,0.0,0.0,0.0,0.0,0.0,4.0,TE,1.0,0.0,26.0,1.0,0.0,0.0,0.0,0.0,0.0,Giants,0.0,0.0,0.0,Lions,341.0,35.0,1.0,DST,76.0,1.0,0.0,417.0,0.0,1.0
1,2014.0,2,Joseph Fauria,0.0,0.0,Panthers,0.0,0.0,0.0,0.0,0.0,0.0,4.0,TE,1.0,0.0,26.0,1.0,0.0,0.0,0.0,0.0,0.0,Panthers,0.0,1.0,2.0,Lions,162.0,14.0,13.0,DST,102.0,3.0,0.0,264.0,0.0,1.0
2,2014.0,3,Joseph Fauria,0.0,0.0,Packers,0.0,0.0,0.0,0.0,0.0,0.0,3.0,TE,0.5,0.0,23.0,1.0,0.0,0.0,0.0,0.0,0.5,Packers,0.0,0.5,0.5,Lions,178.5,30.0,4.0,DST,177.0,1.5,0.0,355.5,0.0,0.5
3,2014.0,13,Joseph Fauria,0.0,0.0,Bears,0.0,0.0,0.0,0.0,0.0,0.0,2.0,TE,0.3333333333333333,0.0,16.333333333333332,1.0,0.0,0.0,0.0,0.0,0.3333333333333333,Bears,0.18181818181818185,0.6363636363636364,1.0,Lions,260.45454545454544,27.54545454545455,10.0,DST,106.9090909090909,2.4545454545454546,0.0,367.3636363636364,0.18181818181818185,0.5454545454545454
4,2014.0,14,Joseph Fauria,0.0,0.0,Buccaneers,0.0,0.0,0.0,0.0,0.0,0.0,1.5,TE,0.25,0.0,14.25,1.0,0.0,0.0,0.0,0.0,0.25,Buccaneers,0.08333333333333333,0.6666666666666666,0.9166666666666666,Lions,245.25,26.16666666666667,9.25,DST,116.0,2.1666666666666665,0.0,361.25,0.25,0.5
