,Year,Week,Name,Fumble TD,Fumbles Lost,Opponent_x,Pass 2PT,Pass Attempts,Pass Completions,Pass Interceptions,Pass TD,Pass Yards,Points_x,Position_x,Receiving 2PT,Receiving TD,Receiving Yards,Receptions,Rush 2PT,Rush Attempts,Rush TD,Rush Yards,Away Games_x,Team,Blocks,Fumble Returns,Interception,Opponent_y,Pass Yards Allowed,Point After,Points_y,Position_y,Rush Yards Allowed,Sack,Safety,Total Yards,Touchdowns,Away Games_y
0,2012.0,8,Drew Davis,0.0,0.0,Eagles,0.0,0.0,0.0,0.0,0.0,0.0,9.0,WR,0.0,1.0,30.0,2.0,0.0,0.0,0.0,0.0,1.0,Eagles,0.0,0.16666666666666666,1.1666666666666667,Falcons,226.33333333333331,20.83333333333333,6.333333333333332,DST,104.5,1.1666666666666667,0.0,330.8333333333333,0.0,0.5
1,2012.0,11,Drew Davis,0.0,0.0,Cardinals,0.0,0.0,0.0,0.0,0.0,0.0,9.0,WR,0.0,1.0,30.0,2.0,0.0,0.0,0.0,0.0,1.0,Cardinals,0.2222222222222222,0.7777777777777778,1.0,Falcons,194.55555555555557,19.222222222222218,10.888888888888891,DST,126.11111111111113,3.0,0.0,320.6666666666667,0.1111111111111111,0.4444444444444444
2,2012.0,14,Drew Davis,0.0,0.0,Panthers,0.0,0.0,0.0,0.0,0.0,0.0,4.5,WR,0.0,0.5,17.0,1.5,0.0,0.0,0.0,0.0,0.5,Panthers,0.0,0.8333333333333334,0.6666666666666666,Falcons,218.91666666666663,24.33333333333333,9.5,DST,128.83333333333334,2.333333333333333,0.08333333333333333,347.75,0.3333333333333333,0.5
