,Unnamed: 0.1_x,Unnamed: 0.1.1_x,Fumble TD,Fumbles Lost,Name,Opponent_x,Pass 2PT,Pass Attempts,Pass Completions,Pass Interceptions,Pass TD,Pass Yards,Points_x,Position_x,Receiving 2PT,Receiving TD,Receiving Yards,Receptions,Rush 2PT,Rush Attempts,Rush TD,Rush Yards,Week,Year,Unnamed: 0.1_y,Unnamed: 0.1.1_y,Blocks,Fumble Returns,Interception,Opponent_y,Pass Yards Allowed,Point After,Points_y,Position_y,Rush Yards Allowed,Sack,Safety,Team,Total Yards,Touchdowns
0,311,311.0,0.0,0.0,Anthony Fasano,Dolphins,0.0,0.0,0.0,0.0,0.0,0.0,8.0,TE,0.0,1.0,25.0,3.0,0.0,0.0,0.0,0.0,7,2017.0,196,107.4,0.0,0.6,0.2,Jets,235.0,16.8,9.8,DST,80.4,2.4,0.0,Dolphins,315.4,0.2
1,392,311.0,0.0,0.0,Anthony Fasano,Ravens,0.0,0.0,0.0,0.0,0.0,0.0,8.0,TE,0.0,1.0,25.0,3.0,0.0,0.0,0.0,0.0,8,2017.0,212,104.85714285714286,0.0,0.7142857142857143,1.4285714285714286,Dolphins,189.28571428571428,21.142857142857142,12.571428571428573,DST,145.28571428571428,2.2857142857142856,0.0,Ravens,334.57142857142856,0.42857142857142855
2,441,351.5,0.0,0.0,Anthony Fasano,Dolphins,0.0,0.0,0.0,0.0,0.0,0.0,4.5,TE,0.0,0.5,18.0,2.5,0.0,0.0,0.0,0.0,9,2017.0,257,138.42857142857142,0.14285714285714285,0.5714285714285714,0.2857142857142857,Raiders,210.85714285714286,21.714285714285715,8.285714285714286,DST,95.42857142857143,2.142857142857143,0.0,Dolphins,306.2857142857143,0.14285714285714285
3,618,381.33333333333326,0.0,0.0,Anthony Fasano,Dolphins,0.0,0.0,0.0,0.0,0.0,0.0,3.0,TE,0.0,0.3333333333333333,15.0,2.333333333333333,0.0,0.0,0.0,0.0,13,2017.0,352,196.8181818181818,0.09090909090909093,0.5454545454545454,0.3636363636363637,Broncos,228.54545454545453,26.272727272727273,6.909090909090909,DST,117.72727272727272,1.6363636363636365,0.0,Dolphins,346.27272727272725,0.18181818181818185
