,Year,Week,Name,Fumble TD,Fumbles Lost,Opponent_x,Pass 2PT,Pass Attempts,Pass Completions,Pass Interceptions,Pass TD,Pass Yards,Points_x,Position_x,Receiving 2PT,Receiving TD,Receiving Yards,Receptions,Rush 2PT,Rush Attempts,Rush TD,Rush Yards,Away Games_x,Team,Blocks,Fumble Returns,Interception,Opponent_y,Pass Yards Allowed,Point After,Points_y,Position_y,Rush Yards Allowed,Sack,Safety,Total Yards,Touchdowns,Away Games_y
0,2016.0,13,Paul Turner,0.0,0.0,Bengals,0.0,0.0,0.0,0.0,0.0,0.0,8.0,WR,0.0,0.0,80.0,6.0,0.0,0.0,0.0,0.0,1.0,Bengals,0.18181818181818185,0.2727272727272727,1.0,Eagles,246.0,22.272727272727273,7.090909090909091,DST,120.54545454545456,1.9090909090909087,0.09090909090909093,366.54545454545456,0.0,0.5454545454545454
1,2016.0,14,Paul Turner,0.0,0.0,Redskins,0.0,0.0,0.0,0.0,0.0,0.0,8.0,WR,0.0,0.0,80.0,6.0,0.0,0.0,0.0,0.0,1.0,Redskins,0.0,0.5833333333333334,0.5833333333333334,Eagles,255.25,24.58333333333333,7.583333333333332,DST,114.33333333333331,2.5,0.0,369.58333333333326,0.08333333333333333,0.5
2,2016.0,17,Paul Turner,0.0,0.0,Cowboys,0.0,0.0,0.0,0.0,0.0,0.0,4.5,WR,0.0,0.0,48.0,3.5,0.0,0.0,0.0,0.0,0.5,Cowboys,0.0,0.7333333333333333,0.6,Eagles,262.3333333333333,18.6,8.266666666666667,DST,81.46666666666667,2.2666666666666666,0.0,343.8,0.0,0.4666666666666667
