,Year,Week,Name,Fumble TD,Fumbles Lost,Opponent_x,Pass 2PT,Pass Attempts,Pass Completions,Pass Interceptions,Pass TD,Pass Yards,Points_x,Position_x,Receiving 2PT,Receiving TD,Receiving Yards,Receptions,Rush 2PT,Rush Attempts,Rush TD,Rush Yards,Away Games_x,Team,Blocks,Fumble Returns,Interception,Opponent_y,Pass Yards Allowed,Point After,Points_y,Position_y,Rush Yards Allowed,Sack,Safety,Total Yards,Touchdowns,Away Games_y
0,2015.0,11,Demetrius Harris,0.0,0.0,Chargers,0.0,0.0,0.0,0.0,0.0,0.0,1.0,TE,0.0,0.0,15.0,2.0,0.0,0.0,0.0,0.0,1.0,Chargers,0.0,0.4444444444444444,0.5555555555555556,Chiefs,249.22222222222226,27.66666666666667,5.0,DST,122.88888888888887,1.7777777777777777,0.0,372.11111111111114,0.1111111111111111,0.4444444444444444
1,2015.0,14,Demetrius Harris,0.0,0.0,Chargers,0.0,0.0,0.0,0.0,0.0,0.0,1.5,TE,0.0,0.0,20.5,2.0,0.0,0.0,0.0,0.0,1.0,Chargers,0.0,0.3333333333333333,0.5833333333333334,Chiefs,246.0,27.0,5.0,DST,124.58333333333331,1.8333333333333333,0.0,370.58333333333326,0.08333333333333333,0.4166666666666667
2,2015.0,17,Demetrius Harris,0.0,0.0,Raiders,0.0,0.0,0.0,0.0,0.0,0.0,1.3333333333333333,TE,0.0,0.0,19.666666666666668,2.0,0.0,0.0,0.0,0.0,0.6666666666666666,Raiders,0.3333333333333333,0.7333333333333333,0.8,Chiefs,266.0,25.066666666666666,8.4,DST,99.26666666666668,2.466666666666667,0.13333333333333333,365.26666666666665,0.0,0.4666666666666667
