,Year,Week,Name,Fumble TD,Fumbles Lost,Opponent,Pass 2PT,Pass Attempts,Pass Completions,Pass Interceptions,Pass TD,Pass Yards,Points,Position,Receiving 2PT,Receiving TD,Receiving Yards,Receptions,Rush 2PT,Rush Attempts,Rush TD,Rush Yards,Away Games
4454,2016.0,7,Tyler Eifert,0.0,0.0,Browns,0.0,0.0,0.0,0.0,0.0,0.0,0.0,TE,0.0,0.0,9.0,1.0,0.0,0.0,0.0,0.0,0.0
4462,2016.0,8,Tyler Eifert,0.0,0.0,Redskins,0.0,0.0,0.0,0.0,0.0,0.0,0.0,TE,0.0,0.0,9.0,1.0,0.0,0.0,0.0,0.0,0.0
4558,2016.0,10,Tyler Eifert,0.0,0.0,Giants,0.0,0.0,0.0,0.0,0.0,0.0,8.0,TE,0.0,0.5,55.5,5.0,0.0,0.0,0.0,0.0,0.0
4619,2016.0,11,Tyler Eifert,0.0,0.0,Bills,0.0,0.0,0.0,0.0,0.0,0.0,8.333333333333334,TE,0.0,0.3333333333333333,69.0,4.333333333333333,0.0,0.0,0.0,0.0,0.3333333333333333
4643,2016.0,12,Tyler Eifert,0.0,0.0,Ravens,0.0,0.0,0.0,0.0,0.0,0.0,7.0,TE,0.0,0.25,61.0,4.0,0.0,0.0,0.0,0.0,0.25
4700,2016.0,13,Tyler Eifert,0.0,0.0,Eagles,0.0,0.0,0.0,0.0,0.0,0.0,8.0,TE,0.0,0.4,62.4,4.2,0.0,0.0,0.0,0.0,0.4
4739,2016.0,14,Tyler Eifert,0.0,0.0,Browns,0.0,0.0,0.0,0.0,0.0,0.0,8.0,TE,0.0,0.5,56.166666666666664,3.8333333333333335,0.0,0.0,0.0,0.0,0.3333333333333333
4843,2016.0,15,Tyler Eifert,0.0,0.0,Steelers,0.0,0.0,0.0,0.0,0.0,0.0,9.142857142857142,TE,0.0,0.7142857142857143,55.0,4.0,0.0,0.0,0.0,0.0,0.42857142857142855
