,Unnamed: 0.1_x,Unnamed: 0.1.1_x,Fumble TD,Fumbles Lost,Name,Opponent_x,Pass 2PT,Pass Attempts,Pass Completions,Pass Interceptions,Pass TD,Pass Yards,Points_x,Position_x,Receiving 2PT,Receiving TD,Receiving Yards,Receptions,Rush 2PT,Rush Attempts,Rush TD,Rush Yards,Week,Year,Unnamed: 0.1_y,Unnamed: 0.1.1_y,Blocks,Fumble Returns,Interception,Opponent_y,Pass Yards Allowed,Point After,Points_y,Position_y,Rush Yards Allowed,Sack,Safety,Team,Total Yards,Touchdowns
0,30,30.0,0.0,0.0,Terrelle Pryor,Redskins,0.0,0.0,0.0,0.0,0.0,0.0,6.0,WR,0.0,0.0,66.0,6.0,0.0,0.0,0.0,0.0,1,2017.0,10,10.0,0.0,1.0,1.0,Eagles,298.0,30.0,12.0,DST,58.0,2.0,0.0,Redskins,356.0,1.0
1,158,30.0,0.0,0.0,Terrelle Pryor,Rams,0.0,0.0,0.0,0.0,0.0,0.0,6.0,WR,0.0,0.0,66.0,6.0,0.0,0.0,0.0,0.0,2,2017.0,58,1.0,0.0,1.0,2.0,Redskins,150.0,9.0,31.0,DST,75.0,4.0,1.0,Rams,225.0,2.0
2,308,94.0,0.0,0.0,Terrelle Pryor,Redskins,0.0,0.0,0.0,0.0,0.0,0.0,4.5,WR,0.0,0.0,48.5,4.0,0.0,0.0,0.0,0.0,3,2017.0,64,28.5,0.0,1.0,1.0,Raiders,266.5,25.0,11.0,DST,77.5,2.0,0.0,Redskins,344.0,0.5
3,350,165.33333333333334,0.0,0.0,Terrelle Pryor,Chiefs,0.0,0.0,0.0,0.0,0.0,0.0,3.333333333333333,WR,0.0,0.0,38.66666666666666,3.333333333333333,0.0,0.0,0.0,0.0,4,2017.0,103,42.0,0.0,0.3333333333333333,1.3333333333333333,Redskins,257.3333333333333,19.0,11.0,DST,111.66666666666669,3.6666666666666665,0.0,Chiefs,369.0,0.0
4,622,211.5,0.0,0.0,Terrelle Pryor,Redskins,0.0,0.0,0.0,0.0,0.0,0.0,5.75,WR,0.0,0.25,46.5,3.25,0.0,0.0,0.0,0.0,6,2017.0,177,60.0,0.0,0.75,1.0,49ers,222.5,22.25,10.75,DST,88.75,3.0,0.0,Redskins,311.25,0.25
5,746,293.6,0.0,0.0,Terrelle Pryor,Eagles,0.0,0.0,0.0,0.0,0.0,0.0,5.0,WR,0.0,0.2,41.8,3.2,0.0,0.0,0.0,0.0,7,2017.0,199,92.66666666666669,0.16666666666666666,0.8333333333333334,1.0,Redskins,273.5,20.33333333333333,9.833333333333334,DST,65.66666666666667,2.333333333333333,0.0,Eagles,339.1666666666667,0.16666666666666666
6,937,369.0,0.0,0.0,Terrelle Pryor,Steelers,0.0,0.0,0.0,0.0,0.0,0.0,4.333333333333333,WR,0.0,0.16666666666666666,37.16666666666666,3.0,0.0,0.0,0.0,0.0,9,2017.0,244,115.0,0.06666666666666668,0.6,1.0,Redskins,196.8,17.533333333333335,12.133333333333333,DST,111.8,2.8666666666666667,0.06666666666666668,Steelers,308.6,0.26666666666666666
