,Year,Week,Name,Fumble TD,Fumbles Lost,Opponent,Pass 2PT,Pass Attempts,Pass Completions,Pass Interceptions,Pass TD,Pass Yards,Points,Position,Receiving 2PT,Receiving TD,Receiving Yards,Receptions,Rush 2PT,Rush Attempts,Rush TD,Rush Yards,Away Games
1878,2016.0,6,MarQueis Gray,0.0,0.0,Steelers,0.0,0.0,0.0,0.0,0.0,0.0,8.0,RB,0.0,0.0,81.0,3.0,0.0,0.0,0.0,0.0,0.0
2143,2016.0,9,MarQueis Gray,0.0,0.0,Jets,0.0,0.0,0.0,0.0,0.0,0.0,8.0,RB,0.0,0.0,81.0,3.0,0.0,0.0,0.0,0.0,0.0
2219,2016.0,10,MarQueis Gray,0.0,0.0,Chargers,0.0,0.0,0.0,0.0,0.0,0.0,4.5,RB,0.0,0.0,45.5,2.5,0.0,0.0,0.0,0.0,0.0
2306,2016.0,11,MarQueis Gray,0.0,0.0,LA,0.0,0.0,0.0,0.0,0.0,0.0,3.3333333333333335,RB,0.0,0.0,36.333333333333336,2.3333333333333335,0.0,0.0,0.0,0.0,0.3333333333333333
2375,2016.0,12,MarQueis Gray,0.0,0.0,49ers,0.0,0.0,0.0,0.0,0.0,0.0,2.5,RB,0.0,0.0,28.5,2.0,0.0,0.0,0.0,0.0,0.5
2617,2016.0,15,MarQueis Gray,0.0,0.0,Jets,0.0,0.0,0.0,0.0,0.0,0.0,2.2,RB,0.0,0.0,25.2,2.0,0.0,0.0,0.0,0.0,0.4
2710,2016.0,16,MarQueis Gray,0.0,0.0,Bills,0.0,0.0,0.0,0.0,0.0,0.0,2.1666666666666665,RB,0.0,0.0,25.666666666666668,2.1666666666666665,0.0,0.0,0.0,0.0,0.5
