,Year,Week,Name,Fumble TD,Fumbles Lost,Opponent_x,Pass 2PT,Pass Attempts,Pass Completions,Pass Interceptions,Pass TD,Pass Yards,Points_x,Position_x,Receiving 2PT,Receiving TD,Receiving Yards,Receptions,Rush 2PT,Rush Attempts,Rush TD,Rush Yards,Away Games_x,Team,Blocks,Fumble Returns,Interception,Opponent_y,Pass Yards Allowed,Point After,Points_y,Position_y,Rush Yards Allowed,Sack,Safety,Total Yards,Touchdowns,Away Games_y
0,2015.0,3,Chris Conley,0.0,0.0,Packers,0.0,0.0,0.0,0.0,0.0,0.0,1.0,WR,0.0,0.0,16.0,1.0,0.0,0.0,0.0,0.0,1.0,Packers,0.0,0.5,1.0,Chiefs,209.0,20.0,7.5,DST,154.0,2.0,0.0,363.0,0.0,0.5
1,2015.0,4,Chris Conley,0.0,0.0,Bengals,0.0,0.0,0.0,0.0,0.0,0.0,1.0,WR,0.0,0.0,16.0,1.0,0.0,0.0,0.0,0.0,1.0,Bengals,0.0,1.0,1.0,Chiefs,256.0,18.666666666666668,10.0,DST,76.66666666666667,2.0,0.0,332.6666666666667,0.0,0.6666666666666666
2,2015.0,5,Chris Conley,0.0,0.0,Bears,0.0,0.0,0.0,0.0,0.0,0.0,3.0,WR,0.0,0.0,34.5,1.5,0.0,0.0,0.0,0.0,1.0,Bears,0.0,0.5,0.5,Chiefs,189.75,31.25,4.75,DST,119.25,1.5,0.0,309.0,0.0,0.25
3,2015.0,7,Chris Conley,0.0,0.0,Steelers,0.0,0.0,0.0,0.0,0.0,0.0,1.75,WR,0.0,0.0,22.75,1.75,0.0,0.0,0.0,0.0,0.75,Steelers,0.0,0.6666666666666666,0.8333333333333334,Chiefs,283.1666666666667,18.0,11.166666666666664,DST,93.33333333333331,2.833333333333333,0.0,376.5,0.16666666666666666,0.5
4,2015.0,8,Chris Conley,0.0,0.0,Lions,0.0,0.0,0.0,0.0,0.0,0.0,3.8,WR,0.0,0.2,30.8,2.6,0.0,0.0,0.0,0.0,0.6,Lions,0.0,1.0,0.5714285714285714,Chiefs,268.85714285714283,28.57142857142857,8.857142857142858,DST,123.42857142857143,2.4285714285714284,0.14285714285714285,392.28571428571433,0.2857142857142857,0.42857142857142855
5,2015.0,11,Chris Conley,0.0,0.0,Chargers,0.0,0.0,0.0,0.0,0.0,0.0,3.1666666666666665,WR,0.0,0.16666666666666666,26.66666666666667,2.333333333333333,0.0,0.0,0.0,0.0,0.5,Chargers,0.0,0.4444444444444444,0.5555555555555556,Chiefs,249.22222222222226,27.66666666666667,5.0,DST,122.88888888888887,1.7777777777777777,0.0,372.11111111111114,0.1111111111111111,0.4444444444444444
6,2015.0,17,Chris Conley,0.0,0.0,Raiders,0.0,0.0,0.0,0.0,0.0,0.0,2.8571428571428568,WR,0.0,0.14285714285714285,25.285714285714285,2.142857142857143,0.0,0.0,0.0,0.0,0.5714285714285714,Raiders,0.3333333333333333,0.7333333333333333,0.8,Chiefs,266.0,25.066666666666666,8.4,DST,99.26666666666668,2.466666666666667,0.13333333333333333,365.26666666666665,0.0,0.4666666666666667
