,Unnamed: 0.1_x,Unnamed: 0.1.1_x,Fumble TD,Fumbles Lost,Name,Opponent_x,Pass 2PT,Pass Attempts,Pass Completions,Pass Interceptions,Pass TD,Pass Yards,Points_x,Position_x,Receiving 2PT,Receiving TD,Receiving Yards,Receptions,Rush 2PT,Rush Attempts,Rush TD,Rush Yards,Week,Year,Unnamed: 0.1_y,Unnamed: 0.1.1_y,Blocks,Fumble Returns,Interception,Opponent_y,Pass Yards Allowed,Point After,Points_y,Position_y,Rush Yards Allowed,Sack,Safety,Team,Total Yards,Touchdowns
0,348,348.0,0.0,0.0,Elijhaa Penny,Cardinals,0.0,0.0,0.0,0.0,0.0,0.0,0.0,RB,0.0,0.0,0.0,0.0,0.0,1.0,0.0,1.0,4,2017.0,107,45.66666666666666,0.0,0.0,0.6666666666666666,49ers,216.33333333333331,25.33333333333333,7.666666666666668,DST,85.66666666666667,2.0,0.0,Cardinals,302.0,0.3333333333333333
1,428,348.0,0.0,0.0,Elijhaa Penny,Eagles,0.0,0.0,0.0,0.0,0.0,0.0,0.0,RB,0.0,0.0,0.0,0.0,0.0,1.0,0.0,1.0,5,2017.0,131,64.25,0.0,1.0,0.75,Cardinals,285.0,23.0,9.25,DST,70.75,2.5,0.0,Eagles,355.75,0.25
2,1012,388.0,0.0,0.0,Elijhaa Penny,Cardinals,0.0,0.0,0.0,0.0,0.0,0.0,0.0,RB,0.0,0.0,3.0,0.5,0.0,0.5,0.0,0.5,13,2017.0,377,175.54545454545453,0.0,0.3636363636363637,0.9090909090909092,Rams,232.45454545454547,25.272727272727273,7.363636363636362,DST,100.36363636363636,2.4545454545454546,0.0,Cardinals,332.8181818181818,0.09090909090909093
