,Year,Week,Name,Fumble TD,Fumbles Lost,Opponent,Pass 2PT,Pass Attempts,Pass Completions,Pass Interceptions,Pass TD,Pass Yards,Points,Position,Receiving 2PT,Receiving TD,Receiving Yards,Receptions,Rush 2PT,Rush Attempts,Rush TD,Rush Yards,Away Games
10791,2014.0,1,Brian Quick,0.0,0.0,Min,0.0,0.0,0.0,0.0,0.0,0.0,9.0,WR,0.0,0.0,99.0,7.0,0.0,0.0,0.0,0.0,0.0
10901,2014.0,2,Brian Quick,0.0,0.0,Buccaneers,0.0,0.0,0.0,0.0,0.0,0.0,9.0,WR,0.0,0.0,99.0,7.0,0.0,0.0,0.0,0.0,0.0
11007,2014.0,3,Brian Quick,0.0,0.0,Cowboys,0.0,0.0,0.0,0.0,0.0,0.0,8.0,WR,0.0,0.0,86.5,7.0,0.0,0.0,0.0,0.0,0.5
11217,2014.0,5,Brian Quick,0.0,0.0,Eagles,0.0,0.0,0.0,0.0,0.0,0.0,9.333333333333334,WR,0.0,0.3333333333333333,78.33333333333333,5.333333333333333,0.0,0.0,0.0,0.0,0.3333333333333333
11418,2014.0,6,Brian Quick,0.0,0.0,49ers,0.0,0.0,0.0,0.0,0.0,0.0,12.0,WR,0.0,0.75,80.5,5.25,0.0,0.0,0.0,0.0,0.5
11509,2014.0,7,Brian Quick,0.0,0.0,Seahawks,0.0,0.0,0.0,0.0,0.0,0.0,9.8,WR,0.0,0.6,66.4,4.4,0.0,0.0,0.0,0.0,0.4
11636,2014.0,8,Brian Quick,0.0,0.0,Chiefs,0.0,0.0,0.0,0.0,0.0,0.0,8.666666666666666,WR,0.0,0.5,60.833333333333336,4.0,0.0,0.0,0.0,0.0,0.3333333333333333
