,Year,Week,Name,Fumble TD,Fumbles Lost,Opponent_x,Pass 2PT,Pass Attempts,Pass Completions,Pass Interceptions,Pass TD,Pass Yards,Points_x,Position_x,Receiving 2PT,Receiving TD,Receiving Yards,Receptions,Rush 2PT,Rush Attempts,Rush TD,Rush Yards,Away Games_x,Team,Blocks,Fumble Returns,Interception,Opponent_y,Pass Yards Allowed,Point After,Points_y,Position_y,Rush Yards Allowed,Sack,Safety,Total Yards,Touchdowns,Away Games_y
0,2014.0,2,Brian Quick,0.0,0.0,Buccaneers,0.0,0.0,0.0,0.0,0.0,0.0,9.0,WR,0.0,0.0,99.0,7.0,0.0,0.0,0.0,0.0,0.0,Buccaneers,0.0,0.0,0.0,Rams,221.0,20.0,5.0,DST,113.0,1.0,0.0,334.0,0.0,0.0
1,2014.0,3,Brian Quick,0.0,0.0,Cowboys,0.0,0.0,0.0,0.0,0.0,0.0,8.0,WR,0.0,0.0,86.5,7.0,0.0,0.0,0.0,0.0,0.5,Cowboys,0.0,0.0,1.0,Rams,212.0,19.0,7.0,DST,104.5,1.5,0.0,316.5,0.0,0.5
2,2014.0,5,Brian Quick,0.0,0.0,Eagles,0.0,0.0,0.0,0.0,0.0,0.0,9.333333333333334,WR,0.0,0.3333333333333333,78.33333333333333,5.333333333333333,0.0,0.0,0.0,0.0,0.3333333333333333,Eagles,0.5,0.5,0.75,Rams,257.5,26.0,14.25,DST,133.75,1.75,0.0,391.25,1.25,0.5
3,2014.0,6,Brian Quick,0.0,0.0,49ers,0.0,0.0,0.0,0.0,0.0,0.0,12.0,WR,0.0,0.75,80.5,5.25,0.0,0.0,0.0,0.0,0.5,49ers,0.2,0.8,1.2,Rams,205.6,21.2,8.6,DST,77.2,1.0,0.0,282.8,0.2,0.4
4,2014.0,7,Brian Quick,0.0,0.0,Seahawks,0.0,0.0,0.0,0.0,0.0,0.0,9.8,WR,0.0,0.6,66.4,4.4,0.0,0.0,0.0,0.0,0.4,Seahawks,0.2,0.6,0.4,Rams,252.2,22.6,7.8,DST,82.2,1.4,0.2,334.4,0.2,0.4
5,2014.0,8,Brian Quick,0.0,0.0,Chiefs,0.0,0.0,0.0,0.0,0.0,0.0,8.666666666666666,WR,0.0,0.5,60.83333333333334,4.0,0.0,0.0,0.0,0.0,0.3333333333333333,Chiefs,0.0,0.16666666666666666,0.5,Rams,209.0,20.166666666666668,7.666666666666668,DST,117.66666666666669,2.833333333333333,0.0,326.6666666666667,0.16666666666666666,0.6666666666666666
