,Year,Week,Name,Fumble TD,Fumbles Lost,Opponent,Pass 2PT,Pass Attempts,Pass Completions,Pass Interceptions,Pass TD,Pass Yards,Points,Position,Receiving 2PT,Receiving TD,Receiving Yards,Receptions,Rush 2PT,Rush Attempts,Rush TD,Rush Yards,Away Games
26,2013.0,1,Josh Freeman,0.0,0.0,Jets,0.0,31.0,15.0,1.0,1.0,210.0,12.0,QB,0.0,0.0,0.0,0.0,0.0,1.0,0.0,0.0,1.0
63,2013.0,2,Josh Freeman,0.0,0.0,Saints,0.0,31.0,15.0,1.0,1.0,210.0,12.0,QB,0.0,0.0,0.0,0.0,0.0,1.0,0.0,0.0,1.0
94,2013.0,3,Josh Freeman,0.0,0.5,Patriots,0.0,26.5,12.0,1.0,1.0,167.5,10.5,QB,0.0,0.0,0.0,0.0,0.0,2.0,0.0,8.0,0.5
234,2013.0,7,Josh Freeman,0.0,0.3333333333333333,Giants,0.0,31.333333333333332,14.333333333333334,1.0,0.6666666666666666,190.33333333333334,9.333333333333334,QB,0.0,0.0,0.0,0.0,0.0,1.6666666666666667,0.0,6.666666666666667,0.6666666666666666
