,Year,Week,Name,Fumble TD,Fumbles Lost,Opponent,Pass 2PT,Pass Attempts,Pass Completions,Pass Interceptions,Pass TD,Pass Yards,Points,Position,Receiving 2PT,Receiving TD,Receiving Yards,Receptions,Rush 2PT,Rush Attempts,Rush TD,Rush Yards,Away Games
76,2011.0,1,Michael Robinson,0.0,0.0,49ers,0.0,0.0,0.0,0.0,0.0,0.0,0.0,RB,0.0,0.0,0.0,0.0,0.0,1.0,0.0,2.0,1.0
346,2011.0,4,Michael Robinson,0.0,0.0,Falcons,0.0,0.0,0.0,0.0,0.0,0.0,0.0,RB,0.0,0.0,0.0,0.0,0.0,1.0,0.0,2.0,1.0
437,2011.0,5,Michael Robinson,0.0,0.0,Giants,0.0,0.0,0.0,0.0,0.0,0.0,0.0,RB,0.0,0.0,3.5,0.5,0.0,0.5,0.0,1.0,0.5
623,2011.0,8,Michael Robinson,0.0,0.3333333333333333,Bengals,0.0,0.0,0.0,0.0,0.0,0.0,-0.3333333333333333,RB,0.0,0.0,2.3333333333333335,0.3333333333333333,0.0,1.3333333333333333,0.0,2.3333333333333335,0.6666666666666666
875,2011.0,11,Michael Robinson,0.0,0.25,Rams,0.0,0.0,0.0,0.0,0.0,0.0,0.0,RB,0.0,0.0,4.5,0.5,0.0,1.0,0.0,1.75,0.5
967,2011.0,12,Michael Robinson,0.0,0.2,Redskins,0.0,0.0,0.0,0.0,0.0,0.0,0.0,RB,0.0,0.0,4.8,0.6,0.0,0.8,0.0,1.4,0.6
1018,2011.0,13,Michael Robinson,0.0,0.16666666666666666,Eagles,0.0,0.0,0.0,0.0,0.0,0.0,0.0,RB,0.0,0.0,5.166666666666667,0.6666666666666666,0.0,0.6666666666666666,0.0,1.1666666666666667,0.5
1203,2011.0,15,Michael Robinson,0.0,0.14285714285714285,Bears,0.0,0.0,0.0,0.0,0.0,0.0,0.5714285714285714,RB,0.0,0.0,10.285714285714286,1.1428571428571428,0.0,0.5714285714285714,0.0,1.0,0.42857142857142855
