,Year,Week,Name,Fumble TD,Fumbles Lost,Opponent_x,Pass 2PT,Pass Attempts,Pass Completions,Pass Interceptions,Pass TD,Pass Yards,Points_x,Position_x,Receiving 2PT,Receiving TD,Receiving Yards,Receptions,Rush 2PT,Rush Attempts,Rush TD,Rush Yards,Away Games_x,Team,Blocks,Fumble Returns,Interception,Opponent_y,Pass Yards Allowed,Point After,Points_y,Position_y,Rush Yards Allowed,Sack,Safety,Total Yards,Touchdowns,Away Games_y
0,2014.0,5,Ace Sanders,0.0,0.0,Steelers,0.0,0.0,0.0,0.0,0.0,0.0,1.0,WR,0.0,0.0,12.0,2.0,0.0,0.0,0.0,0.0,0.0,Steelers,0.0,0.5,0.25,Jaguars,239.5,24.75,6.5,DST,113.25,1.75,0.0,352.75,0.25,0.5
1,2014.0,7,Ace Sanders,0.0,0.0,Browns,0.0,0.0,0.0,0.0,0.0,0.0,1.0,WR,0.0,0.0,12.0,2.0,0.0,0.0,0.0,0.0,0.0,Browns,0.2,0.2,0.8,Jaguars,259.6,23.0,7.8,DST,149.6,2.0,0.2,409.2,0.2,0.4
2,2014.0,10,Ace Sanders,0.0,0.0,Cowboys,0.0,0.0,0.0,0.0,0.0,0.0,0.5,WR,0.0,0.0,6.0,1.5,0.0,0.0,0.0,0.0,0.0,Cowboys,0.0,0.5555555555555556,1.0,Jaguars,237.33333333333331,21.66666666666667,8.11111111111111,DST,113.22222222222223,1.3333333333333333,0.0,350.5555555555556,0.2222222222222222,0.3333333333333333
3,2014.0,14,Ace Sanders,0.0,0.3333333333333333,Texans,0.0,0.0,0.0,0.0,0.0,0.0,0.3333333333333333,WR,0.0,0.0,7.333333333333332,1.3333333333333333,0.0,0.0,0.0,0.0,0.0,Texans,0.16666666666666666,1.0833333333333333,1.25,Jaguars,270.3333333333333,20.58333333333333,12.5,DST,111.91666666666669,2.083333333333333,0.0,382.25,0.4166666666666667,0.5
4,2014.0,17,Ace Sanders,0.0,0.25,Texans,0.0,0.0,0.0,0.0,0.0,0.0,0.25,WR,0.0,0.0,7.75,1.25,0.0,0.0,0.0,0.0,0.0,Texans,0.13333333333333333,0.9333333333333332,1.3333333333333333,Jaguars,251.86666666666667,19.33333333333333,12.933333333333335,DST,104.0,2.2,0.0,355.86666666666673,0.4,0.5333333333333333
