,Year,Week,Name,Fumble TD,Fumbles Lost,Opponent_x,Pass 2PT,Pass Attempts,Pass Completions,Pass Interceptions,Pass TD,Pass Yards,Points_x,Position_x,Receiving 2PT,Receiving TD,Receiving Yards,Receptions,Rush 2PT,Rush Attempts,Rush TD,Rush Yards,Away Games_x,Team,Blocks,Fumble Returns,Interception,Opponent_y,Pass Yards Allowed,Point After,Points_y,Position_y,Rush Yards Allowed,Sack,Safety,Total Yards,Touchdowns,Away Games_y
0,2014.0,4,Vincent Brown,0.0,0.0,Dolphins,0.0,0.0,0.0,0.0,0.0,0.0,2.0,WR,0.0,0.0,22.0,3.0,0.0,0.0,0.0,0.0,0.0,Dolphins,0.3333333333333333,1.3333333333333333,0.0,Raiders,198.66666666666663,27.66666666666667,8.333333333333334,DST,125.33333333333331,3.0,0.3333333333333333,324.0,0.0,0.3333333333333333
1,2014.0,10,Vincent Brown,0.0,0.0,Broncos,0.0,0.0,0.0,0.0,0.0,0.0,2.0,WR,0.0,0.0,22.0,3.0,0.0,0.0,0.0,0.0,0.0,Broncos,0.125,0.125,1.0,Raiders,254.0,23.125,8.875,DST,71.625,3.0,0.125,325.625,0.125,0.375
2,2014.0,12,Vincent Brown,0.0,0.0,Chiefs,0.0,0.0,0.0,0.0,0.0,0.0,2.0,WR,0.0,0.0,21.0,3.0,0.0,0.0,0.0,0.0,0.0,Chiefs,0.0,0.3,0.4,Raiders,201.6,17.1,9.6,DST,124.4,3.0,0.0,326.0,0.2,0.5
3,2014.0,13,Vincent Brown,0.0,0.0,Rams,0.0,0.0,0.0,0.0,0.0,0.0,2.333333333333333,WR,0.0,0.0,24.0,2.6666666666666665,0.0,0.0,0.0,0.0,0.0,Rams,0.18181818181818185,0.8181818181818182,0.6363636363636364,Raiders,250.9090909090909,25.90909090909091,8.727272727272727,DST,115.8181818181818,2.0,0.0,366.7272727272728,0.2727272727272727,0.5454545454545454
4,2014.0,14,Vincent Brown,0.0,0.0,49ers,0.0,0.0,0.0,0.0,0.0,0.0,2.0,WR,0.0,0.0,20.5,2.25,0.0,0.0,0.0,0.0,0.25,49ers,0.08333333333333333,0.5,1.3333333333333333,Raiders,208.41666666666663,20.33333333333333,10.333333333333334,DST,98.25,2.1666666666666665,0.0,306.6666666666667,0.16666666666666666,0.5
5,2014.0,15,Vincent Brown,0.0,0.0,Chiefs,0.0,0.0,0.0,0.0,0.0,0.0,2.0,WR,0.0,0.0,20.4,2.0,0.0,0.0,0.0,0.0,0.2,Chiefs,0.0,0.38461538461538464,0.3076923076923077,Raiders,199.0,18.53846153846154,8.384615384615385,DST,136.76923076923077,2.6153846153846154,0.0,335.76923076923083,0.15384615384615385,0.5384615384615384
