,Year,Week,Name,Fumble TD,Fumbles Lost,Opponent_x,Pass 2PT,Pass Attempts,Pass Completions,Pass Interceptions,Pass TD,Pass Yards,Points_x,Position_x,Receiving 2PT,Receiving TD,Receiving Yards,Receptions,Rush 2PT,Rush Attempts,Rush TD,Rush Yards,Away Games_x,Team,Blocks,Fumble Returns,Interception,Opponent_y,Pass Yards Allowed,Point After,Points_y,Position_y,Rush Yards Allowed,Sack,Safety,Total Yards,Touchdowns,Away Games_y
0,2010.0,2,Donald Lee,0.0,0.0,Bills,0.0,0.0,0.0,0.0,0.0,0.0,0.0,TE,0.0,0.0,-1.0,1.0,0.0,0.0,0.0,0.0,0.0,Bills,0.0,0.0,0.0,Packers,164.0,15.0,7.0,DST,132.0,3.0,0.0,296.0,0.0,0.0
1,2010.0,4,Donald Lee,0.0,0.0,Lions,0.0,0.0,0.0,0.0,0.0,0.0,0.0,TE,0.0,0.0,-1.0,1.0,0.0,0.0,0.0,0.0,0.0,Lions,0.0,1.3333333333333333,1.0,Packers,265.0,26.0,10.0,DST,148.66666666666666,3.6666666666666665,0.0,413.66666666666674,0.0,0.6666666666666666
2,2010.0,5,Donald Lee,0.0,0.0,Redskins,0.0,0.0,0.0,0.0,0.0,0.0,0.5,TE,0.0,0.0,7.0,1.0,0.0,0.0,0.0,0.0,0.0,Redskins,0.25,0.75,0.75,Packers,305.0,19.75,10.5,DST,101.0,2.0,0.0,406.0,0.25,0.5
3,2010.0,8,Donald Lee,0.0,0.25,Jets,0.0,0.0,0.0,0.0,0.0,0.0,2.5,TE,0.0,0.25,15.75,1.5,0.0,0.0,0.0,0.0,0.25,Jets,0.16666666666666666,1.5,0.8333333333333334,Packers,229.0,16.833333333333332,12.166666666666664,DST,90.0,2.1666666666666665,0.0,319.0,0.16666666666666666,0.5
4,2010.0,16,Donald Lee,0.0,0.16666666666666666,Giants,0.0,0.0,0.0,0.0,0.0,0.0,1.6666666666666667,TE,0.0,0.16666666666666666,11.333333333333336,1.3333333333333333,0.0,0.0,0.0,0.0,0.5,Giants,0.14285714285714285,1.3571428571428572,1.0714285714285714,Packers,188.42857142857144,20.571428571428573,12.0,DST,102.42857142857143,3.0,0.0,290.85714285714283,0.0,0.42857142857142855
5,2010.0,17,Donald Lee,0.0,0.14285714285714285,Bears,0.0,0.0,0.0,0.0,0.0,0.0,2.2857142857142856,TE,0.0,0.2857142857142857,10.285714285714286,1.4285714285714286,0.0,0.0,0.0,0.0,0.42857142857142855,Bears,0.13333333333333333,0.8666666666666667,1.3333333333333333,Packers,224.26666666666668,18.4,12.466666666666667,DST,92.06666666666666,2.1333333333333333,0.0,316.3333333333333,0.26666666666666666,0.4666666666666667
