,Year,Week,Name,Fumble TD,Fumbles Lost,Opponent_x,Pass 2PT,Pass Attempts,Pass Completions,Pass Interceptions,Pass TD,Pass Yards,Points_x,Position_x,Receiving 2PT,Receiving TD,Receiving Yards,Receptions,Rush 2PT,Rush Attempts,Rush TD,Rush Yards,Away Games_x,Team,Blocks,Fumble Returns,Interception,Opponent_y,Pass Yards Allowed,Point After,Points_y,Position_y,Rush Yards Allowed,Sack,Safety,Total Yards,Touchdowns,Away Games_y
0,2015.0,2,Jimmy Clausen,0.0,0.0,Cardinals,0.0,23.0,14.0,1.0,0.0,121.0,2.0,QB,0.0,0.0,0.0,0.0,0.0,2.0,0.0,-5.0,0.0,Cardinals,0.0,0.0,1.0,Bears,354.0,19.0,8.0,DST,54.0,2.0,0.0,408.0,0.0,0.0
1,2015.0,3,Jimmy Clausen,0.0,0.0,Seahawks,0.0,23.0,14.0,1.0,0.0,121.0,2.0,QB,0.0,0.0,0.0,0.0,0.0,2.0,0.0,-5.0,0.0,Seahawks,0.0,2.0,0.0,Bears,255.0,30.5,12.5,DST,101.5,2.0,0.0,356.5,1.0,1.0
2,2015.0,14,Jimmy Clausen,0.0,0.0,Seahawks,0.0,20.0,11.5,0.5,0.0,92.0,2.5,QB,0.0,0.0,0.0,0.0,0.0,2.5,0.0,4.0,0.5,Seahawks,0.0,0.5833333333333334,0.75,Ravens,220.5,19.08333333333333,12.0,DST,87.75,2.583333333333333,0.0,308.25,0.4166666666666667,0.5
3,2015.0,15,Jimmy Clausen,0.0,0.0,Chiefs,0.0,26.66666666666667,15.333333333333336,0.6666666666666666,0.0,152.66666666666666,4.333333333333333,QB,0.0,0.0,0.0,0.0,0.0,2.0,0.0,2.0,0.3333333333333333,Chiefs,0.0,0.4615384615384616,1.3846153846153846,Ravens,240.9230769230769,18.69230769230769,13.0,DST,92.15384615384615,3.0,0.0,333.07692307692315,0.3076923076923077,0.5384615384615384
