,Year,Week,Name,Fumble TD,Fumbles Lost,Opponent_x,Pass 2PT,Pass Attempts,Pass Completions,Pass Interceptions,Pass TD,Pass Yards,Points_x,Position_x,Receiving 2PT,Receiving TD,Receiving Yards,Receptions,Rush 2PT,Rush Attempts,Rush TD,Rush Yards,Away Games_x,Team,Blocks,Fumble Returns,Interception,Opponent_y,Pass Yards Allowed,Point After,Points_y,Position_y,Rush Yards Allowed,Sack,Safety,Total Yards,Touchdowns,Away Games_y
0,2015.0,5,Brian Quick,0.0,0.0,Packers,0.0,0.0,0.0,0.0,0.0,0.0,1.0,WR,0.0,0.0,10.0,1.0,0.0,0.0,0.0,0.0,1.0,Packers,0.0,0.25,1.0,Rams,197.0,17.75,10.5,DST,115.0,4.25,0.0,312.0,0.0,0.5
1,2015.0,8,Brian Quick,0.0,0.0,49ers,0.0,0.0,0.0,0.0,0.0,0.0,1.0,WR,0.0,0.0,10.0,1.0,0.0,0.0,0.0,0.0,1.0,49ers,0.0,0.0,1.0,Rams,292.7142857142857,25.714285714285715,7.142857142857142,DST,113.28571428571428,2.0,0.0,406.0,0.0,0.42857142857142855
2,2015.0,10,Brian Quick,0.0,0.0,Bears,0.0,0.0,0.0,0.0,0.0,0.0,0.3333333333333333,WR,0.0,0.0,4.666666666666667,1.0,0.0,0.0,0.0,0.0,0.6666666666666666,Bears,0.125,0.625,0.5,Rams,220.25,27.625,6.0,DST,121.625,1.75,0.0,341.875,0.0,0.5
3,2015.0,12,Brian Quick,0.0,0.0,Bengals,0.0,0.0,0.0,0.0,0.0,0.0,1.0,WR,0.0,0.0,12.75,1.0,0.0,0.0,0.0,0.0,0.5,Bengals,0.0,0.4,1.1,Rams,242.8,18.6,9.4,DST,100.4,2.8,0.0,343.2,0.0,0.5
4,2015.0,13,Brian Quick,0.0,0.0,Cardinals,0.0,0.0,0.0,0.0,0.0,0.0,0.8,WR,0.0,0.0,11.8,1.2,0.0,0.0,0.0,0.0,0.6,Cardinals,0.0,0.5454545454545454,1.3636363636363635,Rams,235.27272727272728,20.818181818181817,11.272727272727273,DST,91.0909090909091,1.9090909090909087,0.18181818181818185,326.3636363636364,0.3636363636363637,0.5454545454545454
5,2015.0,16,Brian Quick,0.0,0.0,Seahawks,0.0,0.0,0.0,0.0,0.0,0.0,0.8333333333333334,WR,0.0,0.0,12.166666666666664,1.1666666666666667,0.0,0.0,0.0,0.0,0.5,Seahawks,0.0,0.5714285714285714,0.7857142857142857,Rams,218.28571428571428,17.714285714285715,12.214285714285715,DST,83.92857142857143,2.5,0.0,302.2142857142857,0.35714285714285715,0.5
6,2015.0,17,Brian Quick,0.0,0.0,49ers,0.0,0.0,0.0,0.0,0.0,0.0,0.7142857142857143,WR,0.0,0.0,11.285714285714285,1.1428571428571428,0.0,0.0,0.0,0.0,0.5714285714285714,49ers,0.2,0.2,0.6,Rams,263.2,24.73333333333333,6.7333333333333325,DST,125.8,1.8666666666666667,0.0,389.0,0.06666666666666668,0.5333333333333333
