,Year,Week,Name,Fumble TD,Fumbles Lost,Opponent,Pass 2PT,Pass Attempts,Pass Completions,Pass Interceptions,Pass TD,Pass Yards,Points,Position,Receiving 2PT,Receiving TD,Receiving Yards,Receptions,Rush 2PT,Rush Attempts,Rush TD,Rush Yards,Away Games
398,2011.0,4,Vincent Brown,0.0,0.0,Dolphins,0.0,0.0,0.0,0.0,0.0,0.0,2.0,WR,0.0,0.0,26.0,2.0,0.0,0.0,0.0,0.0,0.0
810,2011.0,9,Vincent Brown,0.0,0.0,Packers,0.0,0.0,0.0,0.0,0.0,0.0,2.0,WR,0.0,0.0,26.0,2.0,0.0,0.0,0.0,0.0,0.0
872,2011.0,10,Vincent Brown,0.0,0.0,Raiders,0.0,0.0,0.0,0.0,0.0,0.0,4.5,WR,0.0,0.0,52.5,3.0,0.0,0.0,0.0,0.0,0.0
1068,2011.0,11,Vincent Brown,0.0,0.0,Bears,0.0,0.0,0.0,0.0,0.0,0.0,8.0,WR,0.0,0.3333333333333333,67.33333333333333,3.6666666666666665,0.0,0.0,0.0,0.0,0.0
1117,2011.0,12,Vincent Brown,0.0,0.0,Broncos,0.0,0.0,0.0,0.0,0.0,0.0,6.0,WR,0.0,0.25,52.5,3.0,0.0,0.0,0.0,0.0,0.25
1205,2011.0,13,Vincent Brown,0.0,0.0,Jaguars,0.0,0.0,0.0,0.0,0.0,0.0,5.8,WR,0.0,0.2,52.0,3.0,0.0,0.0,0.0,0.0,0.2
1485,2011.0,15,Vincent Brown,0.0,0.0,Ravens,0.0,0.0,0.0,0.0,0.0,0.0,6.166666666666667,WR,0.0,0.3333333333333333,47.0,2.6666666666666665,0.0,0.0,0.0,0.0,0.3333333333333333
1574,2011.0,16,Vincent Brown,0.0,0.0,Lions,0.0,0.0,0.0,0.0,0.0,0.0,5.428571428571429,WR,0.0,0.2857142857142857,42.142857142857146,2.4285714285714284,0.0,0.0,0.0,0.0,0.2857142857142857
