,Year,Week,Name,Fumble TD,Fumbles Lost,Opponent,Pass 2PT,Pass Attempts,Pass Completions,Pass Interceptions,Pass TD,Pass Yards,Points,Position,Receiving 2PT,Receiving TD,Receiving Yards,Receptions,Rush 2PT,Rush Attempts,Rush TD,Rush Yards,Away Games
9385,2012.0,4,Juron Criner,0.0,0.0,Broncos,0.0,0.0,0.0,0.0,0.0,0.0,2.0,WR,0.0,0.0,29.0,2.0,0.0,0.0,0.0,0.0,1.0
9876,2012.0,9,Juron Criner,0.0,0.0,Buccaneers,0.0,0.0,0.0,0.0,0.0,0.0,2.0,WR,0.0,0.0,29.0,2.0,0.0,0.0,0.0,0.0,1.0
9978,2012.0,10,Juron Criner,0.0,0.0,Ravens,0.0,0.0,0.0,0.0,0.0,0.0,2.0,WR,0.5,0.0,14.5,1.0,0.0,0.0,0.0,0.0,0.5
10033,2012.0,11,Juron Criner,0.0,0.0,Saints,0.0,0.0,0.0,0.0,0.0,0.0,2.0,WR,0.3333333333333333,0.0,18.333333333333332,1.3333333333333333,0.0,0.0,0.0,0.0,0.6666666666666666
10186,2012.0,12,Juron Criner,0.0,0.0,Bengals,0.0,0.0,0.0,0.0,0.0,0.0,3.5,WR,0.25,0.25,19.5,1.75,0.0,0.0,0.0,0.0,0.5
10293,2012.0,13,Juron Criner,0.0,0.0,Browns,0.0,0.0,0.0,0.0,0.0,0.0,3.2,WR,0.2,0.2,20.2,2.0,0.0,0.0,0.0,0.0,0.6
10411,2012.0,14,Juron Criner,0.0,0.0,Broncos,0.0,0.0,0.0,0.0,0.0,0.0,3.0,WR,0.16666666666666666,0.16666666666666666,21.166666666666668,2.3333333333333335,0.0,0.0,0.0,0.0,0.5
