,Year,Week,Name,Fumble TD,Fumbles Lost,Opponent_x,Pass 2PT,Pass Attempts,Pass Completions,Pass Interceptions,Pass TD,Pass Yards,Points_x,Position_x,Receiving 2PT,Receiving TD,Receiving Yards,Receptions,Rush 2PT,Rush Attempts,Rush TD,Rush Yards,Away Games_x,Team,Blocks,Fumble Returns,Interception,Opponent_y,Pass Yards Allowed,Point After,Points_y,Position_y,Rush Yards Allowed,Sack,Safety,Total Yards,Touchdowns,Away Games_y
0,2016.0,3,Dexter McCluster,0.0,0.0,Colts,0.0,0.0,0.0,0.0,0.0,0.0,0.0,RB,0.0,0.0,9.0,2.0,0.0,0.0,0.0,0.0,1.0,Colts,0.0,0.0,0.5,Chargers,299.0,36.5,2.0,DST,125.0,1.0,0.0,424.0,0.0,0.5
1,2016.0,4,Dexter McCluster,0.0,0.0,Saints,0.0,0.0,0.0,0.0,0.0,0.0,0.0,RB,0.0,0.0,9.0,2.0,0.0,0.0,0.0,0.0,1.0,Saints,0.0,1.0,0.0,Chargers,299.0,32.0,4.666666666666667,DST,149.33333333333334,1.3333333333333333,0.0,448.33333333333326,0.0,0.3333333333333333
2,2016.0,5,Dexter McCluster,0.0,0.0,Raiders,0.0,0.0,0.0,0.0,0.0,0.0,0.0,RB,0.0,0.0,9.0,2.0,0.0,0.5,0.0,1.0,0.5,Raiders,0.0,0.75,0.75,Chargers,325.5,26.5,6.25,DST,134.5,1.25,0.0,460.0,0.0,0.75
3,2016.0,6,Dexter McCluster,0.0,0.0,Broncos,0.0,0.0,0.0,0.0,0.0,0.0,0.0,RB,0.0,0.0,6.0,1.3333333333333333,0.0,0.6666666666666666,0.0,1.0,0.6666666666666666,Broncos,0.0,0.8,1.0,Chargers,185.6,17.4,13.8,DST,115.4,3.8,0.0,301.0,0.4,0.4
4,2016.0,7,Dexter McCluster,0.0,0.0,Falcons,0.0,0.0,0.0,0.0,0.0,0.0,0.25,RB,0.0,0.0,8.25,1.5,0.0,0.5,0.0,0.75,0.5,Falcons,0.16666666666666666,0.16666666666666666,0.8333333333333334,Chargers,285.3333333333333,27.66666666666667,7.0,DST,94.16666666666669,1.8333333333333333,0.0,379.5,0.3333333333333333,0.6666666666666666
5,2016.0,8,Dexter McCluster,0.0,0.0,Broncos,0.0,0.0,0.0,0.0,0.0,0.0,0.2,RB,0.0,0.0,6.6,1.2,0.0,0.6,0.0,0.4,0.6,Broncos,0.0,1.1428571428571428,0.7142857142857143,Chargers,175.0,16.714285714285715,12.571428571428573,DST,116.57142857142857,3.1428571428571432,0.0,291.57142857142856,0.2857142857142857,0.42857142857142855
