,Year,Week,Name,Fumble TD,Fumbles Lost,Opponent,Pass 2PT,Pass Attempts,Pass Completions,Pass Interceptions,Pass TD,Pass Yards,Points,Position,Receiving 2PT,Receiving TD,Receiving Yards,Receptions,Rush 2PT,Rush Attempts,Rush TD,Rush Yards,Away Games
10961,2014.0,2,A.J. Jenkins,0.0,0.0,Broncos,0.0,0.0,0.0,0.0,0.0,0.0,1.0,WR,0.0,0.0,16.0,3.0,0.0,0.0,0.0,0.0,1.0
11106,2014.0,3,A.J. Jenkins,0.0,0.0,Dolphins,0.0,0.0,0.0,0.0,0.0,0.0,1.0,WR,0.0,0.0,16.0,3.0,0.0,0.0,0.0,0.0,1.0
11211,2014.0,4,A.J. Jenkins,0.0,0.0,Patriots,0.0,0.0,0.0,0.0,0.0,0.0,0.5,WR,0.0,0.0,8.0,1.5,0.0,0.5,0.0,0.0,1.0
11320,2014.0,5,A.J. Jenkins,0.0,0.0,49ers,0.0,0.0,0.0,0.0,0.0,0.0,0.3333333333333333,WR,0.0,0.0,5.333333333333333,1.3333333333333333,0.0,0.3333333333333333,0.0,0.0,0.6666666666666666
11511,2014.0,7,A.J. Jenkins,0.0,0.0,Chargers,0.0,0.0,0.0,0.0,0.0,0.0,0.25,WR,0.0,0.0,4.75,1.25,0.0,0.5,0.0,-0.5,0.75
11747,2014.0,9,A.J. Jenkins,0.0,0.0,Jets,0.0,0.0,0.0,0.0,0.0,0.0,0.8,WR,0.0,0.0,11.2,1.4,0.0,0.4,0.0,-0.4,0.8
11825,2014.0,10,A.J. Jenkins,0.0,0.0,Bills,0.0,0.0,0.0,0.0,0.0,0.0,0.8333333333333334,WR,0.0,0.0,11.0,1.3333333333333333,0.0,0.3333333333333333,0.0,-0.3333333333333333,0.6666666666666666
