,Year,Week,Name,Fumble TD,Fumbles Lost,Opponent,Pass 2PT,Pass Attempts,Pass Completions,Pass Interceptions,Pass TD,Pass Yards,Points,Position,Receiving 2PT,Receiving TD,Receiving Yards,Receptions,Rush 2PT,Rush Attempts,Rush TD,Rush Yards,Away Games
1888,2014.0,3,Mike Glennon,0.0,0.0,Falcons,0.0,24.0,17.0,0.0,1.0,121.0,11.0,QB,0.0,0.0,0.0,0.0,0.0,3.0,0.0,19.0,1.0
1916,2014.0,4,Mike Glennon,0.0,0.0,Steelers,0.0,24.0,17.0,0.0,1.0,121.0,11.0,QB,0.0,0.0,0.0,0.0,0.0,3.0,0.0,19.0,1.0
1953,2014.0,5,Mike Glennon,0.0,0.0,Saints,0.0,33.0,19.0,0.5,1.5,211.5,16.5,QB,0.0,0.0,0.0,0.0,0.0,1.5,0.0,9.5,1.0
1985,2014.0,6,Mike Glennon,0.0,0.0,Ravens,0.0,32.666666666666664,19.0,0.6666666666666666,1.6666666666666667,224.0,17.333333333333332,QB,0.0,0.0,0.0,0.0,0.0,1.3333333333333333,0.0,6.333333333333333,1.0
2065,2014.0,8,Mike Glennon,0.0,0.0,Min,0.0,35.5,20.25,0.75,1.75,246.5,18.5,QB,0.0,0.0,0.0,0.0,0.0,1.0,0.0,4.75,0.75
2090,2014.0,9,Mike Glennon,0.0,0.0,Browns,0.0,34.0,20.0,0.8,1.6,231.4,17.0,QB,0.0,0.0,0.0,0.0,0.0,1.4,0.0,6.4,0.6
