,Year,Week,Name,Fumble TD,Fumbles Lost,Opponent_x,Pass 2PT,Pass Attempts,Pass Completions,Pass Interceptions,Pass TD,Pass Yards,Points_x,Position_x,Receiving 2PT,Receiving TD,Receiving Yards,Receptions,Rush 2PT,Rush Attempts,Rush TD,Rush Yards,Away Games_x,Team,Blocks,Fumble Returns,Interception,Opponent_y,Pass Yards Allowed,Point After,Points_y,Position_y,Rush Yards Allowed,Sack,Safety,Total Yards,Touchdowns,Away Games_y
0,2011.0,13,Charlie Batch,0.0,0.0,Bengals,0.0,0.0,0.0,0.0,0.0,0.0,0.0,QB,0.0,0.0,0.0,0.0,0.0,3.0,0.0,-2.0,0.0,Bengals,0.09090909090909093,0.8181818181818182,0.5454545454545454,Steelers,215.0,19.545454545454547,11.454545454545455,DST,92.72727272727272,2.5454545454545454,0.09090909090909093,307.72727272727275,0.3636363636363637,0.5454545454545454
1,2011.0,14,Charlie Batch,0.0,0.0,Browns,0.0,0.0,0.0,0.0,0.0,0.0,0.0,QB,0.0,0.0,0.0,0.0,0.0,3.0,0.0,-2.0,0.0,Browns,0.0,0.5833333333333334,0.5,Steelers,173.33333333333337,20.0,7.416666666666668,DST,151.25,1.9166666666666667,0.0,324.5833333333333,0.0,0.4166666666666667
2,2011.0,16,Charlie Batch,0.0,0.0,Rams,0.0,1.0,0.0,0.0,0.0,0.0,0.0,QB,0.0,0.0,0.0,0.0,0.0,1.5,0.0,-1.0,0.0,Rams,0.07142857142857142,0.42857142857142855,0.7857142857142857,Steelers,206.28571428571428,24.714285714285715,8.0,DST,153.42857142857142,2.571428571428572,0.14285714285714285,359.71428571428567,0.14285714285714285,0.5
