,Year,Week,Name,Fumble TD,Fumbles Lost,Opponent_x,Pass 2PT,Pass Attempts,Pass Completions,Pass Interceptions,Pass TD,Pass Yards,Points_x,Position_x,Receiving 2PT,Receiving TD,Receiving Yards,Receptions,Rush 2PT,Rush Attempts,Rush TD,Rush Yards,Away Games_x,Team,Blocks,Fumble Returns,Interception,Opponent_y,Pass Yards Allowed,Point After,Points_y,Position_y,Rush Yards Allowed,Sack,Safety,Total Yards,Touchdowns,Away Games_y
0,2013.0,2,Lance Dunbar,0.0,1.0,Chiefs,0.0,0.0,0.0,0.0,0.0,0.0,0.0,RB,0.0,0.0,4.0,1.0,0.0,1.0,0.0,12.0,1.0,Chiefs,0.0,0.0,2.0,Cowboys,107.0,2.0,26.0,DST,71.0,6.0,0.0,178.0,1.0,1.0
1,2013.0,3,Lance Dunbar,0.0,1.0,Rams,0.0,0.0,0.0,0.0,0.0,0.0,0.0,RB,0.0,0.0,4.0,1.0,0.0,1.0,0.0,12.0,1.0,Rams,0.0,0.5,0.5,Cowboys,330.5,27.5,5.5,DST,61.0,3.0,0.0,391.5,0.0,0.5
2,2013.0,4,Lance Dunbar,0.0,0.5,Chargers,0.0,0.0,0.0,0.0,0.0,0.0,0.5,RB,0.0,0.0,2.0,0.5,0.0,3.0,0.0,15.5,0.5,Chargers,0.0,0.0,0.3333333333333333,Cowboys,340.6666666666667,27.0,4.0,DST,130.0,2.0,0.0,470.66666666666674,0.0,0.6666666666666666
3,2013.0,8,Lance Dunbar,0.0,0.3333333333333333,Lions,0.0,0.0,0.0,0.0,0.0,0.0,0.3333333333333333,RB,0.0,0.0,1.3333333333333333,0.3333333333333333,0.0,2.333333333333333,0.0,12.666666666666664,0.6666666666666666,Lions,0.0,0.42857142857142855,1.4285714285714286,Cowboys,282.0,23.857142857142854,9.0,DST,115.14285714285714,1.8571428571428568,0.0,397.1428571428572,0.2857142857142857,0.5714285714285714
4,2013.0,12,Lance Dunbar,0.0,0.2,Giants,0.0,0.0,0.0,0.0,0.0,0.0,0.6,RB,0.0,0.0,4.2,0.8,0.0,3.0,0.0,9.6,0.6,Giants,0.1,0.7,1.1,Cowboys,238.1,25.6,9.0,DST,98.0,1.4,0.0,336.1,0.2,0.5
5,2013.0,13,Lance Dunbar,0.0,0.16666666666666666,Raiders,0.0,0.0,0.0,0.0,0.0,0.0,1.1666666666666667,RB,0.0,0.0,7.833333333333332,1.0,0.0,3.0,0.0,11.333333333333336,0.6666666666666666,Raiders,0.2727272727272727,0.8181818181818182,0.6363636363636364,Cowboys,258.09090909090907,24.45454545454545,9.636363636363637,DST,99.0909090909091,2.636363636363636,0.0,357.1818181818182,0.2727272727272727,0.4545454545454545
