,Year,Week,Name,Fumble TD,Fumbles Lost,Opponent,Pass 2PT,Pass Attempts,Pass Completions,Pass Interceptions,Pass TD,Pass Yards,Points,Position,Receiving 2PT,Receiving TD,Receiving Yards,Receptions,Rush 2PT,Rush Attempts,Rush TD,Rush Yards,Away Games
6448,2013.0,10,Andre Brown,0.0,0.0,Raiders,0.0,0.0,0.0,0.0,0.0,0.0,17.0,RB,0.0,0.0,4.0,1.0,0.0,30.0,1.0,115.0,0.0
6535,2013.0,11,Andre Brown,0.0,0.0,Packers,0.0,0.0,0.0,0.0,0.0,0.0,17.0,RB,0.0,0.0,4.0,1.0,0.0,30.0,1.0,115.0,0.0
6604,2013.0,12,Andre Brown,0.0,0.0,Cowboys,0.0,0.0,0.0,0.0,0.0,0.0,12.5,RB,0.0,0.0,15.5,2.0,0.0,24.0,0.5,90.5,0.0
6687,2013.0,13,Andre Brown,0.0,0.0,Redskins,0.0,0.0,0.0,0.0,0.0,0.0,13.333333333333334,RB,0.0,0.0,14.0,2.6666666666666665,0.3333333333333333,23.0,0.3333333333333333,102.66666666666667,0.0
6797,2013.0,14,Andre Brown,0.0,0.0,Chargers,0.0,0.0,0.0,0.0,0.0,0.0,14.25,RB,0.0,0.0,16.25,2.75,0.25,20.75,0.75,85.75,0.25
6917,2013.0,15,Andre Brown,0.0,0.2,Seahawks,0.0,0.0,0.0,0.0,0.0,0.0,13.0,RB,0.0,0.0,16.0,2.8,0.2,19.8,0.6,84.8,0.4
6978,2013.0,16,Andre Brown,0.0,0.16666666666666666,Lions,0.0,0.0,0.0,0.0,0.0,0.0,11.0,RB,0.0,0.0,14.833333333333334,3.0,0.16666666666666666,18.333333333333332,0.5,73.5,0.3333333333333333
7109,2013.0,17,Andre Brown,0.0,0.2857142857142857,Redskins,0.0,0.0,0.0,0.0,0.0,0.0,10.0,RB,0.0,0.0,14.714285714285714,2.857142857142857,0.14285714285714285,18.0,0.42857142857142855,68.71428571428571,0.42857142857142855
