,Year,Week,Name,Fumble TD,Fumbles Lost,Opponent_x,Pass 2PT,Pass Attempts,Pass Completions,Pass Interceptions,Pass TD,Pass Yards,Points_x,Position_x,Receiving 2PT,Receiving TD,Receiving Yards,Receptions,Rush 2PT,Rush Attempts,Rush TD,Rush Yards,Away Games_x,Team,Blocks,Fumble Returns,Interception,Opponent_y,Pass Yards Allowed,Point After,Points_y,Position_y,Rush Yards Allowed,Sack,Safety,Total Yards,Touchdowns,Away Games_y
0,2016.0,8,Trevor Davis,0.0,0.0,Falcons,0.0,0.0,0.0,0.0,0.0,0.0,8.0,WR,0.0,1.0,24.0,3.0,0.0,0.0,0.0,0.0,1.0,Falcons,0.14285714285714285,0.2857142857142857,0.8571428571428571,Packers,294.2857142857143,28.42857142857143,8.0,DST,91.85714285714286,2.142857142857143,0.0,386.1428571428572,0.42857142857142855,0.5714285714285714
1,2016.0,10,Trevor Davis,0.0,0.0,Titans,0.0,0.0,0.0,0.0,0.0,0.0,8.0,WR,0.0,1.0,24.0,3.0,0.0,0.0,0.0,0.0,1.0,Titans,0.0,0.1111111111111111,0.6666666666666666,Packers,260.44444444444446,25.11111111111111,5.888888888888888,DST,96.44444444444444,2.555555555555556,0.0,356.88888888888886,0.0,0.4444444444444444
