,Year,Week,Name,Fumble TD,Fumbles Lost,Opponent,Pass 2PT,Pass Attempts,Pass Completions,Pass Interceptions,Pass TD,Pass Yards,Points,Position,Receiving 2PT,Receiving TD,Receiving Yards,Receptions,Rush 2PT,Rush Attempts,Rush TD,Rush Yards,Away Games
27,,1,Brandon Weeden,,,Dolphins,,,,,,,,QB,,,,,,,,,
62,2013.0,2,Brandon Weeden,0.0,0.0,Ravens,0.0,53.0,26.0,3.0,1.0,289.0,11.0,QB,0.0,0.0,0.0,0.0,0.0,0.0,0.0,0.0,0.0
156,2013.0,5,Brandon Weeden,0.0,0.0,Bills,0.0,43.0,23.5,1.5,0.5,258.0,10.0,QB,0.0,0.0,0.0,0.0,0.0,1.0,0.0,3.5,0.5
182,2013.0,6,Brandon Weeden,0.0,0.0,Lions,0.0,36.666666666666664,20.0,1.0,0.6666666666666666,237.66666666666666,11.0,QB,0.0,0.0,0.0,0.0,0.0,1.6666666666666667,0.0,2.3333333333333335,0.3333333333333333
230,2013.0,7,Brandon Weeden,0.0,0.0,Packers,0.0,38.25,21.5,1.25,1.0,251.25,13.25,QB,0.0,0.0,0.0,0.0,0.0,1.75,0.0,4.25,0.25
300,2013.0,9,Brandon Weeden,0.0,0.0,Ravens,0.0,39.0,20.6,1.2,1.0,230.8,12.8,QB,0.0,0.0,0.0,0.0,0.0,1.8,0.0,7.4,0.4
396,2013.0,12,Brandon Weeden,0.0,0.0,Steelers,0.0,32.833333333333336,17.333333333333332,1.0,0.8333333333333334,192.0,10.666666666666666,QB,0.0,0.0,0.0,0.0,0.0,1.5,0.0,6.166666666666667,0.3333333333333333
409,2013.0,13,Brandon Weeden,0.0,0.14285714285714285,Jaguars,0.14285714285714285,32.42857142857143,16.714285714285715,1.0,0.8571428571428571,194.42857142857142,11.0,QB,0.0,0.0,0.0,0.0,0.0,1.4285714285714286,0.0,5.571428571428571,0.2857142857142857
