,Year,Week,Name,Fumble TD,Fumbles Lost,Opponent_x,Pass 2PT,Pass Attempts,Pass Completions,Pass Interceptions,Pass TD,Pass Yards,Points_x,Position_x,Receiving 2PT,Receiving TD,Receiving Yards,Receptions,Rush 2PT,Rush Attempts,Rush TD,Rush Yards,Away Games_x,Team,Blocks,Fumble Returns,Interception,Opponent_y,Pass Yards Allowed,Point After,Points_y,Position_y,Rush Yards Allowed,Sack,Safety,Total Yards,Touchdowns,Away Games_y
0,2015.0,13,Fitzgerald Toussaint,0.0,0.0,Colts,0.0,0.0,0.0,0.0,0.0,0.0,1.0,RB,0.0,0.0,0.0,0.0,0.0,4.0,0.0,12.0,0.0,Colts,0.0,0.2727272727272727,1.2727272727272727,Steelers,272.8181818181818,23.63636363636364,8.818181818181818,DST,115.0909090909091,1.7272727272727273,0.0,387.9090909090909,0.2727272727272727,0.4545454545454545
1,2015.0,16,Fitzgerald Toussaint,0.0,0.0,Ravens,0.0,0.0,0.0,0.0,0.0,0.0,1.0,RB,0.0,0.0,0.0,0.0,0.0,4.0,0.0,12.0,0.0,Ravens,0.35714285714285715,0.5,0.2857142857142857,Steelers,242.28571428571428,25.714285714285715,7.928571428571429,DST,100.42857142857143,2.2142857142857144,0.0,342.7142857142857,0.2857142857142857,0.5
2,2015.0,17,Fitzgerald Toussaint,0.0,0.0,Browns,0.0,0.0,0.0,0.0,0.0,0.0,0.5,RB,0.0,0.0,0.0,0.0,0.0,3.0,0.0,9.0,0.5,Browns,0.06666666666666668,0.6,0.6,Steelers,244.2,26.93333333333333,6.866666666666666,DST,135.0,1.9333333333333331,0.0,379.2,0.2,0.5333333333333333
