,Year,Week,Name,Fumble TD,Fumbles Lost,Opponent_x,Pass 2PT,Pass Attempts,Pass Completions,Pass Interceptions,Pass TD,Pass Yards,Points_x,Position_x,Receiving 2PT,Receiving TD,Receiving Yards,Receptions,Rush 2PT,Rush Attempts,Rush TD,Rush Yards,Away Games_x,Team,Blocks,Fumble Returns,Interception,Opponent_y,Pass Yards Allowed,Point After,Points_y,Position_y,Rush Yards Allowed,Sack,Safety,Total Yards,Touchdowns,Away Games_y
0,2010.0,1,Dan Gronkowski,0.0,0.0,Jaguars,0.0,0.0,0.0,0.0,0.0,0.0,0.0,TE,0.0,0.0,2.0,1.0,0.0,0.0,0.0,0.0,1.0,Jaguars,0.0,1.0,1.0,Broncos,274.0,17.0,11.0,DST,89.0,3.0,0.0,363.0,0.0,0.0
1,2010.0,3,Dan Gronkowski,0.0,0.0,Colts,0.0,0.0,0.0,0.0,0.0,0.0,0.0,TE,0.0,0.0,2.0,1.0,0.0,0.0,0.0,0.0,1.0,Colts,0.0,1.0,1.0,Broncos,117.5,24.0,12.0,DST,188.5,3.0,0.0,306.0,0.5,0.5
2,2010.0,5,Dan Gronkowski,0.0,0.0,Ravens,0.0,0.0,0.0,0.0,0.0,0.0,0.0,TE,0.0,0.0,2.0,1.0,0.0,0.0,0.0,0.0,0.5,Ravens,0.0,0.25,0.25,Broncos,119.0,13.75,7.5,DST,116.75,1.75,0.0,235.75,0.0,0.75
3,2010.0,8,Dan Gronkowski,0.0,0.0,49ers,0.0,0.0,0.0,0.0,0.0,0.0,0.0,TE,0.0,0.0,4.333333333333333,1.0,0.0,0.0,0.0,0.0,0.6666666666666666,49ers,0.14285714285714285,0.42857142857142855,1.0,Broncos,215.7142857142857,23.142857142857146,8.714285714285714,DST,106.14285714285714,1.8571428571428568,0.0,321.85714285714283,0.2857142857142857,0.5714285714285714
4,2010.0,12,Dan Gronkowski,0.0,0.0,Rams,0.0,0.0,0.0,0.0,0.0,0.0,0.75,TE,0.0,0.0,10.75,1.5,0.0,0.0,0.0,0.0,0.75,Rams,0.2,0.7,0.8,Broncos,230.5,19.8,10.0,DST,101.8,2.8,0.0,332.3,0.0,0.4
5,2010.0,13,Dan Gronkowski,0.0,0.0,Chiefs,0.0,0.0,0.0,0.0,0.0,0.0,0.8,TE,0.0,0.0,11.2,1.4,0.0,0.0,0.0,0.0,0.6,Chiefs,0.0,0.5454545454545454,0.8181818181818182,Broncos,246.45454545454547,21.0,10.0,DST,96.45454545454544,2.090909090909091,0.0,342.90909090909093,0.2727272727272727,0.5454545454545454
