,Year,Week,Name,Fumble TD,Fumbles Lost,Opponent_x,Pass 2PT,Pass Attempts,Pass Completions,Pass Interceptions,Pass TD,Pass Yards,Points_x,Position_x,Receiving 2PT,Receiving TD,Receiving Yards,Receptions,Rush 2PT,Rush Attempts,Rush TD,Rush Yards,Away Games_x,Team,Blocks,Fumble Returns,Interception,Opponent_y,Pass Yards Allowed,Point After,Points_y,Position_y,Rush Yards Allowed,Sack,Safety,Total Yards,Touchdowns,Away Games_y
0,2012.0,8,Matt Moore,0.0,0.0,Jets,0.0,19.0,11.0,0.0,1.0,131.0,11.0,QB,0.0,0.0,0.0,0.0,0.0,4.0,0.0,-4.0,1.0,Jets,0.0,0.7142857142857143,1.0,Dolphins,215.14285714285717,24.285714285714285,10.142857142857142,DST,147.71428571428572,1.4285714285714286,0.0,362.8571428571428,0.5714285714285714,0.42857142857142855
1,2012.0,10,Matt Moore,0.0,0.0,Titans,0.0,19.0,11.0,0.0,1.0,131.0,11.0,QB,0.0,0.0,0.0,0.0,0.0,4.0,0.0,-4.0,1.0,Titans,0.2222222222222222,0.3333333333333333,0.6666666666666666,Dolphins,273.44444444444446,34.22222222222222,6.777777777777778,DST,141.55555555555554,1.5555555555555556,0.1111111111111111,415.0,0.3333333333333333,0.4444444444444444
