,Year,Week,Name,Fumble TD,Fumbles Lost,Opponent_x,Pass 2PT,Pass Attempts,Pass Completions,Pass Interceptions,Pass TD,Pass Yards,Points_x,Position_x,Receiving 2PT,Receiving TD,Receiving Yards,Receptions,Rush 2PT,Rush Attempts,Rush TD,Rush Yards,Away Games_x,Team,Blocks,Fumble Returns,Interception,Opponent_y,Pass Yards Allowed,Point After,Points_y,Position_y,Rush Yards Allowed,Sack,Safety,Total Yards,Touchdowns,Away Games_y
0,2011.0,3,Luke Stocker,0.0,0.0,Falcons,0.0,0.0,0.0,0.0,0.0,0.0,1.0,TE,0.0,0.0,17.0,1.0,0.0,0.0,0.0,0.0,1.0,Falcons,0.0,1.0,1.0,Buccaneers,301.5,30.5,9.5,DST,110.5,2.5,0.0,412.0,0.5,0.5
1,2011.0,4,Luke Stocker,0.0,0.0,Colts,0.0,0.0,0.0,0.0,0.0,0.0,2.0,TE,0.0,0.0,25.0,1.5,0.0,0.0,0.0,0.0,0.5,Colts,0.0,1.3333333333333333,1.0,Buccaneers,251.66666666666663,28.0,9.0,DST,113.33333333333331,1.6666666666666667,0.0,365.0,0.3333333333333333,0.3333333333333333
2,2011.0,7,Luke Stocker,0.0,0.0,Bears,0.0,0.0,0.0,0.0,0.0,0.0,1.3333333333333333,TE,0.0,0.0,19.666666666666668,1.6666666666666667,0.0,0.0,0.0,0.0,0.3333333333333333,Bears,0.16666666666666666,0.6666666666666666,0.6666666666666666,Buccaneers,275.5,22.0,12.333333333333336,DST,121.83333333333331,2.333333333333333,0.16666666666666666,397.33333333333326,0.6666666666666666,0.3333333333333333
3,2011.0,11,Luke Stocker,0.0,0.0,Packers,0.0,0.0,0.0,0.0,0.0,0.0,1.25,TE,0.0,0.0,18.25,1.75,0.0,0.0,0.0,0.0,0.25,Packers,0.0,0.3333333333333333,1.8888888888888888,Buccaneers,284.3333333333333,20.666666666666668,13.333333333333336,DST,100.44444444444444,2.4444444444444446,0.0,384.77777777777777,0.5555555555555556,0.5555555555555556
4,2011.0,15,Luke Stocker,0.0,0.0,Cowboys,0.0,0.0,0.0,0.0,0.0,0.0,1.0,TE,0.0,0.0,14.8,1.6,0.0,0.0,0.0,0.0,0.4,Cowboys,0.15384615384615385,0.6153846153846154,1.1538461538461535,Buccaneers,243.23076923076923,21.615384615384613,10.076923076923077,DST,101.23076923076924,2.6923076923076925,0.0,344.46153846153845,0.07692307692307693,0.4615384615384616
5,2011.0,16,Luke Stocker,0.0,0.0,Panthers,0.0,0.0,0.0,0.0,0.0,0.0,0.8333333333333334,TE,0.0,0.0,13.0,1.5,0.0,0.0,0.0,0.0,0.3333333333333333,Panthers,0.0,0.5,0.8571428571428571,Buccaneers,234.42857142857144,26.285714285714285,7.357142857142858,DST,130.42857142857142,2.0,0.14285714285714285,364.8571428571428,0.07142857142857142,0.5
