,Year,Week,Name,Fumble TD,Fumbles Lost,Opponent_x,Pass 2PT,Pass Attempts,Pass Completions,Pass Interceptions,Pass TD,Pass Yards,Points_x,Position_x,Receiving 2PT,Receiving TD,Receiving Yards,Receptions,Rush 2PT,Rush Attempts,Rush TD,Rush Yards,Away Games_x,Team,Blocks,Fumble Returns,Interception,Opponent_y,Pass Yards Allowed,Point After,Points_y,Position_y,Rush Yards Allowed,Sack,Safety,Total Yards,Touchdowns,Away Games_y
0,2010.0,1,Jake Delhomme,0.0,0.0,Buccaneers,0.0,37.0,20.0,2.0,1.0,227.0,11.0,QB,0.0,0.0,0.0,0.0,0.0,1.0,0.0,1.0,1.0,Buccaneers,0.0,1.0,2.0,Browns,236.0,14.0,10.0,DST,104.0,0.0,0.0,340.0,0.0,0.0
1,2010.0,5,Jake Delhomme,0.0,0.0,Falcons,0.0,37.0,20.0,2.0,1.0,227.0,11.0,QB,0.0,0.0,0.0,0.0,0.0,1.0,0.0,1.0,1.0,Falcons,0.0,0.5,2.0,Browns,224.0,15.0,11.0,DST,96.25,2.0,0.0,320.25,0.0,0.5
2,2010.0,12,Jake Delhomme,0.0,0.0,Panthers,0.0,30.0,16.5,2.0,0.5,162.0,5.0,QB,0.0,0.0,0.0,0.0,0.0,1.0,0.0,0.5,0.5,Panthers,0.1,0.7,1.1,Browns,203.5,25.2,7.7,DST,128.4,1.6,0.1,331.9,0.0,0.4
3,2010.0,13,Jake Delhomme,0.0,0.0,Dolphins,0.0,31.66666666666667,19.0,2.0,0.3333333333333333,189.66666666666663,5.0,QB,0.0,0.0,0.0,0.0,0.0,1.3333333333333333,0.0,1.0,0.3333333333333333,Dolphins,0.09090909090909093,0.5454545454545454,0.8181818181818182,Browns,201.3636363636364,20.454545454545453,9.363636363636363,DST,103.9090909090909,2.4545454545454546,0.09090909090909093,305.27272727272725,0.09090909090909093,0.5454545454545454
4,2010.0,14,Jake Delhomme,0.0,0.0,Bills,0.0,32.25,20.25,1.5,0.5,196.5,7.25,QB,0.0,0.0,0.0,0.0,0.0,2.0,0.0,-0.5,0.5,Bills,0.0,0.6666666666666666,0.6666666666666666,Browns,207.16666666666663,27.75,7.833333333333332,DST,170.91666666666666,1.75,0.0,378.08333333333326,0.25,0.5
5,2011.0,17,Jake Delhomme,0.0,1.0,Titans,0.0,28.0,18.0,0.0,1.0,211.0,13.0,QB,0.0,0.0,0.0,0.0,0.0,0.0,0.0,0.0,0.0,Titans,0.13333333333333333,0.7333333333333333,0.7333333333333333,Texans,226.26666666666668,19.666666666666668,10.133333333333333,DST,126.73333333333332,1.6666666666666667,0.0,353.0,0.26666666666666666,0.4666666666666667
