,Year,Week,Name,Fumble TD,Fumbles Lost,Opponent_x,Pass 2PT,Pass Attempts,Pass Completions,Pass Interceptions,Pass TD,Pass Yards,Points_x,Position_x,Receiving 2PT,Receiving TD,Receiving Yards,Receptions,Rush 2PT,Rush Attempts,Rush TD,Rush Yards,Away Games_x,Team,Blocks,Fumble Returns,Interception,Opponent_y,Pass Yards Allowed,Point After,Points_y,Position_y,Rush Yards Allowed,Sack,Safety,Total Yards,Touchdowns,Away Games_y
0,2013.0,16,Jonathan Grimes,0.0,0.0,Broncos,0.0,0.0,0.0,0.0,0.0,0.0,2.0,RB,0.0,0.0,0.0,0.0,0.0,5.0,0.0,23.0,0.0,Broncos,0.14285714285714285,0.5714285714285714,1.0714285714285714,Texans,266.14285714285717,26.57142857142857,9.785714285714286,DST,105.35714285714286,2.571428571428572,0.0,371.5,0.35714285714285715,0.42857142857142855
1,2013.0,17,Jonathan Grimes,0.0,0.0,Titans,0.0,0.0,0.0,0.0,0.0,0.0,2.0,RB,0.0,0.0,0.0,0.0,0.0,5.0,0.0,23.0,0.0,Titans,0.13333333333333333,0.6666666666666666,0.7333333333333333,Texans,225.9333333333333,24.73333333333333,8.8,DST,115.33333333333331,2.333333333333333,0.0,341.26666666666665,0.2,0.5333333333333333
