,Year,Week,Name,Fumble TD,Fumbles Lost,Opponent_x,Pass 2PT,Pass Attempts,Pass Completions,Pass Interceptions,Pass TD,Pass Yards,Points_x,Position_x,Receiving 2PT,Receiving TD,Receiving Yards,Receptions,Rush 2PT,Rush Attempts,Rush TD,Rush Yards,Away Games_x,Team,Blocks,Fumble Returns,Interception,Opponent_y,Pass Yards Allowed,Point After,Points_y,Position_y,Rush Yards Allowed,Sack,Safety,Total Yards,Touchdowns,Away Games_y
0,2012.0,17,Collin Mooney,0.0,0.0,Jaguars,0.0,0.0,0.0,0.0,0.0,0.0,1.0,RB,0.0,0.0,0.0,0.0,0.0,5.0,0.0,19.0,0.0,Jaguars,0.0,0.7333333333333333,0.8,Titans,246.0,27.066666666666666,5.6,DST,145.13333333333333,1.2,0.0,391.13333333333327,0.0,0.4666666666666667
1,2013.0,2,Collin Mooney,0.0,0.0,Texans,0.0,0.0,0.0,0.0,0.0,0.0,0.0,RB,0.0,0.0,5.0,1.0,0.0,0.0,0.0,0.0,1.0,Texans,0.0,0.0,1.0,Titans,183.0,28.0,10.0,DST,80.0,2.0,0.0,263.0,1.0,1.0
2,2013.0,4,Collin Mooney,0.0,0.0,Jets,0.0,0.0,0.0,0.0,0.0,0.0,0.0,RB,0.0,0.0,5.0,1.0,0.0,0.0,0.0,0.0,1.0,Jets,0.0,0.3333333333333333,0.3333333333333333,Titans,190.33333333333331,16.666666666666668,11.0,DST,79.66666666666667,4.0,0.3333333333333333,270.0,0.0,0.3333333333333333
3,2013.0,9,Collin Mooney,0.0,0.0,Rams,0.0,0.0,0.0,0.0,0.0,0.0,0.0,RB,0.0,0.0,4.0,1.0,0.0,0.0,0.0,0.0,0.5,Rams,0.0,0.875,0.625,Titans,227.5,24.75,10.625,DST,116.125,3.125,0.125,343.625,0.375,0.5
4,2013.0,12,Collin Mooney,0.0,0.0,Raiders,0.0,0.0,0.0,0.0,0.0,0.0,0.6666666666666666,RB,0.0,0.0,10.0,1.0,0.0,0.0,0.0,0.0,0.6666666666666666,Raiders,0.2,0.9,0.7,Titans,252.7,24.6,10.1,DST,97.6,2.7,0.0,350.3,0.3,0.5
5,2013.0,13,Collin Mooney,0.0,0.0,Colts,0.0,0.0,0.0,0.0,0.0,0.0,0.5,RB,0.0,0.0,9.0,1.25,0.0,0.0,0.0,0.0,0.75,Colts,0.18181818181818185,0.6363636363636364,0.7272727272727273,Titans,243.54545454545453,23.63636363636364,9.545454545454543,DST,125.54545454545456,2.636363636363636,0.09090909090909093,369.09090909090907,0.18181818181818185,0.5454545454545454
