,Year,Week,Name,Fumble TD,Fumbles Lost,Opponent,Pass 2PT,Pass Attempts,Pass Completions,Pass Interceptions,Pass TD,Pass Yards,Points,Position,Receiving 2PT,Receiving TD,Receiving Yards,Receptions,Rush 2PT,Rush Attempts,Rush TD,Rush Yards,Away Games
5362,2013.0,1,Reggie Wayne,0.0,0.0,Raiders,0.0,0.0,0.0,0.0,0.0,0.0,15.0,WR,0.0,1.0,96.0,8.0,0.0,0.0,0.0,0.0,0.0
5506,2013.0,2,Reggie Wayne,0.0,0.0,Dolphins,0.0,0.0,0.0,0.0,0.0,0.0,15.0,WR,0.0,1.0,96.0,8.0,0.0,0.0,0.0,0.0,0.0
5610,2013.0,3,Reggie Wayne,0.0,0.0,49ers,0.0,0.0,0.0,0.0,0.0,0.0,9.5,WR,0.0,0.5,71.0,6.5,0.0,0.0,0.0,0.0,0.0
5688,2013.0,4,Reggie Wayne,0.0,0.0,Jaguars,0.0,0.0,0.0,0.0,0.0,0.0,8.0,WR,0.0,0.3333333333333333,66.66666666666667,5.666666666666667,0.0,0.3333333333333333,0.0,1.6666666666666667,0.3333333333333333
5814,2013.0,5,Reggie Wayne,0.0,0.0,Seahawks,0.0,0.0,0.0,0.0,0.0,0.0,10.0,WR,0.0,0.5,75.0,5.5,0.0,0.25,0.0,1.25,0.5
5904,2013.0,6,Reggie Wayne,0.0,0.0,Chargers,0.0,0.0,0.0,0.0,0.0,0.0,9.6,WR,0.2,0.4,73.0,5.6,0.0,0.2,0.0,1.0,0.4
6036,2013.0,7,Reggie Wayne,0.0,0.0,Broncos,0.0,0.0,0.0,0.0,0.0,0.0,9.333333333333334,WR,0.16666666666666666,0.3333333333333333,75.5,5.5,0.0,0.16666666666666666,0.0,0.8333333333333334,0.5
