,Year,Week,Name,Fumble TD,Fumbles Lost,Opponent,Pass 2PT,Pass Attempts,Pass Completions,Pass Interceptions,Pass TD,Pass Yards,Points,Position,Receiving 2PT,Receiving TD,Receiving Yards,Receptions,Rush 2PT,Rush Attempts,Rush TD,Rush Yards,Away Games
4159,2016.0,1,Brent Celek,0.0,0.0,Browns,0.0,0.0,0.0,0.0,0.0,0.0,1.0,TE,0.0,0.0,11.0,1.0,0.0,0.0,0.0,0.0,0.0
4235,2016.0,3,Brent Celek,0.0,0.0,Steelers,0.0,0.0,0.0,0.0,0.0,0.0,1.0,TE,0.0,0.0,11.0,1.0,0.0,0.0,0.0,0.0,0.0
4456,2016.0,7,Brent Celek,0.0,0.0,Min,0.0,0.0,0.0,0.0,0.0,0.0,3.5,TE,0.0,0.0,36.0,2.0,0.0,0.0,0.0,0.0,0.0
4597,2016.0,10,Brent Celek,0.0,0.0,Falcons,0.0,0.0,0.0,0.0,0.0,0.0,2.3333333333333335,TE,0.0,0.0,26.333333333333332,1.6666666666666667,0.0,0.0,0.0,0.0,0.0
4632,2016.0,11,Brent Celek,0.0,0.0,Seahawks,0.0,0.0,0.0,0.0,0.0,0.0,1.75,TE,0.0,0.0,22.0,1.5,0.0,0.0,0.0,0.0,0.0
4792,2016.0,14,Brent Celek,0.0,0.0,Redskins,0.0,0.0,0.0,0.0,0.0,0.0,1.6,TE,0.0,0.0,21.4,1.4,0.0,0.0,0.0,0.0,0.2
4845,2016.0,15,Brent Celek,0.0,0.0,Ravens,0.0,0.0,0.0,0.0,0.0,0.0,1.3333333333333333,TE,0.0,0.0,19.0,1.5,0.0,0.0,0.0,0.0,0.16666666666666666
4884,2016.0,16,Brent Celek,0.0,0.0,Giants,0.0,0.0,0.0,0.0,0.0,0.0,1.1428571428571428,TE,0.0,0.0,17.0,1.4285714285714286,0.0,0.0,0.0,0.0,0.2857142857142857
4946,2016.0,17,Brent Celek,0.0,0.0,Cowboys,0.0,0.0,0.0,0.0,0.0,0.0,1.25,TE,0.0,0.0,18.25,1.625,0.0,0.0,0.0,0.0,0.25
