,Year,Week,Name,Fumble TD,Fumbles Lost,Opponent,Pass 2PT,Pass Attempts,Pass Completions,Pass Interceptions,Pass TD,Pass Yards,Points,Position,Receiving 2PT,Receiving TD,Receiving Yards,Receptions,Rush 2PT,Rush Attempts,Rush TD,Rush Yards,Away Games
6416,2013.0,9,Dennis Johnson,0.0,0.0,Colts,0.0,0.0,0.0,0.0,0.0,0.0,3.0,RB,0.0,0.0,0.0,0.0,0.0,8.0,0.0,36.0,0.0
6498,2013.0,10,Dennis Johnson,0.0,0.0,Cardinals,0.0,0.0,0.0,0.0,0.0,0.0,3.0,RB,0.0,0.0,0.0,0.0,0.0,8.0,0.0,36.0,0.0
6587,2013.0,11,Dennis Johnson,0.0,0.0,Raiders,0.0,0.0,0.0,0.0,0.0,0.0,2.0,RB,0.0,0.0,7.0,0.5,0.0,6.0,0.0,21.5,0.5
6617,2013.0,12,Dennis Johnson,0.0,0.0,Jaguars,0.0,0.0,0.0,0.0,0.0,0.0,1.3333333333333333,RB,0.0,0.0,4.666666666666667,0.3333333333333333,0.0,4.666666666666667,0.0,15.0,0.3333333333333333
6734,2013.0,13,Dennis Johnson,0.0,0.0,Patriots,0.0,0.0,0.0,0.0,0.0,0.0,3.0,RB,0.0,0.0,6.75,0.75,0.0,6.75,0.0,29.75,0.25
6830,2013.0,14,Dennis Johnson,0.0,0.0,Jaguars,0.0,0.0,0.0,0.0,0.0,0.0,2.8,RB,0.0,0.0,7.6,0.8,0.0,6.0,0.0,26.4,0.2
6913,2013.0,15,Dennis Johnson,0.0,0.0,Colts,0.0,0.0,0.0,0.0,0.0,0.0,2.5,RB,0.0,0.0,7.0,0.8333333333333334,0.0,5.5,0.0,23.666666666666668,0.3333333333333333
6983,2013.0,16,Dennis Johnson,0.0,0.0,Broncos,0.0,0.0,0.0,0.0,0.0,0.0,2.2857142857142856,RB,0.0,0.0,6.428571428571429,0.8571428571428571,0.0,5.285714285714286,0.0,22.0,0.42857142857142855
