,Year,Week,Name,Fumble TD,Fumbles Lost,Opponent_x,Pass 2PT,Pass Attempts,Pass Completions,Pass Interceptions,Pass TD,Pass Yards,Points_x,Position_x,Receiving 2PT,Receiving TD,Receiving Yards,Receptions,Rush 2PT,Rush Attempts,Rush TD,Rush Yards,Away Games_x,Team,Blocks,Fumble Returns,Interception,Opponent_y,Pass Yards Allowed,Point After,Points_y,Position_y,Rush Yards Allowed,Sack,Safety,Total Yards,Touchdowns,Away Games_y
0,2016.0,2,E.J. Manuel,0.0,0.0,Jets,0.0,1.0,1.0,0.0,0.0,10.0,0.0,QB,0.0,0.0,0.0,0.0,0.0,2.0,0.0,2.0,0.0,Jets,0.0,0.0,1.0,Bills,324.0,23.0,10.0,DST,57.0,7.0,0.0,381.0,0.0,0.0
1,2016.0,6,E.J. Manuel,0.0,0.0,49ers,0.0,1.0,1.0,0.0,0.0,10.0,0.0,QB,0.0,0.0,0.0,0.0,0.0,2.0,0.0,2.0,0.0,49ers,0.2,0.8,0.8,Bills,222.8,28.0,7.4,DST,146.8,1.6,0.0,369.6,0.0,0.4
2,2016.0,8,E.J. Manuel,0.0,0.0,Patriots,0.0,1.5,0.5,0.0,0.0,5.0,0.5,QB,0.0,0.0,0.0,0.0,0.0,2.5,0.0,6.5,0.0,Patriots,0.0,0.5714285714285714,0.7142857142857143,Bills,258.7142857142857,15.285714285714285,9.142857142857142,DST,92.28571428571428,1.5714285714285714,0.2857142857142857,351.0,0.0,0.42857142857142855
3,2016.0,15,E.J. Manuel,0.0,0.0,Browns,0.3333333333333333,1.6666666666666667,0.6666666666666666,0.0,0.0,15.0,1.3333333333333333,QB,0.0,0.0,0.0,0.0,0.0,1.6666666666666667,0.0,4.333333333333333,0.0,Browns,0.0,0.2307692307692308,0.6153846153846154,Bills,250.7692307692308,28.84615384615385,4.076923076923077,DST,146.15384615384616,1.6153846153846154,0.0,396.92307692307685,0.07692307692307693,0.4615384615384616
4,2016.0,17,E.J. Manuel,0.0,0.0,Jets,0.25,1.5,0.5,0.0,0.0,11.25,1.0,QB,0.0,0.0,0.0,0.0,0.0,1.5,0.0,3.5,0.0,Jets,0.0,0.26666666666666666,0.4666666666666667,Bills,249.06666666666663,26.6,4.4,DST,100.86666666666666,1.6,0.0,349.9333333333333,0.0,0.5333333333333333
