,Year,Week,Name,Fumble TD,Fumbles Lost,Opponent_x,Pass 2PT,Pass Attempts,Pass Completions,Pass Interceptions,Pass TD,Pass Yards,Points_x,Position_x,Receiving 2PT,Receiving TD,Receiving Yards,Receptions,Rush 2PT,Rush Attempts,Rush TD,Rush Yards,Away Games_x,Team,Blocks,Fumble Returns,Interception,Opponent_y,Pass Yards Allowed,Point After,Points_y,Position_y,Rush Yards Allowed,Sack,Safety,Total Yards,Touchdowns,Away Games_y
0,2016.0,1,Sammie Coates,0.0,0.0,Redskins,0.0,0.0,0.0,0.0,0.0,0.0,5.0,WR,0.0,0.0,56.0,2.0,0.0,0.0,0.0,0.0,1.0,Redskins,0.0,0.0,1.0,Steelers,290.0,38.0,3.0,DST,147.0,1.0,0.0,437.0,0.0,0.0
1,2016.0,2,Sammie Coates,0.0,0.0,Bengals,0.0,0.0,0.0,0.0,0.0,0.0,5.0,WR,0.0,0.0,56.0,2.0,0.0,0.0,0.0,0.0,1.0,Bengals,1.0,0.0,1.0,Steelers,188.0,22.0,6.0,DST,152.0,1.0,0.0,340.0,0.0,1.0
2,2016.0,3,Sammie Coates,0.0,0.0,Eagles,0.0,0.0,0.0,0.0,0.0,0.0,7.0,WR,0.0,0.0,76.5,2.0,0.0,0.5,0.0,3.0,0.5,Eagles,0.0,1.0,1.0,Steelers,194.0,12.0,13.5,DST,92.0,3.0,0.5,286.0,0.0,0.5
3,2016.0,4,Sammie Coates,0.0,0.0,Chiefs,0.0,0.0,0.0,0.0,0.0,0.0,6.333333333333332,WR,0.0,0.0,67.66666666666667,2.333333333333333,0.0,0.3333333333333333,0.0,2.0,0.6666666666666666,Chiefs,0.0,0.6666666666666666,2.6666666666666665,Steelers,225.0,16.333333333333332,16.666666666666668,DST,123.0,1.0,0.0,348.0,0.6666666666666666,0.3333333333333333
4,2016.0,5,Sammie Coates,0.0,0.0,Jets,0.0,0.0,0.0,0.0,0.0,0.0,6.5,WR,0.0,0.0,70.5,3.25,0.0,0.5,0.0,1.25,0.5,Jets,0.0,0.25,0.5,Steelers,285.0,26.25,5.0,DST,70.25,2.75,0.0,355.25,0.0,0.5
5,2016.0,7,Sammie Coates,0.0,0.0,Patriots,0.0,0.0,0.0,0.0,0.0,0.0,10.2,WR,0.0,0.4,84.2,3.8,0.0,0.4,0.0,1.0,0.4,Patriots,0.0,0.6666666666666666,0.6666666666666666,Steelers,255.0,15.166666666666664,9.666666666666666,DST,92.0,1.8333333333333333,0.3333333333333333,347.0,0.0,0.3333333333333333
6,2016.0,15,Sammie Coates,0.0,0.0,Bengals,0.0,0.0,0.0,0.0,0.0,0.0,8.5,WR,0.0,0.3333333333333333,70.83333333333333,3.333333333333333,0.0,0.3333333333333333,0.0,0.8333333333333334,0.3333333333333333,Bengals,0.15384615384615385,0.2307692307692308,1.1538461538461535,Steelers,238.23076923076923,20.69230769230769,7.769230769230768,DST,119.07692307692308,1.9230769230769231,0.07692307692307693,357.3076923076923,0.0,0.5384615384615384
