,Unnamed: 0,50+,FGA,FGM,Name,Opponent,Points,Position,Week,XPA,XPM,Year,Away Games
3006,397.0,1.0,4.0,4.0,Josh Brown,Cowboys,15.0,K,14,1.0,1.0,2012.0,0.0
3048,397.0,1.0,4.0,4.0,Josh Brown,Eagles,15.0,K,15,1.0,1.0,2012.0,0.0
3086,418.0,0.5,3.0,3.0,Josh Brown,Steelers,12.5,K,16,2.5,2.5,2012.0,0.5
3104,437.6666666666667,0.3333333333333333,3.0,2.6666666666666665,Josh Brown,Ravens,10.666666666666666,K,17,2.0,2.0,2012.0,0.6666666666666666
