,Year,Week,Name,Fumble TD,Fumbles Lost,Opponent,Pass 2PT,Pass Attempts,Pass Completions,Pass Interceptions,Pass TD,Pass Yards,Points,Position,Receiving 2PT,Receiving TD,Receiving Yards,Receptions,Rush 2PT,Rush Attempts,Rush TD,Rush Yards,Away Games
781,2015.0,6,Landry Jones,0.0,0.0,Cardinals,0.0,12.0,8.0,0.0,2.0,168.0,18.0,QB,0.0,0.0,0.0,0.0,0.0,1.0,0.0,-1.0,0.0
814,2015.0,7,Landry Jones,0.0,0.0,Chiefs,0.0,12.0,8.0,0.0,2.0,168.0,18.0,QB,0.0,0.0,0.0,0.0,0.0,1.0,0.0,-1.0,0.0
881,2015.0,9,Landry Jones,0.0,0.5,Raiders,0.0,20.5,12.0,1.0,1.5,188.5,13.5,QB,0.0,0.0,0.0,0.0,0.0,1.0,0.0,-1.5,0.5
917,2015.0,10,Landry Jones,0.0,0.3333333333333333,Browns,0.0,15.666666666666666,9.333333333333334,0.6666666666666666,1.0,152.0,10.0,QB,0.0,0.0,0.0,0.0,0.0,0.6666666666666666,0.0,-1.0,0.3333333333333333
986,2015.0,12,Landry Jones,0.0,0.25,Seahawks,0.0,12.75,7.75,0.5,0.75,119.75,7.5,QB,0.0,0.0,0.0,0.0,0.0,0.5,0.0,-0.75,0.25
1022,2015.0,13,Landry Jones,0.0,0.2,Colts,0.0,11.0,6.4,0.8,0.6,102.6,5.4,QB,0.0,0.0,0.0,0.0,0.0,0.4,0.0,-0.6,0.4
1059,2015.0,14,Landry Jones,0.0,0.16666666666666666,Bengals,0.0,9.166666666666666,5.333333333333333,0.6666666666666666,0.5,85.5,4.5,QB,0.0,0.0,0.0,0.0,0.0,0.5,0.0,-0.6666666666666666,0.3333333333333333
