,Year,Week,Name,Fumble TD,Fumbles Lost,Opponent,Pass 2PT,Pass Attempts,Pass Completions,Pass Interceptions,Pass TD,Pass Yards,Points,Position,Receiving 2PT,Receiving TD,Receiving Yards,Receptions,Rush 2PT,Rush Attempts,Rush TD,Rush Yards,Away Games
276,2011.0,4,Ryan Torain,0.0,0.0,Rams,0.0,0.0,0.0,0.0,0.0,0.0,19.0,RB,0.0,0.0,0.0,0.0,0.0,19.0,1.0,135.0,1.0
478,2011.0,6,Ryan Torain,0.0,0.0,Eagles,0.0,0.0,0.0,0.0,0.0,0.0,19.0,RB,0.0,0.0,0.0,0.0,0.0,19.0,1.0,135.0,1.0
570,2011.0,7,Ryan Torain,0.0,0.0,Panthers,0.0,0.0,0.0,0.0,0.0,0.0,10.5,RB,0.0,0.0,0.0,0.0,0.0,14.5,0.5,78.5,0.5
620,2011.0,8,Ryan Torain,0.0,0.0,Bills,0.0,0.0,0.0,0.0,0.0,0.0,7.0,RB,0.0,0.0,0.0,0.0,0.0,10.333333333333334,0.3333333333333333,50.666666666666664,0.6666666666666666
707,2011.0,9,Ryan Torain,0.0,0.0,49ers,0.0,0.0,0.0,0.0,0.0,0.0,5.5,RB,0.0,0.0,1.5,0.25,0.0,9.75,0.25,41.5,0.75
774,2011.0,10,Ryan Torain,0.0,0.0,Dolphins,0.0,0.0,0.0,0.0,0.0,0.0,4.4,RB,0.0,0.0,2.6,0.4,0.0,8.0,0.2,33.6,0.6
872,2011.0,11,Ryan Torain,0.0,0.0,Cowboys,0.0,0.0,0.0,0.0,0.0,0.0,4.0,RB,0.0,0.0,2.8333333333333335,0.5,0.0,8.333333333333334,0.16666666666666666,31.333333333333332,0.6666666666666666
1336,2011.0,16,Ryan Torain,0.0,0.0,Min,0.0,0.0,0.0,0.0,0.0,0.0,3.4285714285714284,RB,0.0,0.0,2.7142857142857144,0.5714285714285714,0.0,7.857142857142857,0.14285714285714285,27.428571428571427,0.5714285714285714
