,Year,Week,Name,Fumble TD,Fumbles Lost,Opponent_x,Pass 2PT,Pass Attempts,Pass Completions,Pass Interceptions,Pass TD,Pass Yards,Points_x,Position_x,Receiving 2PT,Receiving TD,Receiving Yards,Receptions,Rush 2PT,Rush Attempts,Rush TD,Rush Yards,Away Games_x,Team,Blocks,Fumble Returns,Interception,Opponent_y,Pass Yards Allowed,Point After,Points_y,Position_y,Rush Yards Allowed,Sack,Safety,Total Yards,Touchdowns,Away Games_y
0,2011.0,4,Ryan Torain,0.0,0.0,Rams,0.0,0.0,0.0,0.0,0.0,0.0,19.0,RB,0.0,0.0,0.0,0.0,0.0,19.0,1.0,135.0,1.0,Rams,0.0,0.6666666666666666,0.3333333333333333,Redskins,252.0,32.0,4.666666666666667,DST,174.33333333333337,2.6666666666666665,0.0,426.33333333333326,0.0,0.3333333333333333
1,2011.0,6,Ryan Torain,0.0,0.0,Eagles,0.0,0.0,0.0,0.0,0.0,0.0,19.0,RB,0.0,0.0,0.0,0.0,0.0,19.0,1.0,135.0,1.0,Eagles,0.2,0.4,0.6,Redskins,211.8,26.4,8.4,DST,140.2,3.2,0.0,352.0,0.2,0.6
2,2011.0,7,Ryan Torain,0.0,0.0,Panthers,0.0,0.0,0.0,0.0,0.0,0.0,10.5,RB,0.0,0.0,0.0,0.0,0.0,14.5,0.5,78.5,0.5,Panthers,0.0,0.3333333333333333,0.5,Redskins,219.0,27.16666666666667,4.666666666666667,DST,140.33333333333334,1.5,0.16666666666666666,359.33333333333326,0.0,0.5
3,2011.0,8,Ryan Torain,0.0,0.0,Bills,0.0,0.0,0.0,0.0,0.0,0.0,7.0,RB,0.0,0.0,0.0,0.0,0.0,10.333333333333334,0.3333333333333333,50.66666666666666,0.6666666666666666,Bills,0.16666666666666666,0.6666666666666666,2.0,Redskins,284.8333333333333,24.5,11.0,DST,135.66666666666666,0.6666666666666666,0.0,420.5,0.5,0.5
4,2011.0,9,Ryan Torain,0.0,0.0,49ers,0.0,0.0,0.0,0.0,0.0,0.0,5.5,RB,0.0,0.0,1.5,0.25,0.0,9.75,0.25,41.5,0.75,49ers,0.0,1.0,1.2857142857142858,Redskins,255.7142857142857,15.285714285714285,15.285714285714285,DST,73.42857142857143,3.0,0.14285714285714285,329.14285714285717,0.42857142857142855,0.42857142857142855
5,2011.0,10,Ryan Torain,0.0,0.0,Dolphins,0.0,0.0,0.0,0.0,0.0,0.0,4.4,RB,0.0,0.0,2.6,0.4,0.0,8.0,0.2,33.6,0.6,Dolphins,0.0,0.25,0.25,Redskins,265.25,21.125,6.625,DST,110.625,2.5,0.0,375.875,0.0,0.625
6,2011.0,11,Ryan Torain,0.0,0.0,Cowboys,0.0,0.0,0.0,0.0,0.0,0.0,4.0,RB,0.0,0.0,2.833333333333333,0.5,0.0,8.333333333333334,0.16666666666666666,31.33333333333333,0.6666666666666666,Cowboys,0.2222222222222222,0.6666666666666666,1.4444444444444444,Redskins,221.77777777777774,20.222222222222218,11.333333333333336,DST,106.0,2.555555555555556,0.0,327.77777777777777,0.1111111111111111,0.4444444444444444
