,Unnamed: 0,50+,FGA,FGM,Name,Opponent,Points,Position,Week,XPA,XPM,Year,Away Games
878,359.0,0.0,5.0,5.0,Connor Barth,Chiefs,17.0,K,13,2.0,2.0,2014.0,1.0
922,359.0,0.0,5.0,5.0,Connor Barth,Bills,17.0,K,14,2.0,2.0,2014.0,1.0
943,381.0,0.5,3.0,3.0,Connor Barth,Chargers,12.5,K,15,2.5,2.5,2014.0,0.5
999,395.3333333333333,0.3333333333333333,3.6666666666666665,3.6666666666666665,Connor Barth,Bengals,13.666666666666666,K,16,2.0,2.0,2014.0,0.6666666666666666
1008,416.5,0.25,3.0,2.75,Connor Barth,Raiders,11.25,K,17,2.5,2.5,2014.0,0.75
