,Year,Week,Name,Fumble TD,Fumbles Lost,Opponent_x,Pass 2PT,Pass Attempts,Pass Completions,Pass Interceptions,Pass TD,Pass Yards,Points_x,Position_x,Receiving 2PT,Receiving TD,Receiving Yards,Receptions,Rush 2PT,Rush Attempts,Rush TD,Rush Yards,Away Games_x,Team,Blocks,Fumble Returns,Interception,Opponent_y,Pass Yards Allowed,Point After,Points_y,Position_y,Rush Yards Allowed,Sack,Safety,Total Yards,Touchdowns,Away Games_y
0,2014.0,13,Santana Moss,0.0,0.0,Colts,0.0,0.0,0.0,0.0,0.0,0.0,3.0,WR,0.0,0.0,30.0,3.0,0.0,0.0,0.0,0.0,1.0,Colts,0.09090909090909093,0.9090909090909092,0.8181818181818182,Redskins,249.3636363636364,23.272727272727273,10.0,DST,109.9090909090909,2.5454545454545454,0.0,359.27272727272725,0.09090909090909093,0.4545454545454545
1,2014.0,14,Santana Moss,0.0,0.0,Rams,0.0,0.0,0.0,0.0,0.0,0.0,3.0,WR,0.0,0.0,30.0,3.0,0.0,0.0,0.0,0.0,1.0,Rams,0.16666666666666666,0.9166666666666666,0.8333333333333334,Redskins,245.25,23.75,10.666666666666666,DST,111.25,2.333333333333333,0.0,356.5,0.3333333333333333,0.5
2,2014.0,15,Santana Moss,0.0,0.0,Giants,0.0,0.0,0.0,0.0,0.0,0.0,3.5,WR,0.0,0.0,36.5,3.0,0.0,0.0,0.0,0.0,0.5,Giants,0.07692307692307693,0.4615384615384616,1.1538461538461535,Redskins,236.84615384615384,25.07692307692308,8.461538461538463,DST,134.46153846153842,2.6153846153846154,0.0,371.3076923076923,0.07692307692307693,0.5384615384615384
3,2014.0,17,Santana Moss,0.0,0.0,Cowboys,0.0,0.0,0.0,0.0,0.0,0.0,2.6666666666666665,WR,0.0,0.0,30.33333333333333,2.333333333333333,0.0,0.0,0.0,0.0,0.6666666666666666,Cowboys,0.06666666666666668,0.7333333333333333,1.0666666666666669,Redskins,248.13333333333333,22.33333333333333,8.4,DST,103.06666666666666,1.6666666666666667,0.0,351.2,0.13333333333333333,0.4666666666666667
