,Year,Week,Name,Fumble TD,Fumbles Lost,Opponent_x,Pass 2PT,Pass Attempts,Pass Completions,Pass Interceptions,Pass TD,Pass Yards,Points_x,Position_x,Receiving 2PT,Receiving TD,Receiving Yards,Receptions,Rush 2PT,Rush Attempts,Rush TD,Rush Yards,Away Games_x,Team,Blocks,Fumble Returns,Interception,Opponent_y,Pass Yards Allowed,Point After,Points_y,Position_y,Rush Yards Allowed,Sack,Safety,Total Yards,Touchdowns,Away Games_y
0,2013.0,10,Alex Smith,0.0,0.0,Ravens,0.0,0.0,0.0,0.0,0.0,0.0,0.0,TE,0.0,0.0,3.0,1.0,0.0,0.0,0.0,0.0,1.0,Ravens,0.0,0.625,0.5,Bengals,239.125,21.5,10.625,DST,100.375,3.375,0.0,339.5,0.25,0.625
1,2013.0,11,Alex Smith,0.0,0.0,Browns,0.0,0.0,0.0,0.0,0.0,0.0,0.0,TE,0.0,0.0,3.0,1.0,0.0,0.0,0.0,0.0,1.0,Browns,0.0,0.5555555555555556,0.6666666666666666,Bengals,217.44444444444446,21.88888888888889,9.666666666666666,DST,98.22222222222223,3.4444444444444446,0.0,315.6666666666667,0.2222222222222222,0.4444444444444444
2,2013.0,17,Alex Smith,0.0,0.0,Ravens,0.0,0.0,0.0,0.0,0.0,0.0,3.0,TE,0.0,0.5,2.5,1.0,0.0,0.0,0.0,0.0,0.5,Ravens,0.0,0.4666666666666667,0.8,Bengals,226.66666666666663,21.2,9.866666666666667,DST,105.06666666666666,2.6666666666666665,0.0,331.73333333333335,0.2,0.4666666666666667
