,Unnamed: 0,Unnamed: 0.1,Fumble TD,Fumbles Lost,Name,Opponent,Pass 2PT,Pass Attempts,Pass Completions,Pass Interceptions,Pass TD,Pass Yards,Points,Position,Receiving 2PT,Receiving TD,Receiving Yards,Receptions,Rush 2PT,Rush Attempts,Rush TD,Rush Yards,Week,Year
15,15,15.0,0.0,0.0,Drew Brees,Vikings,0.0,37.0,27.0,0.0,1.0,291.0,17.0,QB,0.0,0.0,0.0,0.0,0.0,0.0,0.0,0.0,1,2017.0
37,37,15.0,0.0,0.0,Drew Brees,Saints,0.0,37.0,27.0,0.0,1.0,291.0,17.0,QB,0.0,0.0,0.0,0.0,0.0,0.0,0.0,0.0,2,2017.0
78,78,26.0,0.0,0.0,Drew Brees,Panthers,0.0,41.0,27.0,0.0,1.5,323.5,21.5,QB,0.0,0.0,0.0,0.0,0.0,0.0,0.0,0.0,3,2017.0
115,115,43.333333333333336,0.0,0.0,Drew Brees,Dolphins,0.0,37.0,25.333333333333332,0.0,2.0,289.0,23.0,QB,0.0,0.0,0.0,0.0,0.0,0.0,0.0,0.0,4,2017.0
183,183,61.25,0.0,0.0,Drew Brees,Saints,0.0,38.0,26.25,0.0,2.0,283.75,22.75,QB,0.0,0.0,0.0,0.0,0.0,1.0,0.0,0.75,6,2017.0
209,209,85.6,0.0,0.0,Drew Brees,Packers,0.0,36.4,25.0,0.4,2.0,264.2,21.2,QB,0.0,0.0,0.0,0.0,0.0,1.0,0.0,0.8,7,2017.0
255,255,106.16666666666667,0.0,0.0,Drew Brees,Saints,0.0,36.666666666666664,25.333333333333332,0.6666666666666666,1.8333333333333333,275.3333333333333,21.166666666666668,QB,0.0,0.0,0.0,0.0,0.0,1.6666666666666667,0.16666666666666666,0.5,8,2017.0
273,273,127.42857142857143,0.0,0.0,Drew Brees,Saints,0.0,35.42857142857143,25.0,0.5714285714285714,1.5714285714285714,278.7142857142857,19.714285714285715,QB,0.0,0.0,0.0,0.0,0.0,2.0,0.14285714285714285,0.14285714285714285,9,2017.0
317,317,145.625,0.0,0.0,Drew Brees,Bills,0.0,34.375,24.625,0.5,1.625,276.75,20.0,QB,0.0,0.0,0.0,0.0,0.0,2.25,0.125,0.375,10,2017.0
332,332,164.66666666666666,0.0,0.0,Drew Brees,Saints,0.0,33.333333333333336,23.88888888888889,0.4444444444444444,1.4444444444444444,266.44444444444446,19.22222222222222,QB,0.0,0.0,0.0,0.0,0.0,2.2222222222222223,0.2222222222222222,1.0,11,2017.0
380,380,181.4,0.0,0.0,Drew Brees,Rams,0.0,34.1,24.4,0.5,1.5,278.3,19.8,QB,0.0,0.0,0.0,0.0,0.0,2.1,0.2,1.1,12,2017.0
415,415,199.45454545454547,0.0,0.0,Drew Brees,Saints,0.0,33.90909090909091,24.181818181818183,0.45454545454545453,1.4545454545454546,275.3636363636364,19.363636363636363,QB,0.0,0.0,0.0,0.0,0.0,2.0,0.18181818181818182,1.4545454545454546,13,2017.0
