,Year,Week,Name,Fumble TD,Fumbles Lost,Opponent_x,Pass 2PT,Pass Attempts,Pass Completions,Pass Interceptions,Pass TD,Pass Yards,Points_x,Position_x,Receiving 2PT,Receiving TD,Receiving Yards,Receptions,Rush 2PT,Rush Attempts,Rush TD,Rush Yards,Away Games_x,Team,Blocks,Fumble Returns,Interception,Opponent_y,Pass Yards Allowed,Point After,Points_y,Position_y,Rush Yards Allowed,Sack,Safety,Total Yards,Touchdowns,Away Games_y
0,2010.0,4,Jim Dray,0.0,0.0,Chargers,0.0,0.0,0.0,0.0,0.0,0.0,2.0,TE,0.0,0.0,24.0,1.0,0.0,0.0,0.0,0.0,1.0,Chargers,0.0,0.6666666666666666,1.6666666666666667,Cardinals,181.33333333333331,20.33333333333333,10.333333333333334,DST,91.33333333333331,2.0,0.3333333333333333,272.6666666666667,0.0,0.6666666666666666
1,2010.0,13,Jim Dray,0.0,0.0,Rams,0.0,0.0,0.0,0.0,0.0,0.0,1.5,TE,0.0,0.0,20.5,1.0,0.0,0.0,0.0,0.0,1.0,Rams,0.18181818181818185,0.8181818181818182,0.7272727272727273,Cardinals,239.54545454545453,21.0,9.727272727272727,DST,103.36363636363636,2.8181818181818183,0.0,342.90909090909093,0.0,0.4545454545454545
