,Year,Week,Name,Fumble TD,Fumbles Lost,Opponent_x,Pass 2PT,Pass Attempts,Pass Completions,Pass Interceptions,Pass TD,Pass Yards,Points_x,Position_x,Receiving 2PT,Receiving TD,Receiving Yards,Receptions,Rush 2PT,Rush Attempts,Rush TD,Rush Yards,Away Games_x,Team,Blocks,Fumble Returns,Interception,Opponent_y,Pass Yards Allowed,Point After,Points_y,Position_y,Rush Yards Allowed,Sack,Safety,Total Yards,Touchdowns,Away Games_y
0,2015.0,3,Marlon Moore,0.0,0.0,Raiders,0.0,0.0,0.0,0.0,0.0,0.0,1.0,WR,0.0,0.0,15.0,1.0,0.0,0.0,0.0,0.0,0.0,Raiders,0.5,0.5,0.5,Browns,326.5,33.0,3.0,DST,118.0,0.0,0.0,444.5,0.0,0.0
1,2015.0,12,Marlon Moore,0.0,0.0,Ravens,0.0,0.0,0.0,0.0,0.0,0.0,1.0,WR,0.0,0.0,15.0,1.0,0.0,0.0,0.0,0.0,0.0,Ravens,0.4,0.5,0.4,Browns,257.0,24.9,8.2,DST,97.0,2.5,0.0,354.0,0.2,0.5
2,2015.0,13,Marlon Moore,0.0,0.0,Bengals,0.0,0.0,0.0,0.0,0.0,0.0,4.0,WR,0.0,0.5,12.5,1.0,0.0,0.0,0.0,0.0,0.0,Bengals,0.0,0.3636363636363637,1.2727272727272727,Browns,243.54545454545453,17.545454545454547,10.363636363636363,DST,99.8181818181818,2.636363636363636,0.0,343.3636363636364,0.09090909090909093,0.4545454545454545
3,2015.0,14,Marlon Moore,0.0,0.0,49ers,0.0,0.0,0.0,0.0,0.0,0.0,3.0,WR,0.0,0.3333333333333333,13.0,1.0,0.0,0.0,0.0,0.0,0.0,49ers,0.16666666666666666,0.08333333333333333,0.6666666666666666,Browns,269.9166666666667,24.25,6.916666666666668,DST,125.16666666666669,1.6666666666666667,0.0,395.08333333333326,0.08333333333333333,0.5
4,2015.0,15,Marlon Moore,0.0,0.0,Seahawks,0.0,0.0,0.0,0.0,0.0,0.0,2.75,WR,0.0,0.25,15.5,1.25,0.0,0.0,0.0,0.0,0.0,Seahawks,0.0,0.6153846153846154,0.7692307692307693,Browns,224.61538461538458,18.076923076923077,12.230769230769232,DST,83.15384615384616,2.4615384615384617,0.0,307.76923076923083,0.38461538461538464,0.5384615384615384
5,2015.0,16,Marlon Moore,0.0,0.0,Chiefs,0.0,0.0,0.0,0.0,0.0,0.0,2.6,WR,0.0,0.2,16.4,1.2,0.0,0.0,0.0,0.0,0.2,Chiefs,0.0,0.5,1.4285714285714286,Browns,243.2142857142857,18.357142857142858,13.785714285714285,DST,92.21428571428572,2.9285714285714284,0.0,335.42857142857144,0.42857142857142855,0.5714285714285714
