,Year,Week,Name,Fumble TD,Fumbles Lost,Opponent_x,Pass 2PT,Pass Attempts,Pass Completions,Pass Interceptions,Pass TD,Pass Yards,Points_x,Position_x,Receiving 2PT,Receiving TD,Receiving Yards,Receptions,Rush 2PT,Rush Attempts,Rush TD,Rush Yards,Away Games_x,Team,Blocks,Fumble Returns,Interception,Opponent_y,Pass Yards Allowed,Point After,Points_y,Position_y,Rush Yards Allowed,Sack,Safety,Total Yards,Touchdowns,Away Games_y
0,2010.0,9,James Casey,0.0,0.0,Chargers,0.0,0.0,0.0,0.0,0.0,0.0,4.0,TE,0.0,0.0,48.0,4.0,0.0,0.0,0.0,0.0,0.0,Chargers,0.0,0.375,0.875,Texans,176.875,21.75,9.375,DST,83.125,3.125,0.125,260.0,0.125,0.5
1,2010.0,10,James Casey,0.0,0.0,Jaguars,0.0,0.0,0.0,0.0,0.0,0.0,4.0,TE,0.0,0.0,48.0,4.0,0.0,0.0,0.0,0.0,0.0,Jaguars,0.125,0.375,1.0,Texans,267.125,28.25,5.875,DST,119.125,1.75,0.0,386.25,0.0,0.5
2,2010.0,11,James Casey,0.0,0.0,Jets,0.0,0.0,0.0,0.0,0.0,0.0,2.5,TE,0.0,0.0,33.0,2.5,0.0,0.0,0.0,0.0,0.5,Jets,0.1111111111111111,1.2222222222222223,0.5555555555555556,Texans,217.11111111111111,16.666666666666668,11.0,DST,89.55555555555556,2.2222222222222223,0.0,306.6666666666667,0.1111111111111111,0.5555555555555556
3,2010.0,13,James Casey,0.0,0.0,Eagles,0.0,0.0,0.0,0.0,0.0,0.0,1.6666666666666667,TE,0.0,0.0,23.0,2.0,0.0,0.0,0.0,0.0,0.6666666666666666,Eagles,0.0,0.6363636363636364,1.7272727272727273,Texans,214.0,23.363636363636363,10.818181818181818,DST,102.54545454545456,2.727272727272727,0.0,316.54545454545456,0.18181818181818185,0.5454545454545454
4,2010.0,16,James Casey,0.0,0.0,Broncos,0.0,0.0,0.0,0.0,0.0,0.0,1.25,TE,0.0,0.0,19.25,1.75,0.0,0.0,0.0,0.0,0.75,Broncos,0.0,0.5714285714285714,0.5714285714285714,Texans,227.64285714285717,29.642857142857146,5.357142857142857,DST,158.42857142857142,1.2857142857142858,0.0,386.07142857142856,0.07142857142857142,0.5714285714285714
