,Year,Week,Name,Fumble TD,Fumbles Lost,Opponent_x,Pass 2PT,Pass Attempts,Pass Completions,Pass Interceptions,Pass TD,Pass Yards,Points_x,Position_x,Receiving 2PT,Receiving TD,Receiving Yards,Receptions,Rush 2PT,Rush Attempts,Rush TD,Rush Yards,Away Games_x,Team,Blocks,Fumble Returns,Interception,Opponent_y,Pass Yards Allowed,Point After,Points_y,Position_y,Rush Yards Allowed,Sack,Safety,Total Yards,Touchdowns,Away Games_y
0,2013.0,4,Greg Jones,0.0,0.0,Seahawks,0.0,0.0,0.0,0.0,0.0,0.0,0.0,RB,0.0,0.0,1.0,1.0,0.0,0.0,0.0,0.0,0.0,Seahawks,0.0,1.6666666666666667,1.6666666666666667,Texans,146.66666666666666,9.0,16.666666666666668,DST,95.0,2.333333333333333,0.3333333333333333,241.66666666666663,0.0,0.3333333333333333
1,2013.0,6,Greg Jones,0.0,0.0,Rams,0.0,0.0,0.0,0.0,0.0,0.0,0.0,RB,0.0,0.0,1.0,1.0,0.0,0.0,0.0,0.0,0.0,Rams,0.0,1.0,0.6,Texans,256.4,28.2,7.6,DST,126.0,2.2,0.0,382.4,0.2,0.4
2,2013.0,7,Greg Jones,0.0,0.0,Chiefs,0.0,0.0,0.0,0.0,0.0,0.0,0.0,RB,0.0,0.0,2.5,1.0,0.0,0.0,0.0,0.0,0.0,Chiefs,0.0,1.3333333333333333,1.6666666666666667,Texans,190.33333333333331,10.833333333333336,22.0,DST,116.0,5.0,0.0,306.3333333333333,0.8333333333333334,0.5
3,2013.0,10,Greg Jones,0.0,0.0,Cardinals,0.0,0.0,0.0,0.0,0.0,0.0,0.0,RB,0.0,0.0,1.6666666666666667,0.6666666666666666,0.0,0.6666666666666666,0.0,0.6666666666666666,0.3333333333333333,Cardinals,0.125,0.875,1.5,Texans,254.25,21.75,12.125,DST,88.25,2.875,0.125,342.5,0.125,0.5
4,2013.0,16,Greg Jones,0.0,0.0,Broncos,0.0,0.0,0.0,0.0,0.0,0.0,0.25,RB,0.0,0.0,6.0,0.75,0.0,0.5,0.0,0.5,0.5,Broncos,0.14285714285714285,0.5714285714285714,1.0714285714285714,Texans,266.14285714285717,26.57142857142857,9.785714285714286,DST,105.35714285714286,2.571428571428572,0.0,371.5,0.35714285714285715,0.42857142857142855
5,2013.0,17,Greg Jones,0.0,0.0,Titans,0.0,0.0,0.0,0.0,0.0,0.0,0.2,RB,0.0,0.0,5.6,0.8,0.0,0.4,0.0,0.4,0.4,Titans,0.13333333333333333,0.6666666666666666,0.7333333333333333,Texans,225.9333333333333,24.73333333333333,8.8,DST,115.33333333333331,2.333333333333333,0.0,341.26666666666665,0.2,0.5333333333333333
