,Year,Week,Name,Fumble TD,Fumbles Lost,Opponent_x,Pass 2PT,Pass Attempts,Pass Completions,Pass Interceptions,Pass TD,Pass Yards,Points_x,Position_x,Receiving 2PT,Receiving TD,Receiving Yards,Receptions,Rush 2PT,Rush Attempts,Rush TD,Rush Yards,Away Games_x,Team,Blocks,Fumble Returns,Interception,Opponent_y,Pass Yards Allowed,Point After,Points_y,Position_y,Rush Yards Allowed,Sack,Safety,Total Yards,Touchdowns,Away Games_y
0,2015.0,2,Blake Bell,0.0,0.0,Steelers,0.0,0.0,0.0,0.0,0.0,0.0,1.0,TE,0.0,0.0,11.0,1.0,0.0,0.0,0.0,0.0,1.0,Steelers,0.0,0.0,0.0,49ers,281.0,28.0,2.0,DST,80.0,2.0,0.0,361.0,0.0,1.0
1,2015.0,3,Blake Bell,0.0,0.0,Cardinals,0.0,0.0,0.0,0.0,0.0,0.0,1.0,TE,0.0,0.0,11.0,1.0,0.0,0.0,0.0,0.0,1.0,Cardinals,0.0,0.0,1.5,49ers,290.0,21.0,13.5,DST,81.5,2.0,0.0,371.5,1.0,0.5
2,2015.0,5,Blake Bell,0.0,0.0,Giants,0.0,0.0,0.0,0.0,0.0,0.0,0.5,TE,0.0,0.0,5.5,1.0,0.0,0.0,0.0,0.0,1.0,Giants,0.25,0.5,1.25,49ers,316.25,20.5,9.75,DST,69.75,1.25,0.25,386.0,0.25,0.5
3,2015.0,12,Blake Bell,0.0,0.0,Cardinals,0.0,0.0,0.0,0.0,0.0,0.0,0.3333333333333333,TE,0.0,0.0,5.666666666666668,1.0,0.0,0.0,0.0,0.0,1.0,Cardinals,0.0,0.5,1.4,49ers,228.7,21.6,11.1,DST,93.5,1.9,0.2,322.2,0.4,0.5
4,2015.0,13,Blake Bell,0.0,0.0,Bears,0.0,0.0,0.0,0.0,0.0,0.0,1.75,TE,0.0,0.0,21.0,1.5,0.0,0.0,0.0,0.0,0.75,Bears,0.09090909090909093,0.6363636363636364,0.5454545454545454,49ers,214.54545454545453,24.0,7.454545454545454,DST,128.54545454545453,2.0,0.0,343.09090909090907,0.0,0.5454545454545454
5,2015.0,14,Blake Bell,0.0,0.0,Browns,0.0,0.0,0.0,0.0,0.0,0.0,1.4,TE,0.0,0.0,17.8,1.4,0.0,0.0,0.0,0.0,0.8,Browns,0.08333333333333333,0.75,0.6666666666666666,49ers,262.5,28.91666666666667,6.5,DST,136.33333333333334,1.4166666666666667,0.0,398.83333333333326,0.25,0.5
6,2015.0,15,Blake Bell,0.0,0.0,Bengals,0.0,0.0,0.0,0.0,0.0,0.0,1.8333333333333333,TE,0.0,0.0,23.0,1.6666666666666667,0.0,0.0,0.0,0.0,0.8333333333333334,Bengals,0.07692307692307693,0.38461538461538464,1.2307692307692308,49ers,242.61538461538458,17.615384615384613,10.538461538461537,DST,96.15384615384615,2.6153846153846154,0.0,338.76923076923083,0.07692307692307693,0.4615384615384616
7,2015.0,17,Blake Bell,0.0,0.0,Rams,0.0,0.0,0.0,0.0,0.0,0.0,2.142857142857143,TE,0.0,0.0,25.857142857142854,2.0,0.0,0.0,0.0,0.0,0.7142857142857143,Rams,0.0,0.8666666666666667,0.8,49ers,247.66666666666663,20.733333333333334,10.733333333333333,DST,114.13333333333334,2.6666666666666665,0.06666666666666668,361.8,0.26666666666666666,0.4666666666666667
