,Year,Week,Name,Fumble TD,Fumbles Lost,Opponent_x,Pass 2PT,Pass Attempts,Pass Completions,Pass Interceptions,Pass TD,Pass Yards,Points_x,Position_x,Receiving 2PT,Receiving TD,Receiving Yards,Receptions,Rush 2PT,Rush Attempts,Rush TD,Rush Yards,Away Games_x,Team,Blocks,Fumble Returns,Interception,Opponent_y,Pass Yards Allowed,Point After,Points_y,Position_y,Rush Yards Allowed,Sack,Safety,Total Yards,Touchdowns,Away Games_y
0,2013.0,2,Virgil Green,0.0,0.0,Giants,0.0,0.0,0.0,0.0,0.0,0.0,0.0,TE,0.0,0.0,5.0,1.0,0.0,0.0,0.0,0.0,1.0,Giants,0.0,0.0,1.0,Broncos,244.0,36.0,4.0,DST,87.0,2.0,0.0,331.0,0.0,1.0
1,2013.0,3,Virgil Green,0.0,0.0,Raiders,0.0,0.0,0.0,0.0,0.0,0.0,0.0,TE,0.0,0.0,5.0,1.0,0.0,0.0,0.0,0.0,1.0,Raiders,0.0,0.0,0.0,Broncos,180.5,15.0,8.5,DST,80.5,4.5,0.0,261.0,0.0,0.5
2,2013.0,4,Virgil Green,0.0,0.0,Eagles,0.0,0.0,0.0,0.0,0.0,0.0,0.0,TE,0.0,0.0,4.0,1.0,0.0,0.0,0.0,0.0,0.5,Eagles,0.0,1.0,0.6666666666666666,Broncos,323.0,28.66666666666667,7.666666666666668,DST,115.33333333333331,3.0,0.3333333333333333,438.33333333333326,0.0,0.3333333333333333
3,2013.0,10,Virgil Green,0.0,0.0,Chargers,0.0,0.0,0.0,0.0,0.0,0.0,0.0,TE,0.0,0.0,4.333333333333333,1.0,0.0,0.0,0.0,0.0,0.3333333333333333,Chargers,0.25,0.125,0.5,Broncos,275.375,21.75,7.875,DST,118.375,2.5,0.0,393.75,0.125,0.625
4,2013.0,12,Virgil Green,0.0,0.0,Patriots,0.0,0.0,0.0,0.0,0.0,0.0,0.0,TE,0.0,0.0,4.25,1.0,0.0,0.0,0.0,0.0,0.5,Patriots,0.1,0.7,1.2,Broncos,229.2,19.9,11.0,DST,125.7,3.2,0.0,354.9,0.1,0.5
5,2013.0,13,Virgil Green,0.0,0.0,Chiefs,0.0,0.0,0.0,0.0,0.0,0.0,0.0,TE,0.0,0.0,4.0,1.0,0.0,0.0,0.0,0.0,0.6,Chiefs,0.0,1.0909090909090908,1.0909090909090908,Broncos,235.0,16.272727272727273,16.272727272727273,DST,115.9090909090909,3.363636363636364,0.0,350.90909090909093,0.6363636363636364,0.4545454545454545
6,2013.0,16,Virgil Green,0.0,0.0,Texans,0.0,0.0,0.0,0.0,0.0,0.0,0.0,TE,0.0,0.0,3.6666666666666665,1.0,0.0,0.0,0.0,0.0,0.6666666666666666,Texans,0.14285714285714285,0.2857142857142857,0.42857142857142855,Broncos,183.28571428571428,26.785714285714285,6.071428571428571,DST,120.92857142857143,2.142857142857143,0.07142857142857142,304.2142857142857,0.14285714285714285,0.5
7,2013.0,17,Virgil Green,0.0,0.0,Raiders,0.0,0.0,0.0,0.0,0.0,0.0,0.0,TE,0.0,0.0,4.285714285714286,1.0,0.0,0.0,0.0,0.0,0.7142857142857143,Raiders,0.2,0.8666666666666667,0.6,Broncos,250.53333333333333,27.93333333333333,8.733333333333333,DST,106.86666666666666,2.333333333333333,0.0,357.4,0.26666666666666666,0.5333333333333333
