,Year,Week,Name,Fumble TD,Fumbles Lost,Opponent,Pass 2PT,Pass Attempts,Pass Completions,Pass Interceptions,Pass TD,Pass Yards,Points,Position,Receiving 2PT,Receiving TD,Receiving Yards,Receptions,Rush 2PT,Rush Attempts,Rush TD,Rush Yards,Away Games
7295,2014.0,3,Lorenzo Taliaferro,0.0,0.0,Browns,0.0,0.0,0.0,0.0,0.0,0.0,15.0,RB,0.0,0.0,0.0,0.0,0.0,18.0,1.0,91.0,1.0
7390,2014.0,4,Lorenzo Taliaferro,0.0,0.0,Panthers,0.0,0.0,0.0,0.0,0.0,0.0,15.0,RB,0.0,0.0,0.0,0.0,0.0,18.0,1.0,91.0,1.0
7511,2014.0,5,Lorenzo Taliaferro,0.0,0.0,Colts,0.0,0.0,0.0,0.0,0.0,0.0,13.0,RB,0.0,0.0,0.0,0.0,0.0,16.5,1.0,74.5,0.5
7582,2014.0,6,Lorenzo Taliaferro,0.0,0.0,Buccaneers,0.0,0.0,0.0,0.0,0.0,0.0,9.0,RB,0.0,0.0,0.0,0.0,0.0,12.666666666666666,0.6666666666666666,55.666666666666664,0.6666666666666666
7686,2014.0,7,Lorenzo Taliaferro,0.0,0.0,Falcons,0.0,0.0,0.0,0.0,0.0,0.0,7.5,RB,0.0,0.0,4.5,0.5,0.0,10.0,0.5,49.0,0.75
7708,2014.0,8,Lorenzo Taliaferro,0.0,0.0,Bengals,0.0,0.0,0.0,0.0,0.0,0.0,6.0,RB,0.0,0.0,3.6,0.4,0.0,8.8,0.4,39.8,0.6
7820,2014.0,9,Lorenzo Taliaferro,0.0,0.0,Steelers,0.0,0.0,0.0,0.0,0.0,0.0,8.0,RB,0.0,0.0,10.0,0.6666666666666666,0.0,8.5,0.6666666666666666,37.666666666666664,0.6666666666666666
7909,2014.0,10,Lorenzo Taliaferro,0.0,0.14285714285714285,Titans,0.0,0.0,0.0,0.0,0.0,0.0,7.428571428571429,RB,0.0,0.0,13.428571428571429,1.0,0.0,8.285714285714286,0.5714285714285714,35.285714285714285,0.7142857142857143
8214,2014.0,14,Lorenzo Taliaferro,0.0,0.125,Dolphins,0.0,0.0,0.0,0.0,0.0,0.0,6.625,RB,0.0,0.0,11.75,0.875,0.0,7.625,0.5,32.125,0.625
