,Unnamed: 0,Unnamed: 0.1,Fumble TD,Fumbles Lost,Name,Opponent,Pass 2PT,Pass Attempts,Pass Completions,Pass Interceptions,Pass TD,Pass Yards,Points,Position,Receiving 2PT,Receiving TD,Receiving Yards,Receptions,Rush 2PT,Rush Attempts,Rush TD,Rush Yards,Week,Year
25,25,25.0,0.0,0.0,Rishard Matthews,Titans,0.0,0.0,0.0,0.0,0.0,0.0,7.0,WR,0.0,0.0,71.0,5.0,0.0,0.0,0.0,0.0,1,2017.0
150,150,25.0,0.0,0.0,Rishard Matthews,Jaguars,0.0,0.0,0.0,0.0,0.0,0.0,7.0,WR,0.0,0.0,71.0,5.0,0.0,0.0,0.0,0.0,2,2017.0
236,236,87.5,0.0,0.0,Rishard Matthews,Titans,0.0,0.0,0.0,0.0,0.0,0.0,5.5,WR,0.0,0.0,57.0,4.0,0.0,0.0,0.0,0.0,3,2017.0
393,393,137.0,0.0,0.0,Rishard Matthews,Texans,0.0,0.0,0.0,0.0,0.0,0.0,8.333333333333334,WR,0.0,0.3333333333333333,67.0,4.666666666666667,0.0,0.0,0.0,0.0,4,2017.0
508,508,201.0,0.0,0.0,Rishard Matthews,Dolphins,0.0,0.0,0.0,0.0,0.0,0.0,7.25,WR,0.0,0.25,62.5,4.25,0.0,0.0,0.0,0.0,5,2017.0
597,597,262.4,0.0,0.0,Rishard Matthews,Titans,0.0,0.0,0.0,0.0,0.0,0.0,6.4,WR,0.0,0.2,56.8,4.0,0.0,0.2,0.0,-0.6,6,2017.0
704,704,318.1666666666667,0.0,0.0,Rishard Matthews,Browns,0.0,0.0,0.0,0.0,0.0,0.0,6.333333333333333,WR,0.0,0.16666666666666666,58.833333333333336,4.0,0.0,0.16666666666666666,0.0,-0.5,7,2017.0
873,873,373.2857142857143,0.0,0.0,Rishard Matthews,Titans,0.0,0.0,0.0,0.0,0.0,0.0,6.0,WR,0.0,0.14285714285714285,56.142857142857146,3.857142857142857,0.0,0.14285714285714285,0.0,-0.42857142857142855,9,2017.0
1003,1003,435.75,0.0,0.0,Rishard Matthews,Titans,0.0,0.0,0.0,0.0,0.0,0.0,6.875,WR,0.0,0.25,57.875,3.875,0.0,0.125,0.0,-0.375,10,2017.0
1072,1072,498.77777777777777,0.0,0.0,Rishard Matthews,Steelers,0.0,0.0,0.0,0.0,0.0,0.0,6.666666666666667,WR,0.0,0.2222222222222222,57.0,4.0,0.0,0.1111111111111111,0.0,-0.3333333333333333,11,2017.0
