,Year,Week,Name,Fumble TD,Fumbles Lost,Opponent_x,Pass 2PT,Pass Attempts,Pass Completions,Pass Interceptions,Pass TD,Pass Yards,Points_x,Position_x,Receiving 2PT,Receiving TD,Receiving Yards,Receptions,Rush 2PT,Rush Attempts,Rush TD,Rush Yards,Away Games_x,Team,Blocks,Fumble Returns,Interception,Opponent_y,Pass Yards Allowed,Point After,Points_y,Position_y,Rush Yards Allowed,Sack,Safety,Total Yards,Touchdowns,Away Games_y
0,2014.0,1,Brandon Pettigrew,0.0,0.0,Giants,0.0,0.0,0.0,0.0,0.0,0.0,0.0,TE,0.0,0.0,9.0,1.0,0.0,0.0,0.0,0.0,0.0,Giants,0.0,0.0,0.0,Lions,341.0,35.0,1.0,DST,76.0,1.0,0.0,417.0,0.0,1.0
1,2014.0,4,Brandon Pettigrew,0.0,0.0,Jets,0.0,0.0,0.0,0.0,0.0,0.0,0.0,TE,0.0,0.0,9.0,1.0,0.0,0.0,0.0,0.0,0.0,Jets,0.0,0.6666666666666666,0.0,Lions,213.33333333333331,24.0,6.333333333333332,DST,55.0,3.333333333333333,0.0,268.3333333333333,0.0,0.3333333333333333
2,2014.0,5,Brandon Pettigrew,0.0,0.0,Bills,0.0,0.0,0.0,0.0,0.0,0.0,0.5,TE,0.0,0.0,14.0,1.5,0.0,0.0,0.0,0.0,0.5,Bills,0.25,0.75,1.25,Lions,266.25,18.75,12.0,DST,71.5,2.75,0.0,337.75,0.25,0.5
3,2014.0,7,Brandon Pettigrew,0.0,0.0,Saints,0.0,0.0,0.0,0.0,0.0,0.0,0.6666666666666666,TE,0.0,0.0,13.333333333333336,1.6666666666666667,0.0,0.0,0.0,0.0,0.3333333333333333,Saints,0.0,0.2,0.2,Lions,267.6,28.2,4.0,DST,112.0,1.2,0.2,379.6,0.0,0.6
4,2014.0,13,Brandon Pettigrew,0.0,0.0,Bears,0.0,0.0,0.0,0.0,0.0,0.0,1.0,TE,0.0,0.0,17.0,2.25,0.0,0.0,0.0,0.0,0.25,Bears,0.18181818181818185,0.6363636363636364,1.0,Lions,260.45454545454544,27.54545454545455,10.0,DST,106.9090909090909,2.4545454545454546,0.0,367.3636363636364,0.18181818181818185,0.5454545454545454
