,Year,Week,Name,Fumble TD,Fumbles Lost,Opponent_x,Pass 2PT,Pass Attempts,Pass Completions,Pass Interceptions,Pass TD,Pass Yards,Points_x,Position_x,Receiving 2PT,Receiving TD,Receiving Yards,Receptions,Rush 2PT,Rush Attempts,Rush TD,Rush Yards,Away Games_x,Team,Blocks,Fumble Returns,Interception,Opponent_y,Pass Yards Allowed,Point After,Points_y,Position_y,Rush Yards Allowed,Sack,Safety,Total Yards,Touchdowns,Away Games_y
0,2016.0,2,Rod Streater,0.0,0.0,Panthers,0.0,0.0,0.0,0.0,0.0,0.0,1.0,WR,0.0,0.0,13.0,1.0,0.0,0.0,0.0,0.0,1.0,Panthers,0.0,1.0,2.0,49ers,159.0,21.0,9.0,DST,148.0,2.0,0.0,307.0,0.0,1.0
1,2016.0,3,Rod Streater,0.0,0.0,Seahawks,0.0,0.0,0.0,0.0,0.0,0.0,1.0,WR,0.0,0.0,13.0,1.0,0.0,0.0,0.0,0.0,1.0,Seahawks,0.5,0.0,0.0,49ers,184.5,9.5,12.0,DST,64.0,4.0,0.0,248.5,0.0,0.5
2,2016.0,6,Rod Streater,0.0,0.0,Bills,0.0,0.0,0.0,0.0,0.0,0.0,1.0,WR,0.0,0.0,16.0,1.0,0.0,0.0,0.0,0.0,1.0,Bills,0.0,1.0,1.2,49ers,257.0,17.4,16.4,DST,97.2,3.4,0.0,354.2,0.6,0.6
3,2016.0,10,Rod Streater,0.0,0.0,Cardinals,0.0,0.0,0.0,0.0,0.0,0.0,1.0,WR,0.0,0.0,16.0,1.0,0.0,0.0,0.0,0.0,1.0,Cardinals,0.0,0.75,1.125,49ers,194.875,17.5,11.75,DST,102.125,2.625,0.25,297.0,0.125,0.375
4,2016.0,12,Rod Streater,0.0,0.0,Dolphins,0.0,0.0,0.0,0.0,0.0,0.0,1.0,WR,0.0,0.0,14.75,1.0,0.0,0.0,0.0,0.0,1.0,Dolphins,0.2,0.4,0.9,49ers,224.5,21.6,9.4,DST,126.1,2.3,0.0,350.6,0.3,0.5
5,2016.0,14,Rod Streater,0.0,0.0,Jets,0.0,0.0,0.0,0.0,0.0,0.0,1.6,WR,0.0,0.0,21.0,1.6,0.0,0.0,0.0,0.0,1.0,Jets,0.0,0.3333333333333333,0.5,49ers,264.4166666666667,25.58333333333333,4.666666666666667,DST,90.33333333333331,1.6666666666666667,0.0,354.75,0.0,0.5
6,2016.0,15,Rod Streater,0.0,0.0,Falcons,0.0,0.0,0.0,0.0,0.0,0.0,1.3333333333333333,WR,0.0,0.0,18.666666666666668,1.5,0.0,0.0,0.0,0.0,0.8333333333333334,Falcons,0.15384615384615385,0.6923076923076923,0.6923076923076923,49ers,275.23076923076917,26.538461538461537,8.615384615384615,DST,101.07692307692308,2.1538461538461537,0.0,376.3076923076923,0.38461538461538464,0.5384615384615384
7,2016.0,17,Rod Streater,0.0,0.0,Seahawks,0.0,0.0,0.0,0.0,0.0,0.0,3.375,WR,0.0,0.25,23.25,2.125,0.0,0.0,0.0,0.0,0.875,Seahawks,0.2,0.4,0.7333333333333333,49ers,228.06666666666663,17.933333333333334,9.733333333333333,DST,95.0,2.466666666666667,0.06666666666666668,323.06666666666666,0.06666666666666668,0.4666666666666667
