,Year,Week,Name,Fumble TD,Fumbles Lost,Opponent_x,Pass 2PT,Pass Attempts,Pass Completions,Pass Interceptions,Pass TD,Pass Yards,Points_x,Position_x,Receiving 2PT,Receiving TD,Receiving Yards,Receptions,Rush 2PT,Rush Attempts,Rush TD,Rush Yards,Away Games_x,Team,Blocks,Fumble Returns,Interception,Opponent_y,Pass Yards Allowed,Point After,Points_y,Position_y,Rush Yards Allowed,Sack,Safety,Total Yards,Touchdowns,Away Games_y
0,2014.0,7,Brock Osweiler,0.0,0.0,49ers,0.0,1.0,0.0,0.0,0.0,0.0,0.0,QB,0.0,0.0,0.0,0.0,0.0,3.0,0.0,0.0,0.0,49ers,0.16666666666666666,0.6666666666666666,1.1666666666666667,Broncos,207.33333333333331,20.5,10.0,DST,79.83333333333333,1.6666666666666667,0.0,287.1666666666667,0.3333333333333333,0.5
1,2014.0,10,Brock Osweiler,0.0,0.0,Raiders,0.0,1.0,0.0,0.0,0.0,0.0,0.0,QB,0.0,0.0,0.0,0.0,0.0,3.0,0.0,0.0,0.0,Raiders,0.25,0.375,0.375,Broncos,227.625,26.375,5.0,DST,132.5,1.0,0.0,360.125,0.125,0.5
2,2014.0,15,Brock Osweiler,0.0,0.0,Chargers,0.0,3.0,1.0,0.0,0.0,6.5,0.0,QB,0.0,0.0,0.0,0.0,0.0,3.0,0.0,1.0,0.5,Chargers,0.15384615384615385,0.6153846153846154,0.5384615384615384,Broncos,228.38461538461542,20.923076923076927,8.153846153846152,DST,108.3846153846154,1.4615384615384617,0.07692307692307693,336.76923076923083,0.15384615384615385,0.4615384615384616
3,2014.0,17,Brock Osweiler,0.0,0.0,Raiders,0.0,2.6666666666666665,0.6666666666666666,0.0,0.0,4.333333333333333,0.0,QB,0.0,0.0,0.0,0.0,0.0,2.333333333333333,0.0,0.3333333333333333,0.6666666666666666,Raiders,0.13333333333333333,0.26666666666666666,0.6,Broncos,233.4,27.0,5.7333333333333325,DST,117.93333333333334,1.4,0.0,351.33333333333326,0.06666666666666668,0.4666666666666667
