,Year,Week,Name,Fumble TD,Fumbles Lost,Opponent,Pass 2PT,Pass Attempts,Pass Completions,Pass Interceptions,Pass TD,Pass Yards,Points,Position,Receiving 2PT,Receiving TD,Receiving Yards,Receptions,Rush 2PT,Rush Attempts,Rush TD,Rush Yards,Away Games
189,2011.0,2,Donte' Stallworth,0.0,0.0,Cardinals,0.0,0.0,0.0,0.0,0.0,0.0,1.0,WR,0.0,0.0,16.0,2.0,0.0,0.0,0.0,0.0,0.0
572,2011.0,6,Donte' Stallworth,0.0,0.0,Eagles,0.0,0.0,0.0,0.0,0.0,0.0,1.0,WR,0.0,0.0,16.0,2.0,0.0,0.0,0.0,0.0,0.0
767,2011.0,8,Donte' Stallworth,0.0,0.0,Bills,0.0,0.0,0.0,0.0,0.0,0.0,2.0,WR,0.0,0.0,23.0,2.5,0.0,0.0,0.0,0.0,0.0
991,2011.0,11,Donte' Stallworth,0.0,0.0,Cowboys,0.0,0.0,0.0,0.0,0.0,0.0,1.3333333333333333,WR,0.0,0.0,15.333333333333334,1.6666666666666667,0.0,0.3333333333333333,0.0,0.6666666666666666,0.3333333333333333
1258,2011.0,13,Donte' Stallworth,0.0,0.0,Jets,0.0,0.0,0.0,0.0,0.0,0.0,3.75,WR,0.0,0.25,24.25,2.25,0.0,0.5,0.0,0.25,0.25
1309,2011.0,14,Donte' Stallworth,0.0,0.0,Patriots,0.0,0.0,0.0,0.0,0.0,0.0,3.2,WR,0.0,0.2,22.2,2.0,0.0,0.4,0.0,0.2,0.2
1452,2011.0,15,Donte' Stallworth,0.0,0.0,Giants,0.0,0.0,0.0,0.0,0.0,0.0,4.166666666666667,WR,0.0,0.16666666666666666,34.5,2.3333333333333335,0.0,0.3333333333333333,0.0,0.16666666666666666,0.16666666666666666
1527,2011.0,16,Donte' Stallworth,0.0,0.0,Min,0.0,0.0,0.0,0.0,0.0,0.0,4.0,WR,0.0,0.14285714285714285,34.57142857142857,2.2857142857142856,0.0,0.2857142857142857,0.0,0.14285714285714285,0.2857142857142857
1718,2011.0,17,Donte' Stallworth,0.0,0.0,Eagles,0.0,0.0,0.0,0.0,0.0,0.0,4.875,WR,0.0,0.25,37.625,2.625,0.0,0.25,0.0,0.125,0.25
