,Year,Week,Name,Fumble TD,Fumbles Lost,Opponent_x,Pass 2PT,Pass Attempts,Pass Completions,Pass Interceptions,Pass TD,Pass Yards,Points_x,Position_x,Receiving 2PT,Receiving TD,Receiving Yards,Receptions,Rush 2PT,Rush Attempts,Rush TD,Rush Yards,Away Games_x,Team,Blocks,Fumble Returns,Interception,Opponent_y,Pass Yards Allowed,Point After,Points_y,Position_y,Rush Yards Allowed,Sack,Safety,Total Yards,Touchdowns,Away Games_y
0,2016.0,4,Landry Jones,0.0,0.0,Chiefs,0.0,0.0,0.0,0.0,0.0,0.0,0.0,QB,0.0,0.0,0.0,0.0,0.0,2.0,0.0,0.0,0.0,Chiefs,0.0,0.6666666666666666,2.6666666666666665,Steelers,225.0,16.333333333333332,16.666666666666668,DST,123.0,1.0,0.0,348.0,0.6666666666666666,0.3333333333333333
1,2016.0,5,Landry Jones,0.0,0.0,Jets,0.0,0.0,0.0,0.0,0.0,0.0,0.0,QB,0.0,0.0,0.0,0.0,0.0,2.0,0.0,0.0,0.0,Jets,0.0,0.25,0.5,Steelers,285.0,26.25,5.0,DST,70.25,2.75,0.0,355.25,0.0,0.5
2,2016.0,6,Landry Jones,0.0,0.0,Dolphins,0.0,0.0,0.0,0.0,0.0,0.0,0.0,QB,0.0,0.0,0.0,0.0,0.0,2.0,0.0,-1.0,0.0,Dolphins,0.4,0.6,0.2,Steelers,250.2,23.8,7.4,DST,150.8,2.0,0.0,401.0,0.2,0.6
3,2016.0,7,Landry Jones,0.0,0.0,Patriots,0.0,0.3333333333333333,0.0,0.0,0.0,0.0,0.0,QB,0.0,0.0,0.0,0.0,0.0,1.6666666666666667,0.0,-1.0,0.3333333333333333,Patriots,0.0,0.6666666666666666,0.6666666666666666,Steelers,255.0,15.166666666666664,9.666666666666666,DST,92.0,1.8333333333333333,0.3333333333333333,347.0,0.0,0.3333333333333333
4,2016.0,12,Landry Jones,0.0,0.0,Colts,0.0,12.0,7.25,0.25,0.25,70.25,3.75,QB,0.0,0.0,0.0,0.0,0.0,1.25,0.0,-0.75,0.25,Colts,0.1,0.5,0.3,Steelers,284.5,27.3,6.1,DST,113.1,2.2,0.0,397.6,0.2,0.5
5,2016.0,13,Landry Jones,0.0,0.0,Giants,0.0,9.8,5.8,0.2,0.2,56.2,3.0,QB,0.0,0.0,0.0,0.0,0.0,1.0,0.0,-0.6,0.4,Giants,0.18181818181818185,0.3636363636363637,0.9090909090909092,Steelers,264.72727272727275,19.363636363636363,10.181818181818182,DST,89.0909090909091,2.272727272727273,0.0,353.8181818181818,0.2727272727272727,0.4545454545454545
6,2016.0,17,Landry Jones,0.0,0.0,Browns,0.0,8.166666666666666,4.833333333333333,0.16666666666666666,0.16666666666666666,46.83333333333334,2.5,QB,0.0,0.0,0.0,0.0,0.0,1.0,0.0,-0.6666666666666666,0.3333333333333333,Browns,0.06666666666666668,0.2,0.6,Steelers,250.2,28.33333333333333,4.133333333333334,DST,147.6,1.4666666666666666,0.0,397.8,0.06666666666666668,0.4666666666666667
