,Year,Week,Name,Fumble TD,Fumbles Lost,Opponent,Pass 2PT,Pass Attempts,Pass Completions,Pass Interceptions,Pass TD,Pass Yards,Points,Position,Receiving 2PT,Receiving TD,Receiving Yards,Receptions,Rush 2PT,Rush Attempts,Rush TD,Rush Yards,Away Games
4163,2016.0,1,Tyler Higbee,0.0,0.0,49ers,0.0,0.0,0.0,0.0,0.0,0.0,0.0,TE,0.0,0.0,2.0,1.0,0.0,0.0,0.0,0.0,1.0
4453,2016.0,7,Tyler Higbee,0.0,0.0,Giants,0.0,0.0,0.0,0.0,0.0,0.0,0.0,TE,0.0,0.0,2.0,1.0,0.0,0.0,0.0,0.0,1.0
4530,2016.0,9,Tyler Higbee,0.0,0.0,Panthers,0.0,0.0,0.0,0.0,0.0,0.0,0.0,TE,0.0,0.0,3.0,1.0,0.0,0.0,0.0,0.0,0.5
4639,2016.0,11,Tyler Higbee,0.0,0.0,Dolphins,0.0,0.0,0.0,0.0,0.0,0.0,1.0,TE,0.0,0.0,12.333333333333334,1.0,0.0,0.0,0.0,0.0,0.3333333333333333
4722,2016.0,13,Tyler Higbee,0.0,0.0,Patriots,0.0,0.0,0.0,0.0,0.0,0.0,0.75,TE,0.0,0.0,10.25,1.25,0.0,0.0,0.0,0.0,0.25
4787,2016.0,14,Tyler Higbee,0.0,0.0,Falcons,0.0,0.0,0.0,0.0,0.0,0.0,0.8,TE,0.0,0.0,11.4,1.4,0.0,0.0,0.0,0.0,0.4
4828,2016.0,15,Tyler Higbee,0.0,0.0,Seahawks,0.0,0.0,0.0,0.0,0.0,0.0,0.6666666666666666,TE,0.0,0.0,10.833333333333334,1.3333333333333333,0.0,0.0,0.0,0.0,0.3333333333333333
4865,2016.0,16,Tyler Higbee,0.0,0.0,49ers,0.0,0.0,0.0,0.0,0.0,0.0,0.7142857142857143,TE,0.0,0.0,11.428571428571429,1.2857142857142858,0.0,0.0,0.0,0.0,0.42857142857142855
