,Year,Week,Name,Fumble TD,Fumbles Lost,Opponent,Pass 2PT,Pass Attempts,Pass Completions,Pass Interceptions,Pass TD,Pass Yards,Points,Position,Receiving 2PT,Receiving TD,Receiving Yards,Receptions,Rush 2PT,Rush Attempts,Rush TD,Rush Yards,Away Games
270,2013.0,8,Kirk Cousins,0.0,0.0,Broncos,0.0,9.0,5.0,2.0,0.0,48.0,-3.0,QB,0.0,0.0,0.0,0.0,0.0,1.0,0.0,1.0,1.0
473,2013.0,14,Kirk Cousins,0.0,0.0,Chiefs,0.0,9.0,5.0,2.0,0.0,48.0,-3.0,QB,0.0,0.0,0.0,0.0,0.0,1.0,0.0,1.0,1.0
485,2013.0,15,Kirk Cousins,0.0,0.0,Falcons,0.0,12.5,6.0,1.0,0.0,53.5,-0.5,QB,0.0,0.0,0.0,0.0,0.0,0.5,0.0,0.5,0.5
531,2013.0,16,Kirk Cousins,0.0,0.3333333333333333,Cowboys,0.0,23.333333333333332,13.666666666666666,1.3333333333333333,1.0,162.66666666666666,9.0,QB,0.0,0.0,0.0,0.0,0.0,0.3333333333333333,0.0,0.3333333333333333,0.6666666666666666
587,2013.0,17,Kirk Cousins,0.0,0.25,Giants,0.0,26.5,15.5,1.25,1.0,171.25,9.75,QB,0.0,0.0,0.0,0.0,0.0,0.75,0.0,2.75,0.5
