,Year,Week,Name,Fumble TD,Fumbles Lost,Opponent,Pass 2PT,Pass Attempts,Pass Completions,Pass Interceptions,Pass TD,Pass Yards,Points,Position,Receiving 2PT,Receiving TD,Receiving Yards,Receptions,Rush 2PT,Rush Attempts,Rush TD,Rush Yards,Away Games
1822,,1,Robert Griffin III,,,Texans,,,,,,,,QB,,,,,,,,,
1859,2014.0,2,Robert Griffin III,0.0,1.0,Jaguars,0.0,37.0,29.0,0.0,0.0,267.0,9.0,QB,0.0,0.0,0.0,0.0,0.0,3.0,0.0,2.0,1.0
2094,2014.0,9,Robert Griffin III,0.0,0.5,Min,0.0,20.0,15.5,0.0,0.0,152.5,6.0,QB,0.0,0.0,0.0,0.0,0.0,2.5,0.0,12.0,0.5
2160,2014.0,11,Robert Griffin III,0.0,0.3333333333333333,Buccaneers,0.0,22.666666666666668,16.333333333333332,0.3333333333333333,0.3333333333333333,185.33333333333334,9.333333333333334,QB,0.0,0.0,0.0,0.0,0.0,4.0,0.0,16.0,0.6666666666666666
2199,2014.0,12,Robert Griffin III,0.0,0.25,49ers,0.0,25.0,18.0,0.75,0.5,190.75,10.5,QB,0.0,0.0,0.0,0.0,0.0,4.5,0.0,22.25,0.5
2271,2014.0,14,Robert Griffin III,0.0,0.4,Rams,0.0,23.8,16.6,0.6,0.4,173.8,9.2,QB,0.0,0.0,0.0,0.0,0.0,4.4,0.0,20.0,0.6
2281,2014.0,15,Robert Griffin III,0.0,0.3333333333333333,Giants,0.0,20.5,14.333333333333334,0.5,0.3333333333333333,150.33333333333334,7.833333333333333,QB,0.0,0.0,0.0,0.0,0.0,3.6666666666666665,0.0,16.666666666666668,0.5
2340,2014.0,16,Robert Griffin III,0.0,0.42857142857142855,Eagles,0.0,21.428571428571427,14.857142857142858,0.42857142857142855,0.42857142857142855,162.57142857142858,9.285714285714286,QB,0.0,0.0,0.0,0.0,0.0,3.857142857142857,0.0,20.857142857142858,0.5714285714285714
2360,2014.0,17,Robert Griffin III,0.0,0.375,Cowboys,0.0,21.625,15.0,0.5,0.375,169.75,9.0,QB,0.0,0.0,0.0,0.0,0.0,4.0,0.0,19.625,0.5
