,Unnamed: 0.1_x,Unnamed: 0.1.1_x,Fumble TD,Fumbles Lost,Name,Opponent_x,Pass 2PT,Pass Attempts,Pass Completions,Pass Interceptions,Pass TD,Pass Yards,Points_x,Position_x,Receiving 2PT,Receiving TD,Receiving Yards,Receptions,Rush 2PT,Rush Attempts,Rush TD,Rush Yards,Week,Year,Unnamed: 0.1_y,Unnamed: 0.1.1_y,Blocks,Fumble Returns,Interception,Opponent_y,Pass Yards Allowed,Point After,Points_y,Position_y,Rush Yards Allowed,Sack,Safety,Team,Total Yards,Touchdowns
0,188,188.0,0.0,0.0,Braxton Miller,Bengals,0.0,0.0,0.0,0.0,0.0,0.0,1.0,WR,0.0,0.0,10.0,2.0,0.0,0.0,0.0,0.0,2,2017.0,44,15.0,0.0,0.0,1.0,Texans,111.0,20.0,7.0,DST,157.0,1.0,0.0,Bengals,268.0,0.0
1,309,188.0,0.0,0.0,Braxton Miller,Patriots,0.0,0.0,0.0,0.0,0.0,0.0,1.0,WR,0.0,0.0,10.0,2.0,0.0,0.0,0.0,0.0,3,2017.0,80,35.5,0.0,0.5,0.0,Texans,350.0,31.0,5.0,DST,133.0,2.0,0.0,Patriots,483.0,0.0
2,596,248.5,0.0,0.0,Braxton Miller,Texans,0.0,0.0,0.0,0.0,0.0,0.0,1.0,WR,0.0,0.0,12.5,1.5,0.0,0.0,0.0,0.0,6,2017.0,157,77.0,0.0,0.6,0.8,Browns,221.4,26.0,9.6,DST,101.8,2.2,0.0,Texans,323.2,0.4
3,1058,364.33333333333326,0.0,0.0,Braxton Miller,Rams,0.0,0.0,0.0,0.0,0.0,0.0,2.6666666666666665,WR,0.0,0.3333333333333333,6.666666666666668,1.6666666666666667,0.0,0.0,0.0,0.0,10,2017.0,265,120.25,0.25,0.625,1.25,Texans,205.375,19.375,14.375,DST,121.625,3.125,0.125,Rams,327.0,0.5
4,1151,537.75,0.0,0.0,Braxton Miller,Texans,0.0,0.0,0.0,0.0,0.0,0.0,2.0,WR,0.0,0.25,5.0,1.25,0.0,0.25,0.0,0.25,11,2017.0,307,144.66666666666666,0.0,0.4444444444444444,0.8888888888888888,Cardinals,253.77777777777774,26.777777777777782,10.222222222222221,DST,96.88888888888887,2.555555555555556,0.1111111111111111,Texans,350.66666666666674,0.4444444444444444
5,1225,660.4,0.0,0.0,Braxton Miller,Ravens,0.0,0.0,0.0,0.0,0.0,0.0,1.8,WR,0.0,0.2,6.8,1.4,0.0,0.2,0.0,0.2,12,2017.0,327,149.5,0.0,0.7,1.6,Texans,185.2,17.1,15.5,DST,120.8,2.8,0.0,Ravens,306.0,0.6
6,1319,754.5,0.0,0.0,Braxton Miller,Titans,0.0,0.0,0.0,0.0,0.0,0.0,2.1666666666666665,WR,0.0,0.16666666666666666,12.833333333333336,2.0,0.0,0.16666666666666666,0.0,0.16666666666666666,13,2017.0,363,176.8181818181818,0.0,0.5454545454545454,0.8181818181818182,Texans,234.27272727272728,24.45454545454545,7.727272727272727,DST,89.18181818181819,2.272727272727273,0.0,Titans,323.45454545454544,0.0
