,Year,Week,Name,Fumble TD,Fumbles Lost,Opponent_x,Pass 2PT,Pass Attempts,Pass Completions,Pass Interceptions,Pass TD,Pass Yards,Points_x,Position_x,Receiving 2PT,Receiving TD,Receiving Yards,Receptions,Rush 2PT,Rush Attempts,Rush TD,Rush Yards,Away Games_x,Team,Blocks,Fumble Returns,Interception,Opponent_y,Pass Yards Allowed,Point After,Points_y,Position_y,Rush Yards Allowed,Sack,Safety,Total Yards,Touchdowns,Away Games_y
0,2014.0,1,Carson Palmer,0.0,1.0,Chargers,0.0,37.0,24.0,0.0,2.0,304.0,25.0,QB,0.0,0.0,0.0,0.0,0.0,4.0,0.0,29.0,0.0,Chargers,1.0,2.0,0.0,Cardinals,294.0,18.0,12.0,DST,109.0,2.0,0.0,403.0,0.0,1.0
1,2014.0,6,Carson Palmer,0.0,1.0,Redskins,0.0,37.0,24.0,0.0,2.0,304.0,25.0,QB,0.0,0.0,0.0,0.0,0.0,4.0,0.0,29.0,0.0,Redskins,0.0,0.4,0.4,Cardinals,225.4,27.2,6.8,DST,114.6,2.8,0.0,340.0,0.0,0.4
2,2014.0,7,Carson Palmer,0.0,0.5,Raiders,0.0,40.5,26.0,0.0,2.0,277.0,23.5,QB,0.0,0.0,0.0,0.0,0.0,2.5,0.0,13.0,0.0,Raiders,0.2,0.6,0.4,Cardinals,227.0,26.8,5.0,DST,149.8,1.0,0.0,376.8,0.0,0.4
3,2014.0,8,Carson Palmer,0.0,0.3333333333333333,Eagles,0.0,37.333333333333336,24.66666666666667,0.3333333333333333,2.0,269.0,22.33333333333333,QB,0.0,0.0,0.0,0.0,0.0,1.6666666666666667,0.0,8.666666666666666,0.3333333333333333,Eagles,0.5,1.0,0.5,Cardinals,256.5,22.0,16.833333333333332,DST,124.33333333333331,3.1666666666666665,0.0,380.83333333333326,1.1666666666666667,0.3333333333333333
4,2014.0,9,Carson Palmer,0.0,0.25,Cowboys,0.0,38.5,23.5,0.25,2.0,284.0,23.0,QB,0.0,0.0,0.0,0.0,0.0,1.25,0.0,6.5,0.25,Cowboys,0.0,0.625,1.0,Cardinals,237.375,20.875,7.875,DST,114.625,1.25,0.0,352.0,0.125,0.375
5,2014.0,10,Carson Palmer,0.0,0.2,Rams,0.0,37.6,23.2,0.4,2.2,277.0,23.4,QB,0.0,0.0,0.0,0.0,0.0,1.4,0.0,4.8,0.4,Rams,0.25,0.875,0.375,Cardinals,225.25,27.5,7.75,DST,136.25,1.75,0.0,361.5,0.25,0.5
