,Year,Week,Name,Fumble TD,Fumbles Lost,Opponent,Pass 2PT,Pass Attempts,Pass Completions,Pass Interceptions,Pass TD,Pass Yards,Points,Position,Receiving 2PT,Receiving TD,Receiving Yards,Receptions,Rush 2PT,Rush Attempts,Rush TD,Rush Yards,Away Games
2540,2015.0,3,Clay Harbor,0.0,0.0,Patriots,0.0,0.0,0.0,0.0,0.0,0.0,10.0,TE,0.0,1.0,43.0,3.0,0.0,0.0,0.0,0.0,1.0
2600,2015.0,4,Clay Harbor,0.0,0.0,Colts,0.0,0.0,0.0,0.0,0.0,0.0,10.0,TE,0.0,1.0,43.0,3.0,0.0,0.0,0.0,0.0,1.0
2945,2015.0,11,Clay Harbor,0.0,0.0,Titans,0.0,0.0,0.0,0.0,0.0,0.0,6.5,TE,0.0,0.5,37.0,3.5,0.0,0.0,0.0,0.0,1.0
3005,2015.0,12,Clay Harbor,0.0,0.0,Chargers,0.0,0.0,0.0,0.0,0.0,0.0,4.666666666666667,TE,0.0,0.3333333333333333,30.333333333333332,3.0,0.0,0.0,0.0,0.0,0.6666666666666666
3115,2015.0,14,Clay Harbor,0.0,0.0,Colts,0.0,0.0,0.0,0.0,0.0,0.0,3.75,TE,0.0,0.25,25.75,2.5,0.0,0.0,0.0,0.0,0.5
3214,2015.0,16,Clay Harbor,0.0,0.0,Saints,0.0,0.0,0.0,0.0,0.0,0.0,3.4,TE,0.0,0.2,24.8,2.4,0.0,0.0,0.0,0.0,0.4
3281,2015.0,17,Clay Harbor,0.0,0.0,Texans,0.0,0.0,0.0,0.0,0.0,0.0,3.1666666666666665,TE,0.16666666666666666,0.16666666666666666,21.833333333333332,2.1666666666666665,0.0,0.0,0.0,0.0,0.5
