,Unnamed: 0.1_x,Unnamed: 0.1.1_x,Fumble TD,Fumbles Lost,Name,Opponent_x,Pass 2PT,Pass Attempts,Pass Completions,Pass Interceptions,Pass TD,Pass Yards,Points_x,Position_x,Receiving 2PT,Receiving TD,Receiving Yards,Receptions,Rush 2PT,Rush Attempts,Rush TD,Rush Yards,Week,Year,Unnamed: 0.1_y,Unnamed: 0.1.1_y,Blocks,Fumble Returns,Interception,Opponent_y,Pass Yards Allowed,Point After,Points_y,Position_y,Rush Yards Allowed,Sack,Safety,Team,Total Yards,Touchdowns
0,477,477.0,0.0,0.0,Brandon Tate,Bengals,0.0,0.0,0.0,0.0,0.0,0.0,8.0,WR,0.0,1.0,25.0,2.0,0.0,0.0,0.0,0.0,5,2017.0,132,57.25,0.0,0.0,0.75,Bills,164.75,16.75,10.75,DST,108.5,3.0,0.0,Bengals,273.25,0.25
1,826,477.0,0.0,0.0,Brandon Tate,Bills,0.0,0.0,0.0,0.0,0.0,0.0,8.0,WR,0.0,1.0,25.0,2.0,0.0,0.0,0.0,0.0,8,2017.0,217,90.0,0.0,0.6666666666666666,1.5,Raiders,258.6666666666667,16.833333333333332,12.0,DST,84.5,2.1666666666666665,0.0,Bills,343.1666666666667,0.16666666666666666
2,1160,651.5,0.0,0.0,Brandon Tate,Chargers,0.0,0.0,0.0,0.0,0.0,0.0,5.0,WR,0.0,0.5,24.5,1.5,0.0,0.0,0.0,0.0,11,2017.0,294,139.55555555555554,0.1111111111111111,0.4444444444444444,0.7777777777777778,Bills,208.66666666666663,19.11111111111111,9.555555555555557,DST,135.11111111111111,3.2222222222222223,0.0,Chargers,343.77777777777777,0.1111111111111111
