,Year,Week,Name,Fumble TD,Fumbles Lost,Opponent_x,Pass 2PT,Pass Attempts,Pass Completions,Pass Interceptions,Pass TD,Pass Yards,Points_x,Position_x,Receiving 2PT,Receiving TD,Receiving Yards,Receptions,Rush 2PT,Rush Attempts,Rush TD,Rush Yards,Away Games_x,Team,Blocks,Fumble Returns,Interception,Opponent_y,Pass Yards Allowed,Point After,Points_y,Position_y,Rush Yards Allowed,Sack,Safety,Total Yards,Touchdowns,Away Games_y
0,2011.0,1,Knowshon Moreno,0.0,1.0,Raiders,0.0,0.0,0.0,0.0,0.0,0.0,4.0,RB,0.0,0.0,35.0,2.0,0.0,8.0,0.0,22.0,0.0,Raiders,0.0,2.0,1.0,Broncos,272.0,20.0,15.0,DST,38.0,5.0,0.0,310.0,0.0,1.0
1,2011.0,4,Knowshon Moreno,0.0,1.0,Packers,0.0,0.0,0.0,0.0,0.0,0.0,4.0,RB,0.0,0.0,35.0,2.0,0.0,8.0,0.0,22.0,0.0,Packers,0.0,0.6666666666666666,1.6666666666666667,Broncos,359.33333333333326,24.66666666666667,11.666666666666664,DST,55.0,3.333333333333333,0.0,414.33333333333326,0.3333333333333333,0.6666666666666666
2,2011.0,5,Knowshon Moreno,0.0,0.5,Chargers,0.0,0.0,0.0,0.0,0.0,0.0,2.0,RB,0.0,0.0,21.0,1.5,0.0,5.0,0.0,13.0,0.5,Chargers,0.0,0.0,1.0,Broncos,196.25,21.25,7.0,DST,101.5,2.0,0.0,297.75,0.0,0.25
3,2011.0,7,Knowshon Moreno,0.0,0.3333333333333333,Dolphins,0.0,0.0,0.0,0.0,0.0,0.0,4.666666666666667,RB,0.0,0.3333333333333333,27.33333333333333,2.0,0.0,3.333333333333333,0.0,8.666666666666666,0.3333333333333333,Dolphins,0.0,0.2,0.4,Broncos,284.0,25.6,4.2,DST,106.8,1.6,0.0,390.8,0.0,0.6
4,2011.0,8,Knowshon Moreno,0.0,0.25,Lions,0.0,0.0,0.0,0.0,0.0,0.0,4.25,RB,0.0,0.25,23.0,2.0,0.0,4.25,0.0,13.5,0.5,Lions,0.0,0.7142857142857143,1.4285714285714286,Broncos,204.57142857142856,19.571428571428573,11.857142857142858,DST,129.42857142857142,2.4285714285714284,0.0,334.0,0.2857142857142857,0.42857142857142855
5,2011.0,9,Knowshon Moreno,0.0,0.2,Raiders,0.0,0.0,0.0,0.0,0.0,0.0,4.6,RB,0.0,0.2,19.4,1.8,0.0,6.2,0.0,24.6,0.4,Raiders,0.14285714285714285,0.5714285714285714,1.0,Broncos,266.0,25.42857142857143,8.428571428571429,DST,116.85714285714286,2.2857142857142856,0.0,382.8571428571428,0.14285714285714285,0.42857142857142855
6,2011.0,10,Knowshon Moreno,0.0,0.16666666666666666,Chiefs,0.0,0.0,0.0,0.0,0.0,0.0,3.8333333333333335,RB,0.0,0.16666666666666666,16.833333333333332,1.8333333333333333,0.0,5.5,0.0,21.166666666666668,0.5,Chiefs,0.0,0.25,1.625,Broncos,250.5,25.125,9.25,DST,120.25,1.125,0.0,370.75,0.25,0.5
