,Unnamed: 0.1_x,Unnamed: 0.1.1_x,Fumble TD,Fumbles Lost,Name,Opponent_x,Pass 2PT,Pass Attempts,Pass Completions,Pass Interceptions,Pass TD,Pass Yards,Points_x,Position_x,Receiving 2PT,Receiving TD,Receiving Yards,Receptions,Rush 2PT,Rush Attempts,Rush TD,Rush Yards,Week,Year,Unnamed: 0.1_y,Unnamed: 0.1.1_y,Blocks,Fumble Returns,Interception,Opponent_y,Pass Yards Allowed,Point After,Points_y,Position_y,Rush Yards Allowed,Sack,Safety,Team,Total Yards,Touchdowns
0,353,353.0,0.0,0.0,Johnny Holton,Broncos,0.0,0.0,0.0,0.0,0.0,0.0,12.0,WR,0.0,1.0,64.0,1.0,0.0,0.0,0.0,0.0,4,2017.0,102,44.33333333333334,0.3333333333333333,0.0,1.0,Raiders,203.33333333333331,21.33333333333333,9.0,DST,59.66666666666666,2.333333333333333,0.0,Broncos,263.0,0.3333333333333333
1,881,353.0,0.0,0.0,Johnny Holton,Dolphins,0.0,0.0,0.0,0.0,0.0,0.0,12.0,WR,0.0,1.0,64.0,1.0,0.0,0.0,0.0,0.0,9,2017.0,257,138.42857142857142,0.14285714285714285,0.5714285714285714,0.2857142857142857,Raiders,210.85714285714286,21.714285714285715,8.285714285714286,DST,95.42857142857143,2.142857142857143,0.0,Dolphins,306.2857142857143,0.14285714285714285
2,1218,617.0,0.0,0.0,Johnny Holton,Raiders,0.0,0.0,0.0,0.0,0.0,0.0,11.0,WR,0.0,1.0,54.0,1.0,0.0,0.0,0.0,0.0,12,2017.0,332,159.8,0.0,0.6,0.0,Broncos,253.3,24.7,4.4,DST,113.8,1.4,0.0,Raiders,367.1,0.0
3,1314,817.3333333333335,0.0,0.0,Johnny Holton,Raiders,0.0,0.0,0.0,0.0,0.0,0.0,9.0,WR,0.0,0.6666666666666666,53.66666666666666,1.3333333333333333,0.0,0.0,0.0,0.0,13,2017.0,364,175.45454545454547,0.0,0.5454545454545454,0.09090909090909093,Giants,244.8181818181818,23.72727272727273,5.0,DST,108.54545454545456,1.7272727272727273,0.0,Raiders,353.3636363636364,0.0
