,Unnamed: 0.1_x,Unnamed: 0.1.1_x,Fumble TD,Fumbles Lost,Name,Opponent_x,Pass 2PT,Pass Attempts,Pass Completions,Pass Interceptions,Pass TD,Pass Yards,Points_x,Position_x,Receiving 2PT,Receiving TD,Receiving Yards,Receptions,Rush 2PT,Rush Attempts,Rush TD,Rush Yards,Week,Year,Unnamed: 0.1_y,Unnamed: 0.1.1_y,Blocks,Fumble Returns,Interception,Opponent_y,Pass Yards Allowed,Point After,Points_y,Position_y,Rush Yards Allowed,Sack,Safety,Team,Total Yards,Touchdowns
0,87,87.0,0.0,0.0,Tyler Boyd,Bengals,0.0,0.0,0.0,0.0,0.0,0.0,1.0,WR,0.0,0.0,11.0,1.0,0.0,0.0,0.0,0.0,1,2017.0,15,15.0,0.0,0.0,1.0,Ravens,111.0,20.0,7.0,DST,157.0,1.0,0.0,Bengals,268.0,0.0
1,318,87.0,0.0,0.0,Tyler Boyd,Packers,0.0,0.0,0.0,0.0,0.0,0.0,1.0,WR,0.0,0.0,11.0,1.0,0.0,0.0,0.0,0.0,3,2017.0,78,32.5,0.0,0.5,0.0,Bengals,179.0,21.5,7.5,DST,115.5,3.0,0.0,Packers,294.5,0.0
2,441,202.5,0.0,0.0,Tyler Boyd,Browns,0.0,0.0,0.0,0.0,0.0,0.0,1.0,WR,0.0,0.0,11.0,1.0,0.0,0.0,0.0,0.0,4,2017.0,113,51.33333333333334,0.0,0.6666666666666666,0.6666666666666666,Bengals,233.0,25.33333333333333,5.333333333333333,DST,87.66666666666669,2.0,0.0,Browns,320.6666666666667,0.0
3,559,282.0,0.0,0.0,Tyler Boyd,Bengals,0.0,0.0,0.0,0.0,0.0,0.0,1.0,WR,0.0,0.0,12.333333333333336,1.3333333333333333,0.0,0.0,0.0,0.0,5,2017.0,132,57.25,0.0,0.0,0.75,Bills,164.75,16.75,10.75,DST,108.5,3.0,0.0,Bengals,273.25,0.25
4,1169,351.25,0.0,0.0,Tyler Boyd,Broncos,0.0,0.0,0.0,0.0,0.0,0.0,0.75,WR,0.0,0.0,10.75,1.5,0.0,0.0,0.0,0.0,11,2017.0,306,153.0,0.2222222222222222,0.2222222222222222,0.5555555555555556,Bengals,204.0,26.555555555555557,7.222222222222222,DST,89.55555555555556,2.2222222222222223,0.0,Broncos,293.5555555555556,0.2222222222222222
5,1208,514.8,0.0,0.0,Tyler Boyd,Bengals,0.0,0.0,0.0,0.0,0.0,0.0,0.6,WR,0.0,0.0,9.6,1.4,0.0,0.0,0.0,0.0,12,2017.0,334,162.2,0.2,0.3,0.7,Browns,200.6,19.9,9.5,DST,122.4,2.9,0.0,Bengals,323.0,0.2
6,1383,630.3333333333334,0.0,0.0,Tyler Boyd,Bengals,0.0,0.0,0.0,0.0,0.0,0.0,1.6666666666666667,WR,0.0,0.16666666666666666,10.833333333333336,1.5,0.0,0.0,0.0,0.0,13,2017.0,375,177.8181818181818,0.18181818181818185,0.2727272727272727,0.6363636363636364,Steelers,203.8181818181818,19.545454545454547,9.363636363636363,DST,126.63636363636364,3.0,0.0,Bengals,330.45454545454544,0.18181818181818185
