,Year,Week,Name,Fumble TD,Fumbles Lost,Opponent,Pass 2PT,Pass Attempts,Pass Completions,Pass Interceptions,Pass TD,Pass Yards,Points,Position,Receiving 2PT,Receiving TD,Receiving Yards,Receptions,Rush 2PT,Rush Attempts,Rush TD,Rush Yards,Away Games
236,2011.0,3,Sidney Rice,0.0,0.0,Cardinals,0.0,0.0,0.0,0.0,0.0,0.0,10.0,WR,0.0,0.0,109.0,8.0,0.0,0.0,0.0,0.0,0.0
330,2011.0,4,Sidney Rice,0.0,0.0,Falcons,0.0,0.0,0.0,0.0,0.0,0.0,10.0,WR,0.0,0.0,109.0,8.0,0.0,0.0,0.0,0.0,0.0
474,2011.0,5,Sidney Rice,0.0,0.0,Giants,0.0,0.0,0.0,0.0,0.0,0.0,11.5,WR,0.0,0.5,94.0,5.5,0.0,0.0,0.0,0.0,0.0
641,2011.0,7,Sidney Rice,0.0,0.0,Browns,0.0,0.0,0.0,0.0,0.0,0.0,8.666666666666666,WR,0.0,0.3333333333333333,75.33333333333333,5.0,0.0,0.3333333333333333,0.0,0.0,0.3333333333333333
708,2011.0,8,Sidney Rice,0.0,0.0,Bengals,0.0,0.0,0.0,0.0,0.0,0.0,7.25,WR,0.0,0.25,66.0,4.25,0.0,0.25,0.0,0.0,0.5
811,2011.0,9,Sidney Rice,0.0,0.0,Cowboys,0.0,0.0,0.0,0.0,0.0,0.0,7.8,WR,0.0,0.2,73.2,4.8,0.0,0.2,0.0,0.0,0.4
950,2011.0,10,Sidney Rice,0.0,0.0,Ravens,0.0,0.0,0.0,0.0,0.0,0.0,7.5,WR,0.0,0.16666666666666666,72.5,4.5,0.0,0.16666666666666666,0.0,0.0,0.5
992,2011.0,11,Sidney Rice,0.0,0.0,Rams,0.0,0.0,0.0,0.0,0.0,0.0,6.571428571428571,WR,0.0,0.14285714285714285,64.14285714285714,4.142857142857143,0.0,0.14285714285714285,0.0,0.0,0.42857142857142855
1166,2011.0,12,Sidney Rice,0.0,0.0,Redskins,0.0,0.125,0.125,0.0,0.0,6.875,7.125,WR,0.0,0.25,60.5,4.0,0.0,0.125,0.0,0.0,0.5
