,Year,Week,Name,Fumble TD,Fumbles Lost,Opponent_x,Pass 2PT,Pass Attempts,Pass Completions,Pass Interceptions,Pass TD,Pass Yards,Points_x,Position_x,Receiving 2PT,Receiving TD,Receiving Yards,Receptions,Rush 2PT,Rush Attempts,Rush TD,Rush Yards,Away Games_x,Team,Blocks,Fumble Returns,Interception,Opponent_y,Pass Yards Allowed,Point After,Points_y,Position_y,Rush Yards Allowed,Sack,Safety,Total Yards,Touchdowns,Away Games_y
0,2013.0,16,Brian Tyms,0.0,0.0,Jets,0.0,0.0,0.0,0.0,0.0,0.0,1.0,WR,0.0,0.0,12.0,2.0,0.0,0.0,0.0,0.0,1.0,Jets,0.07142857142857142,0.14285714285714285,0.5714285714285714,Browns,255.35714285714286,26.214285714285715,7.428571428571429,DST,86.07142857142857,2.7142857142857144,0.07142857142857142,341.42857142857144,0.14285714285714285,0.5
1,2014.0,6,Brian Tyms,0.0,0.0,Bills,0.0,0.0,0.0,0.0,0.0,0.0,10.0,WR,0.0,1.0,43.0,1.0,0.0,0.0,0.0,0.0,1.0,Bills,0.2,0.8,1.2,Patriots,253.8,17.8,12.4,DST,71.0,3.4,0.0,324.8,0.2,0.6
2,2014.0,17,Brian Tyms,0.0,0.0,Bills,0.0,0.0,0.0,0.0,0.0,0.0,10.0,WR,0.0,1.0,43.0,1.0,0.0,0.0,0.0,0.0,1.0,Bills,0.2,0.7333333333333333,1.2666666666666666,Patriots,209.86666666666667,18.666666666666668,13.0,DST,105.8,3.333333333333333,0.06666666666666668,315.6666666666667,0.26666666666666666,0.4666666666666667
