,Year,Week,Name,Fumble TD,Fumbles Lost,Opponent,Pass 2PT,Pass Attempts,Pass Completions,Pass Interceptions,Pass TD,Pass Yards,Points,Position,Receiving 2PT,Receiving TD,Receiving Yards,Receptions,Rush 2PT,Rush Attempts,Rush TD,Rush Yards,Away Games
1654,2013.0,1,Kyle Rudolph,0.0,0.0,Lions,0.0,0.0,0.0,0.0,0.0,0.0,2.0,TE,0.0,0.0,27.0,2.0,0.0,0.0,0.0,0.0,1.0
1681,2013.0,2,Kyle Rudolph,0.0,0.0,Bears,0.0,0.0,0.0,0.0,0.0,0.0,2.0,TE,0.0,0.0,27.0,2.0,0.0,0.0,0.0,0.0,1.0
1751,2013.0,3,Kyle Rudolph,0.0,0.0,Browns,0.0,0.0,0.0,0.0,0.0,0.0,6.0,TE,0.0,0.5,34.5,2.5,0.0,0.0,0.0,0.0,1.0
1814,2013.0,4,Kyle Rudolph,0.0,0.0,Steelers,0.0,0.0,0.0,0.0,0.0,0.0,4.666666666666667,TE,0.0,0.3333333333333333,32.333333333333336,3.3333333333333335,0.0,0.0,0.0,0.0,0.6666666666666666
1865,2013.0,6,Kyle Rudolph,0.0,0.0,Panthers,0.0,0.0,0.0,0.0,0.0,0.0,3.5,TE,0.0,0.25,25.75,3.0,0.0,0.0,0.0,0.0,0.5
1934,2013.0,7,Kyle Rudolph,0.0,0.0,Giants,0.0,0.0,0.0,0.0,0.0,0.0,5.8,TE,0.0,0.4,40.0,4.2,0.0,0.0,0.0,0.0,0.4
1962,2013.0,8,Kyle Rudolph,0.0,0.0,Packers,0.0,0.0,0.0,0.0,0.0,0.0,5.166666666666667,TE,0.0,0.3333333333333333,37.833333333333336,4.0,0.0,0.0,0.0,0.0,0.5
2003,2013.0,9,Kyle Rudolph,0.0,0.0,Cowboys,0.0,0.0,0.0,0.0,0.0,0.0,5.142857142857143,TE,0.0,0.2857142857142857,39.714285714285715,4.0,0.0,0.0,0.0,0.0,0.42857142857142855
