,Year,Week,Name,Fumble TD,Fumbles Lost,Opponent,Pass 2PT,Pass Attempts,Pass Completions,Pass Interceptions,Pass TD,Pass Yards,Points,Position,Receiving 2PT,Receiving TD,Receiving Yards,Receptions,Rush 2PT,Rush Attempts,Rush TD,Rush Yards,Away Games
2967,2010.0,2,D.J. Ware,0.0,0.0,Colts,0.0,0.0,0.0,0.0,0.0,0.0,1.0,RB,0.0,0.0,5.0,1.0,0.0,2.0,0.0,15.0,1.0
3506,2010.0,9,D.J. Ware,0.0,0.0,Seahawks,0.0,0.0,0.0,0.0,0.0,0.0,1.0,RB,0.0,0.0,5.0,1.0,0.0,2.0,0.0,15.0,1.0
3786,2010.0,12,D.J. Ware,0.0,0.0,Jaguars,0.0,0.0,0.0,0.0,0.0,0.0,3.5,RB,0.0,0.0,2.5,0.5,0.0,7.5,0.0,40.5,1.0
3884,2010.0,13,D.J. Ware,0.0,0.0,Redskins,0.0,0.0,0.0,0.0,0.0,0.0,2.3333333333333335,RB,0.0,0.0,4.0,0.6666666666666666,0.0,5.0,0.0,27.0,0.6666666666666666
3960,2010.0,14,D.J. Ware,0.0,0.0,Min,0.0,0.0,0.0,0.0,0.0,0.0,1.75,RB,0.0,0.0,3.75,0.75,0.0,4.25,0.0,19.75,0.5
4131,2010.0,16,D.J. Ware,0.0,0.0,Packers,0.0,0.0,0.0,0.0,0.0,0.0,1.6,RB,0.0,0.0,5.4,0.8,0.0,4.0,0.0,14.6,0.6
4228,2010.0,17,D.J. Ware,0.0,0.0,Redskins,0.0,0.0,0.0,0.0,0.0,0.0,1.6666666666666667,RB,0.0,0.0,8.5,1.0,0.0,3.3333333333333335,0.0,12.166666666666666,0.6666666666666666
