,Year,Week,Name,Fumble TD,Fumbles Lost,Opponent_x,Pass 2PT,Pass Attempts,Pass Completions,Pass Interceptions,Pass TD,Pass Yards,Points_x,Position_x,Receiving 2PT,Receiving TD,Receiving Yards,Receptions,Rush 2PT,Rush Attempts,Rush TD,Rush Yards,Away Games_x,Team,Blocks,Fumble Returns,Interception,Opponent_y,Pass Yards Allowed,Point After,Points_y,Position_y,Rush Yards Allowed,Sack,Safety,Total Yards,Touchdowns,Away Games_y
0,2015.0,3,Jack Doyle,0.0,0.0,Titans,0.0,0.0,0.0,0.0,0.0,0.0,3.0,TE,0.0,0.0,32.0,3.0,0.0,0.0,0.0,0.0,1.0,Titans,0.0,0.0,1.0,Colts,169.5,21.0,10.0,DST,104.0,3.0,0.0,273.5,0.5,1.0
1,2015.0,5,Jack Doyle,0.0,0.0,Texans,0.0,0.0,0.0,0.0,0.0,0.0,3.0,TE,0.0,0.0,32.0,3.0,0.0,0.0,0.0,0.0,1.0,Texans,0.25,0.0,0.5,Colts,228.75,27.0,5.25,DST,115.25,1.5,0.0,344.0,0.0,0.5
2,2015.0,6,Jack Doyle,0.0,0.0,Patriots,0.0,0.0,0.0,0.0,0.0,0.0,1.5,TE,0.0,0.0,16.0,2.0,0.0,0.0,0.0,0.0,1.0,Patriots,0.0,0.25,1.5,Colts,229.5,19.0,11.25,DST,113.25,4.0,0.0,342.75,0.0,0.5
3,2015.0,9,Jack Doyle,0.0,0.0,Broncos,0.0,0.0,0.0,0.0,0.0,0.0,1.0,TE,0.0,0.0,13.0,2.0,0.0,0.0,0.0,0.0,0.6666666666666666,Broncos,0.2857142857142857,1.1428571428571428,1.2857142857142858,Colts,171.85714285714286,16.0,18.142857142857142,DST,89.2857142857143,4.142857142857143,0.14285714285714285,261.14285714285717,0.5714285714285714,0.5714285714285714
4,2015.0,12,Jack Doyle,0.0,0.0,Buccaneers,0.0,0.0,0.0,0.0,0.0,0.0,2.5,TE,0.0,0.25,14.25,2.0,0.0,0.0,0.0,0.0,0.5,Buccaneers,0.1,1.0,1.0,Colts,234.6,25.4,10.9,DST,104.5,2.3,0.0,339.1,0.3,0.5
5,2015.0,16,Jack Doyle,0.0,0.0,Dolphins,0.0,0.0,0.0,0.0,0.0,0.0,2.0,TE,0.0,0.2,12.4,1.8,0.0,0.0,0.0,0.0,0.4,Dolphins,0.07142857142857142,0.21428571428571427,0.9285714285714286,Colts,264.7142857142857,25.785714285714285,8.142857142857142,DST,132.07142857142858,1.9285714285714288,0.0,396.78571428571433,0.2857142857142857,0.5714285714285714
6,2015.0,17,Jack Doyle,0.0,0.0,Titans,0.0,0.0,0.0,0.0,0.0,0.0,1.6666666666666667,TE,0.0,0.16666666666666666,11.5,1.8333333333333333,0.0,0.0,0.0,0.0,0.5,Titans,0.06666666666666668,0.5333333333333333,0.6666666666666666,Colts,231.86666666666667,26.2,7.533333333333332,DST,111.33333333333331,2.533333333333333,0.0,343.2,0.13333333333333333,0.4666666666666667
