,Year,Week,Name,Fumble TD,Fumbles Lost,Opponent_x,Pass 2PT,Pass Attempts,Pass Completions,Pass Interceptions,Pass TD,Pass Yards,Points_x,Position_x,Receiving 2PT,Receiving TD,Receiving Yards,Receptions,Rush 2PT,Rush Attempts,Rush TD,Rush Yards,Away Games_x,Team,Blocks,Fumble Returns,Interception,Opponent_y,Pass Yards Allowed,Point After,Points_y,Position_y,Rush Yards Allowed,Sack,Safety,Total Yards,Touchdowns,Away Games_y
0,2012.0,2,Lex Hilliard,0.0,0.0,Cardinals,0.0,0.0,0.0,0.0,0.0,0.0,0.0,RB,0.0,0.0,0.0,0.0,0.0,1.0,0.0,2.0,0.0,Cardinals,1.0,1.0,1.0,Patriots,139.0,16.0,13.0,DST,115.0,3.0,0.0,254.0,0.0,0.0
1,2012.0,7,Lex Hilliard,0.0,0.0,Patriots,0.0,0.0,0.0,0.0,0.0,0.0,0.0,RB,0.0,0.0,0.0,0.0,0.0,1.0,0.0,2.0,0.0,Patriots,0.0,1.6666666666666667,1.0,Jets,288.8333333333333,22.83333333333333,10.333333333333334,DST,82.66666666666667,1.8333333333333333,0.0,371.5,0.16666666666666666,0.6666666666666666
2,2012.0,8,Lex Hilliard,0.0,0.0,Dolphins,0.0,0.0,0.0,0.0,0.0,0.0,0.5,RB,0.0,0.0,4.0,0.5,0.0,2.0,0.0,8.0,0.5,Dolphins,0.0,0.3333333333333333,1.1666666666666667,Jets,284.8333333333333,19.5,10.333333333333334,DST,78.16666666666667,3.0,0.0,363.0,0.16666666666666666,0.5
3,2012.0,10,Lex Hilliard,0.0,0.0,Seahawks,0.0,0.0,0.0,0.0,0.0,0.0,0.6666666666666666,RB,0.0,0.0,2.6666666666666665,0.3333333333333333,0.0,2.333333333333333,0.0,10.333333333333334,0.3333333333333333,Seahawks,0.1111111111111111,0.5555555555555556,0.8888888888888888,Jets,206.77777777777774,17.11111111111111,11.111111111111109,DST,102.44444444444444,2.7777777777777777,0.0,309.22222222222223,0.1111111111111111,0.5555555555555556
4,2012.0,11,Lex Hilliard,0.0,0.0,Rams,0.0,0.0,0.0,0.0,0.0,0.0,0.5,RB,0.0,0.0,4.25,0.5,0.0,2.0,0.0,7.75,0.5,Rams,0.1111111111111111,0.1111111111111111,0.8888888888888888,Jets,228.66666666666663,23.33333333333333,8.444444444444445,DST,114.11111111111113,2.888888888888889,0.0,342.77777777777777,0.1111111111111111,0.4444444444444444
5,2012.0,17,Lex Hilliard,0.0,0.0,Bills,0.0,0.0,0.0,0.0,0.0,0.0,0.4,RB,0.0,0.0,3.2,0.6,0.0,1.6,0.0,6.2,0.6,Bills,0.2,0.5333333333333333,0.7333333333333333,Jets,218.26666666666668,28.4,8.6,DST,146.66666666666666,2.333333333333333,0.06666666666666668,364.9333333333333,0.2,0.5333333333333333
