,Year,Week,Name,Fumble TD,Fumbles Lost,Opponent,Pass 2PT,Pass Attempts,Pass Completions,Pass Interceptions,Pass TD,Pass Yards,Points,Position,Receiving 2PT,Receiving TD,Receiving Yards,Receptions,Rush 2PT,Rush Attempts,Rush TD,Rush Yards,Away Games
1669,2013.0,1,Gavin Escobar,0.0,0.0,Giants,0.0,0.0,0.0,0.0,0.0,0.0,0.0,TE,0.0,0.0,7.0,1.0,0.0,0.0,0.0,0.0,0.0
1719,2013.0,2,Gavin Escobar,0.0,0.0,Chiefs,0.0,0.0,0.0,0.0,0.0,0.0,0.0,TE,0.0,0.0,7.0,1.0,0.0,0.0,0.0,0.0,0.0
1729,2013.0,3,Gavin Escobar,0.0,0.0,Rams,0.0,0.0,0.0,0.0,0.0,0.0,0.0,TE,0.0,0.0,8.0,1.0,0.0,0.0,0.0,0.0,0.5
1853,2013.0,5,Gavin Escobar,0.0,0.0,Broncos,0.0,0.0,0.0,0.0,0.0,0.0,2.6666666666666665,TE,0.0,0.3333333333333333,13.333333333333334,1.0,0.0,0.0,0.0,0.0,0.3333333333333333
2179,2013.0,12,Gavin Escobar,0.0,0.0,Giants,0.0,0.0,0.0,0.0,0.0,0.0,2.5,TE,0.0,0.25,16.25,1.0,0.0,0.0,0.0,0.0,0.25
2258,2013.0,14,Gavin Escobar,0.0,0.0,Bears,0.0,0.0,0.0,0.0,0.0,0.0,2.0,TE,0.0,0.2,14.0,1.0,0.0,0.0,0.0,0.0,0.4
2323,2013.0,15,Gavin Escobar,0.0,0.0,Packers,0.0,0.0,0.0,0.0,0.0,0.0,2.1666666666666665,TE,0.0,0.16666666666666666,17.0,1.1666666666666667,0.0,0.0,0.0,0.0,0.5
2395,2013.0,17,Gavin Escobar,0.0,0.0,Eagles,0.0,0.0,0.0,0.0,0.0,0.0,2.0,TE,0.0,0.14285714285714285,16.714285714285715,1.1428571428571428,0.0,0.0,0.0,0.0,0.42857142857142855
