,Year,Week,Name,Fumble TD,Fumbles Lost,Opponent,Pass 2PT,Pass Attempts,Pass Completions,Pass Interceptions,Pass TD,Pass Yards,Points,Position,Receiving 2PT,Receiving TD,Receiving Yards,Receptions,Rush 2PT,Rush Attempts,Rush TD,Rush Yards,Away Games
631,2011.0,8,Ahmard Hall,0.0,0.0,Colts,0.0,0.0,0.0,0.0,0.0,0.0,1.0,RB,0.0,0.0,13.0,2.0,0.0,0.0,0.0,0.0,0.0
722,2011.0,9,Ahmard Hall,0.0,0.0,Bengals,0.0,0.0,0.0,0.0,0.0,0.0,1.0,RB,0.0,0.0,13.0,2.0,0.0,0.0,0.0,0.0,0.0
958,2011.0,12,Ahmard Hall,0.0,0.0,Buccaneers,0.0,0.0,0.0,0.0,0.0,0.0,0.5,RB,0.0,0.0,11.0,1.5,0.0,0.0,0.0,0.0,0.0
1042,2011.0,13,Ahmard Hall,0.0,0.0,Bills,0.0,0.0,0.0,0.0,0.0,0.0,0.6666666666666666,RB,0.0,0.0,10.666666666666666,1.3333333333333333,0.0,0.3333333333333333,0.0,0.6666666666666666,0.0
1256,2011.0,15,Ahmard Hall,0.0,0.0,Colts,0.0,0.0,0.0,0.0,0.0,0.0,1.0,RB,0.0,0.0,11.0,1.5,0.0,0.75,0.0,4.0,0.25
1344,2011.0,16,Ahmard Hall,0.0,0.0,Jaguars,0.0,0.0,0.0,0.0,0.0,0.0,0.8,RB,0.0,0.0,8.4,1.6,0.0,0.6,0.0,3.2,0.4
1437,2011.0,17,Ahmard Hall,0.0,0.0,Texans,0.0,0.0,0.0,0.0,0.0,0.0,0.6666666666666666,RB,0.0,0.0,7.0,1.3333333333333333,0.0,0.6666666666666666,0.0,2.8333333333333335,0.3333333333333333
