,Year,Week,Name,Fumble TD,Fumbles Lost,Opponent,Pass 2PT,Pass Attempts,Pass Completions,Pass Interceptions,Pass TD,Pass Yards,Points,Position,Receiving 2PT,Receiving TD,Receiving Yards,Receptions,Rush 2PT,Rush Attempts,Rush TD,Rush Yards,Away Games
7455,2015.0,3,Adam Thielen,0.0,0.0,Chargers,0.0,0.0,0.0,0.0,0.0,0.0,1.0,WR,0.0,0.0,16.0,2.0,0.0,0.0,0.0,0.0,0.0
7521,2015.0,4,Adam Thielen,0.0,0.0,Broncos,0.0,0.0,0.0,0.0,0.0,0.0,1.0,WR,0.0,0.0,16.0,2.0,0.0,0.0,0.0,0.0,0.0
7844,2015.0,7,Adam Thielen,0.0,0.0,Lions,0.0,0.0,0.0,0.0,0.0,0.0,4.0,WR,0.0,0.0,43.0,4.0,0.0,0.0,0.0,0.0,0.5
8152,2015.0,10,Adam Thielen,0.0,0.0,Raiders,0.0,0.0,0.0,0.0,0.0,0.0,3.6666666666666665,WR,0.0,0.0,38.666666666666664,3.0,0.0,0.0,0.0,0.0,0.6666666666666666
8616,2015.0,14,Adam Thielen,0.0,0.0,Cardinals,0.0,0.0,0.0,0.0,0.0,0.0,3.0,WR,0.0,0.0,29.0,2.25,0.0,0.25,0.0,3.5,0.75
8738,2015.0,15,Adam Thielen,0.0,0.0,Bears,0.0,0.0,0.0,0.0,0.0,0.0,2.4,WR,0.0,0.0,24.6,2.0,0.0,0.2,0.0,2.8,0.8
8845,2015.0,16,Adam Thielen,0.0,0.0,Giants,0.0,0.0,0.0,0.0,0.0,0.0,2.0,WR,0.0,0.0,20.5,1.6666666666666667,0.0,0.3333333333333333,0.0,3.6666666666666665,0.6666666666666666
8897,2015.0,17,Adam Thielen,0.0,0.0,Packers,0.0,0.0,0.0,0.0,0.0,0.0,1.7142857142857142,WR,0.0,0.0,18.285714285714285,1.5714285714285714,0.0,0.2857142857142857,0.0,3.142857142857143,0.5714285714285714
