,Year,Week,Name,Fumble TD,Fumbles Lost,Opponent_x,Pass 2PT,Pass Attempts,Pass Completions,Pass Interceptions,Pass TD,Pass Yards,Points_x,Position_x,Receiving 2PT,Receiving TD,Receiving Yards,Receptions,Rush 2PT,Rush Attempts,Rush TD,Rush Yards,Away Games_x,Team,Blocks,Fumble Returns,Interception,Opponent_y,Pass Yards Allowed,Point After,Points_y,Position_y,Rush Yards Allowed,Sack,Safety,Total Yards,Touchdowns,Away Games_y
0,2010.0,2,Billy Volek,0.0,0.0,Jaguars,0.0,0.0,0.0,0.0,0.0,0.0,0.0,QB,0.0,0.0,0.0,0.0,0.0,1.0,0.0,-1.0,0.0,Jaguars,0.0,1.0,1.0,Chargers,274.0,17.0,11.0,DST,89.0,3.0,0.0,363.0,0.0,0.0
1,2010.0,4,Billy Volek,0.0,0.0,Cardinals,0.0,0.0,0.0,0.0,0.0,0.0,0.0,QB,0.0,0.0,0.0,0.0,0.0,1.0,0.0,-1.0,0.0,Cardinals,0.3333333333333333,0.6666666666666666,1.3333333333333333,Chargers,231.33333333333331,25.66666666666667,11.333333333333336,DST,146.33333333333334,2.0,0.0,377.66666666666674,0.3333333333333333,0.6666666666666666
2,2010.0,15,Billy Volek,0.0,0.0,49ers,0.0,0.5,0.5,0.0,0.0,4.0,0.0,QB,0.0,0.0,0.0,0.0,0.0,1.5,0.0,-1.5,0.0,49ers,0.07692307692307693,0.4615384615384616,1.0,Chargers,227.3076923076923,21.538461538461537,9.23076923076923,DST,100.07692307692308,2.1538461538461537,0.0,327.38461538461536,0.2307692307692308,0.4615384615384616
3,2011.0,13,Billy Volek,0.0,0.0,Jaguars,0.0,0.0,0.0,0.0,0.0,0.0,0.0,QB,0.0,0.0,0.0,0.0,0.0,3.0,0.0,-3.0,1.0,Jaguars,0.0,0.4545454545454545,0.9090909090909092,Chargers,183.3636363636364,18.181818181818183,8.909090909090908,DST,109.0909090909091,2.090909090909091,0.0,292.45454545454544,0.09090909090909093,0.5454545454545454
4,2011.0,14,Billy Volek,0.0,0.0,Bills,0.0,0.0,0.0,0.0,0.0,0.0,0.0,QB,0.0,0.0,0.0,0.0,0.0,3.0,0.0,-3.0,1.0,Bills,0.16666666666666666,0.5,1.3333333333333333,Chargers,234.16666666666663,25.33333333333333,8.916666666666666,DST,129.08333333333334,1.4166666666666667,0.08333333333333333,363.25,0.25,0.5
