,Year,Week,Name,Fumble TD,Fumbles Lost,Opponent,Pass 2PT,Pass Attempts,Pass Completions,Pass Interceptions,Pass TD,Pass Yards,Points,Position,Receiving 2PT,Receiving TD,Receiving Yards,Receptions,Rush 2PT,Rush Attempts,Rush TD,Rush Yards,Away Games
3434,2016.0,1,Eddie Royal,0.0,0.0,Texans,0.0,0.0,0.0,0.0,0.0,0.0,11.0,WR,0.0,1.0,57.0,4.0,0.0,0.0,0.0,0.0,1.0
3584,2016.0,2,Eddie Royal,0.0,0.0,Eagles,0.0,0.0,0.0,0.0,0.0,0.0,11.0,WR,0.0,1.0,57.0,4.0,0.0,0.0,0.0,0.0,1.0
3731,2016.0,3,Eddie Royal,0.0,0.0,Cowboys,0.0,0.0,0.0,0.0,0.0,0.0,8.0,WR,0.0,0.5,54.5,4.0,0.0,0.0,0.0,0.0,0.5
3778,2016.0,4,Eddie Royal,0.0,0.0,Lions,0.0,0.0,0.0,0.0,0.0,0.0,6.0,WR,0.0,0.3333333333333333,43.333333333333336,3.6666666666666665,0.0,0.0,0.0,0.0,0.6666666666666666
3927,2016.0,5,Eddie Royal,0.0,0.0,Colts,0.0,0.0,0.0,0.0,0.0,0.0,8.75,WR,0.0,0.5,60.25,4.5,0.0,0.0,0.0,0.0,0.5
4028,2016.0,6,Eddie Royal,0.0,0.0,Jaguars,0.0,0.0,0.0,0.0,0.0,0.0,7.8,WR,0.0,0.4,56.8,5.0,0.0,0.0,0.0,0.0,0.6
4472,2016.0,10,Eddie Royal,0.0,0.0,Buccaneers,0.0,0.0,0.0,0.0,0.0,0.0,7.333333333333333,WR,0.0,0.3333333333333333,56.333333333333336,4.833333333333333,0.0,0.0,0.0,0.0,0.5
4591,2016.0,11,Eddie Royal,0.0,0.0,Giants,0.0,0.0,0.0,0.0,0.0,0.0,6.571428571428571,WR,0.0,0.2857142857142857,51.714285714285715,4.285714285714286,0.0,0.0,0.0,0.0,0.5714285714285714
4727,2016.0,12,Eddie Royal,0.0,0.0,Titans,0.0,0.0,0.0,0.0,0.0,0.0,5.875,WR,0.0,0.25,46.875,4.0,0.0,0.0,0.0,0.0,0.625
