,Year,Week,Name,Fumble TD,Fumbles Lost,Opponent_x,Pass 2PT,Pass Attempts,Pass Completions,Pass Interceptions,Pass TD,Pass Yards,Points_x,Position_x,Receiving 2PT,Receiving TD,Receiving Yards,Receptions,Rush 2PT,Rush Attempts,Rush TD,Rush Yards,Away Games_x,Team,Blocks,Fumble Returns,Interception,Opponent_y,Pass Yards Allowed,Point After,Points_y,Position_y,Rush Yards Allowed,Sack,Safety,Total Yards,Touchdowns,Away Games_y
0,2014.0,2,Troy Niklas,0.0,0.0,Giants,0.0,0.0,0.0,0.0,0.0,0.0,1.0,TE,0.0,0.0,16.0,1.0,0.0,0.0,0.0,0.0,1.0,Giants,0.0,0.0,0.0,Cardinals,341.0,35.0,1.0,DST,76.0,1.0,0.0,417.0,0.0,1.0
1,2014.0,10,Troy Niklas,0.0,0.0,Rams,0.0,0.0,0.0,0.0,0.0,0.0,1.0,TE,0.0,0.0,16.0,1.0,0.0,0.0,0.0,0.0,1.0,Rams,0.25,0.875,0.375,Cardinals,225.25,27.5,7.75,DST,136.25,1.75,0.0,361.5,0.25,0.5
2,2014.0,11,Troy Niklas,0.0,0.0,Lions,0.0,0.0,0.0,0.0,0.0,0.0,1.0,TE,0.0,0.0,16.5,1.0,0.0,0.0,0.0,0.0,0.5,Lions,0.0,0.4444444444444444,1.1111111111111112,Cardinals,212.11111111111111,15.777777777777779,11.555555555555555,DST,71.33333333333333,2.888888888888889,0.1111111111111111,283.4444444444445,0.2222222222222222,0.4444444444444444
3,2015.0,6,Troy Niklas,0.0,0.0,Steelers,0.0,0.0,0.0,0.0,0.0,0.0,1.0,TE,0.0,0.0,13.0,1.0,0.0,0.0,0.0,0.0,1.0,Steelers,0.0,0.6,0.6,Cardinals,257.0,19.0,10.6,DST,101.0,3.2,0.0,358.0,0.2,0.6
4,2015.0,8,Troy Niklas,0.0,0.0,Browns,0.0,0.0,0.0,0.0,0.0,0.0,1.0,TE,0.0,0.0,13.0,1.0,0.0,0.0,0.0,0.0,1.0,Browns,0.0,0.7142857142857143,0.5714285714285714,Cardinals,242.14285714285717,26.0,7.0,DST,151.0,1.7142857142857142,0.0,393.1428571428572,0.2857142857142857,0.5714285714285714
5,2015.0,17,Troy Niklas,0.0,0.0,Seahawks,0.0,0.0,0.0,0.0,0.0,0.0,7.0,TE,0.0,1.0,12.5,1.5,0.0,0.0,0.0,0.0,1.0,Seahawks,0.0,0.5333333333333333,0.7333333333333333,Cardinals,210.6,18.066666666666666,11.466666666666667,DST,85.13333333333334,2.333333333333333,0.0,295.73333333333335,0.3333333333333333,0.4666666666666667
6,2016.0,3,Troy Niklas,0.0,0.0,Bills,0.0,0.0,0.0,0.0,0.0,0.0,0.0,TE,0.0,0.0,0.0,1.0,0.0,0.0,0.0,0.0,1.0,Bills,0.0,1.0,0.0,Cardinals,297.5,25.0,11.0,DST,103.0,2.5,0.0,400.5,0.5,0.5
