,Year,Week,Name,Fumble TD,Fumbles Lost,Opponent_x,Pass 2PT,Pass Attempts,Pass Completions,Pass Interceptions,Pass TD,Pass Yards,Points_x,Position_x,Receiving 2PT,Receiving TD,Receiving Yards,Receptions,Rush 2PT,Rush Attempts,Rush TD,Rush Yards,Away Games_x,Team,Blocks,Fumble Returns,Interception,Opponent_y,Pass Yards Allowed,Point After,Points_y,Position_y,Rush Yards Allowed,Sack,Safety,Total Yards,Touchdowns,Away Games_y
0,2016.0,4,C.J. Spiller,0.0,0.0,Jets,0.0,0.0,0.0,0.0,0.0,0.0,7.0,RB,0.0,1.0,5.0,2.0,0.0,2.0,0.0,12.0,1.0,Jets,0.0,0.3333333333333333,0.6666666666666666,Seahawks,284.0,26.0,5.666666666666668,DST,71.66666666666667,3.0,0.0,355.66666666666674,0.0,0.6666666666666666
1,2016.0,6,C.J. Spiller,0.0,0.0,Falcons,0.0,0.0,0.0,0.0,0.0,0.0,7.0,RB,0.0,1.0,5.0,2.0,0.0,2.0,0.0,12.0,1.0,Falcons,0.0,0.2,1.0,Seahawks,290.2,28.0,7.6,DST,98.6,2.0,0.0,388.8,0.4,0.6
2,2016.0,13,C.J. Spiller,0.0,0.0,Colts,0.0,0.0,0.0,0.0,0.0,0.0,3.333333333333333,RB,0.0,0.3333333333333333,14.333333333333336,1.6666666666666667,0.0,1.3333333333333333,0.0,4.333333333333333,0.3333333333333333,Colts,0.09090909090909093,0.4545454545454545,0.2727272727272727,Jets,278.72727272727275,27.363636363636363,5.545454545454546,DST,116.27272727272728,2.0,0.0,395.0,0.18181818181818185,0.4545454545454545
