,Year,Week,Name,Fumble TD,Fumbles Lost,Opponent_x,Pass 2PT,Pass Attempts,Pass Completions,Pass Interceptions,Pass TD,Pass Yards,Points_x,Position_x,Receiving 2PT,Receiving TD,Receiving Yards,Receptions,Rush 2PT,Rush Attempts,Rush TD,Rush Yards,Away Games_x,Team,Blocks,Fumble Returns,Interception,Opponent_y,Pass Yards Allowed,Point After,Points_y,Position_y,Rush Yards Allowed,Sack,Safety,Total Yards,Touchdowns,Away Games_y
0,2012.0,4,Graham Harrell,0.0,1.0,Saints,0.0,0.0,0.0,0.0,0.0,0.0,-1.0,QB,0.0,0.0,0.0,0.0,0.0,1.0,0.0,0.0,0.0,Saints,0.3333333333333333,1.0,0.3333333333333333,Packers,262.3333333333333,34.0,7.666666666666668,DST,215.0,2.0,0.0,477.33333333333326,0.3333333333333333,0.3333333333333333
1,2012.0,12,Graham Harrell,0.0,1.0,Giants,0.0,0.0,0.0,0.0,0.0,0.0,-1.0,QB,0.0,0.0,0.0,0.0,0.0,1.0,0.0,0.0,0.0,Giants,0.0,1.0,1.7,Packers,257.8,21.6,11.7,DST,113.8,2.5,0.0,371.6,0.2,0.5
2,2012.0,16,Graham Harrell,0.0,0.5,Titans,0.0,1.0,0.5,0.0,0.0,5.5,-0.5,QB,0.0,0.0,0.0,0.0,0.0,0.5,0.0,0.0,0.5,Titans,0.14285714285714285,0.35714285714285715,1.1428571428571428,Packers,240.57142857142856,28.285714285714285,9.571428571428571,DST,128.28571428571428,2.2142857142857144,0.07142857142857142,368.8571428571428,0.35714285714285715,0.5
