,Unnamed: 0.1_x,Unnamed: 0.1.1_x,Fumble TD,Fumbles Lost,Name,Opponent_x,Pass 2PT,Pass Attempts,Pass Completions,Pass Interceptions,Pass TD,Pass Yards,Points_x,Position_x,Receiving 2PT,Receiving TD,Receiving Yards,Receptions,Rush 2PT,Rush Attempts,Rush TD,Rush Yards,Week,Year,Unnamed: 0.1_y,Unnamed: 0.1.1_y,Blocks,Fumble Returns,Interception,Opponent_y,Pass Yards Allowed,Point After,Points_y,Position_y,Rush Yards Allowed,Sack,Safety,Team,Total Yards,Touchdowns
0,192,192.0,0.0,0.0,Jeremy Kerley,Raiders,0.0,0.0,0.0,0.0,0.0,0.0,1.0,WR,0.0,0.0,14.0,3.0,0.0,0.0,0.0,0.0,2,2017.0,40,21.0,0.0,0.0,0.0,Jets,255.0,16.0,5.0,DST,95.0,1.0,0.0,Raiders,350.0,0.0
1,281,192.0,0.0,0.0,Jeremy Kerley,Jets,0.0,0.0,0.0,0.0,0.0,0.0,1.0,WR,0.0,0.0,14.0,3.0,0.0,0.0,0.0,0.0,3,2017.0,63,40.5,0.0,0.0,0.5,Dolphins,224.0,33.0,2.5,DST,185.0,1.0,0.0,Jets,409.0,0.0
2,405,236.5,0.0,0.0,Jeremy Kerley,Jets,0.0,0.0,0.0,0.0,0.0,0.0,2.5,WR,0.0,0.0,28.0,4.0,0.0,0.0,0.0,0.0,4,2017.0,110,48.0,0.0,0.0,1.0,Jaguars,214.33333333333331,24.0,7.333333333333332,DST,133.33333333333334,1.6666666666666667,0.0,Jets,347.66666666666674,0.0
3,510,292.6666666666667,0.0,0.0,Jeremy Kerley,Browns,0.0,0.0,0.0,0.0,0.0,0.0,2.6666666666666665,WR,0.0,0.0,31.0,4.333333333333333,0.0,0.0,0.0,0.0,5,2017.0,141,66.75,0.0,0.75,0.5,Jets,240.75,26.75,5.25,DST,87.25,2.25,0.0,Browns,328.0,0.0
4,570,347.0,0.0,0.0,Jeremy Kerley,Jets,0.0,0.0,0.0,0.0,0.0,0.0,2.75,WR,0.0,0.0,33.0,4.25,0.0,0.0,0.0,0.0,6,2017.0,180,78.0,0.0,0.2,1.2,Patriots,211.6,21.2,8.0,DST,143.0,1.4,0.0,Jets,354.6,0.0
5,767,391.6,0.0,0.0,Jeremy Kerley,Dolphins,0.0,0.0,0.0,0.0,0.0,0.0,4.6,WR,0.0,0.2,38.6,3.8,0.0,0.0,0.0,0.0,7,2017.0,196,107.4,0.0,0.6,0.2,Jets,235.0,16.8,9.8,DST,80.4,2.4,0.0,Dolphins,315.4,0.2
6,862,454.16666666666674,0.0,0.16666666666666666,Jeremy Kerley,Jets,0.0,0.0,0.0,0.0,0.0,0.0,3.8333333333333335,WR,0.0,0.16666666666666666,35.0,3.5,0.0,0.0,0.0,0.0,8,2017.0,228,109.71428571428572,0.0,0.2857142857142857,1.2857142857142858,Falcons,231.28571428571428,23.0,7.428571428571429,DST,126.57142857142857,1.4285714285714286,0.0,Jets,357.8571428571428,0.0
