,Year,Week,Name,Fumble TD,Fumbles Lost,Opponent,Pass 2PT,Pass Attempts,Pass Completions,Pass Interceptions,Pass TD,Pass Yards,Points,Position,Receiving 2PT,Receiving TD,Receiving Yards,Receptions,Rush 2PT,Rush Attempts,Rush TD,Rush Yards,Away Games
1466,2016.0,1,Andy Janovich,0.0,0.0,Panthers,0.0,0.0,0.0,0.0,0.0,0.0,8.0,RB,0.0,0.0,0.0,0.0,0.0,1.0,1.0,28.0,0.0
1592,2016.0,2,Andy Janovich,0.0,0.0,Colts,0.0,0.0,0.0,0.0,0.0,0.0,8.0,RB,0.0,0.0,0.0,0.0,0.0,1.0,1.0,28.0,0.0
1680,2016.0,3,Andy Janovich,0.0,0.0,Bengals,0.0,0.0,0.0,0.0,0.0,0.0,4.5,RB,0.0,0.0,5.5,0.5,0.0,0.5,0.5,14.0,0.0
1849,2016.0,5,Andy Janovich,0.0,0.0,Falcons,0.0,0.0,0.0,0.0,0.0,0.0,3.3333333333333335,RB,0.0,0.0,8.0,0.6666666666666666,0.0,0.6666666666666666,0.3333333333333333,10.0,0.3333333333333333
1998,2016.0,7,Andy Janovich,0.0,0.0,Texans,0.0,0.0,0.0,0.0,0.0,0.0,2.5,RB,0.0,0.0,6.0,0.5,0.0,0.75,0.25,8.0,0.25
2228,2016.0,10,Andy Janovich,0.0,0.0,Saints,0.0,0.0,0.0,0.0,0.0,0.0,2.2,RB,0.0,0.0,7.2,0.6,0.0,0.8,0.2,6.6,0.2
2390,2016.0,12,Andy Janovich,0.0,0.0,Chiefs,0.0,0.0,0.0,0.0,0.0,0.0,1.8333333333333333,RB,0.0,0.0,7.5,0.6666666666666666,0.0,0.6666666666666666,0.16666666666666666,5.5,0.3333333333333333
