,Year,Week,Name,Fumble TD,Fumbles Lost,Opponent,Pass 2PT,Pass Attempts,Pass Completions,Pass Interceptions,Pass TD,Pass Yards,Points,Position,Receiving 2PT,Receiving TD,Receiving Yards,Receptions,Rush 2PT,Rush Attempts,Rush TD,Rush Yards,Away Games
49,2012.0,1,Dustin Keller,0.0,0.0,Bills,0.0,0.0,0.0,0.0,0.0,0.0,0.0,TE,0.0,0.0,7.0,1.0,0.0,0.0,0.0,0.0,0.0
295,2012.0,6,Dustin Keller,0.0,0.0,Colts,0.0,0.0,0.0,0.0,0.0,0.0,0.0,TE,0.0,0.0,7.0,1.0,0.0,0.0,0.0,0.0,0.0
304,2012.0,7,Dustin Keller,0.0,0.0,Patriots,0.0,0.0,0.0,0.0,0.0,0.0,0.0,TE,0.0,0.0,6.5,1.0,0.0,0.0,0.0,0.0,0.0
349,2012.0,8,Dustin Keller,0.0,0.0,Dolphins,0.0,0.0,0.0,0.0,0.0,0.0,5.0,TE,0.0,0.3333333333333333,35.333333333333336,3.0,0.0,0.0,0.0,0.0,0.3333333333333333
451,2012.0,10,Dustin Keller,0.0,0.0,Seahawks,0.0,0.0,0.0,0.0,0.0,0.0,5.25,TE,0.0,0.25,43.25,4.0,0.0,0.0,0.0,0.0,0.25
508,2012.0,11,Dustin Keller,0.0,0.0,Rams,0.0,0.0,0.0,0.0,0.0,0.0,5.0,TE,0.0,0.2,44.0,3.8,0.0,0.0,0.0,0.0,0.4
521,2012.0,12,Dustin Keller,0.0,0.0,Patriots,0.0,0.0,0.0,0.0,0.0,0.0,4.333333333333333,TE,0.0,0.16666666666666666,39.333333333333336,3.5,0.0,0.0,0.0,0.0,0.5
610,2012.0,13,Dustin Keller,0.0,0.0,Cardinals,0.0,0.0,0.0,0.0,0.0,0.0,5.428571428571429,TE,0.0,0.2857142857142857,42.857142857142854,3.7142857142857144,0.0,0.0,0.0,0.0,0.42857142857142855
