,Year,Week,Name,Fumble TD,Fumbles Lost,Opponent_x,Pass 2PT,Pass Attempts,Pass Completions,Pass Interceptions,Pass TD,Pass Yards,Points_x,Position_x,Receiving 2PT,Receiving TD,Receiving Yards,Receptions,Rush 2PT,Rush Attempts,Rush TD,Rush Yards,Away Games_x,Team,Blocks,Fumble Returns,Interception,Opponent_y,Pass Yards Allowed,Point After,Points_y,Position_y,Rush Yards Allowed,Sack,Safety,Total Yards,Touchdowns,Away Games_y
0,2011.0,13,Billy Volek,0.0,0.0,Jaguars,0.0,0.0,0.0,0.0,0.0,0.0,0.0,QB,0.0,0.0,0.0,0.0,0.0,3.0,0.0,-3.0,1.0,Jaguars,0.0,0.4545454545454545,0.9090909090909092,Chargers,183.3636363636364,18.181818181818183,8.909090909090908,DST,109.0909090909091,2.090909090909091,0.0,292.45454545454544,0.09090909090909093,0.5454545454545454
1,2011.0,14,Billy Volek,0.0,0.0,Bills,0.0,0.0,0.0,0.0,0.0,0.0,0.0,QB,0.0,0.0,0.0,0.0,0.0,3.0,0.0,-3.0,1.0,Bills,0.16666666666666666,0.5,1.3333333333333333,Chargers,234.16666666666663,25.33333333333333,8.916666666666666,DST,129.08333333333334,1.4166666666666667,0.08333333333333333,363.25,0.25,0.5
