,Year,Week,Name,Fumble TD,Fumbles Lost,Opponent_x,Pass 2PT,Pass Attempts,Pass Completions,Pass Interceptions,Pass TD,Pass Yards,Points_x,Position_x,Receiving 2PT,Receiving TD,Receiving Yards,Receptions,Rush 2PT,Rush Attempts,Rush TD,Rush Yards,Away Games_x,Team,Blocks,Fumble Returns,Interception,Opponent_y,Pass Yards Allowed,Point After,Points_y,Position_y,Rush Yards Allowed,Sack,Safety,Total Yards,Touchdowns,Away Games_y
0,2016.0,1,Patrick DiMarco,0.0,0.0,Buccaneers,0.0,0.0,0.0,0.0,0.0,0.0,0.0,RB,0.0,0.0,8.0,1.0,0.0,0.0,0.0,0.0,0.0,Buccaneers,0.0,0.0,0.0,Falcons,322.0,24.0,4.0,DST,52.0,3.0,0.0,374.0,0.0,1.0
1,2016.0,4,Patrick DiMarco,0.0,0.0,Panthers,0.0,0.0,0.0,0.0,0.0,0.0,0.0,RB,0.0,0.0,8.0,1.0,0.0,0.0,0.0,0.0,0.0,Panthers,0.0,0.6666666666666666,1.3333333333333333,Falcons,183.0,23.33333333333333,9.0,DST,90.33333333333331,2.0,0.0,273.3333333333333,0.3333333333333333,0.3333333333333333
2,2016.0,5,Patrick DiMarco,0.0,0.0,Broncos,0.0,0.0,0.0,0.0,0.0,0.0,0.5,RB,0.0,0.0,13.0,1.0,0.0,0.0,0.0,0.0,0.0,Broncos,0.0,0.75,1.25,Falcons,169.5,16.0,16.0,DST,113.75,4.25,0.0,283.25,0.5,0.5
3,2016.0,6,Patrick DiMarco,0.0,0.0,Seahawks,0.0,0.0,0.0,0.0,0.0,0.0,0.6666666666666666,RB,0.0,0.0,13.0,1.0,0.0,0.0,0.0,0.0,0.3333333333333333,Seahawks,0.25,0.0,1.0,Falcons,183.75,13.5,11.0,DST,80.25,3.0,0.0,264.0,0.0,0.5
4,2016.0,7,Patrick DiMarco,0.0,0.0,Chargers,0.0,0.0,0.0,0.0,0.0,0.0,0.5,RB,0.0,0.0,10.5,1.0,0.0,0.0,0.0,0.0,0.5,Chargers,0.0,0.6666666666666666,1.1666666666666667,Falcons,279.6666666666667,25.83333333333333,9.333333333333334,DST,83.5,2.333333333333333,0.16666666666666666,363.16666666666674,0.16666666666666666,0.5
5,2016.0,9,Patrick DiMarco,0.0,0.0,Buccaneers,0.0,0.0,0.0,0.0,0.0,0.0,0.4,RB,0.0,0.0,9.0,1.0,0.0,0.0,0.0,0.0,0.4,Buccaneers,0.0,0.8571428571428571,0.5714285714285714,Falcons,274.7142857142857,27.0,7.2857142857142865,DST,115.28571428571428,2.142857142857143,0.0,390.0,0.14285714285714285,0.5714285714285714
6,2016.0,16,Patrick DiMarco,0.0,0.0,Panthers,0.0,0.0,0.0,0.0,0.0,0.0,1.3333333333333333,RB,0.0,0.16666666666666666,7.666666666666668,1.0,0.0,0.0,0.0,0.0,0.5,Panthers,0.07142857142857142,0.6428571428571429,1.1428571428571428,Falcons,274.7857142857143,25.142857142857146,10.428571428571429,DST,85.78571428571429,2.8571428571428568,0.07142857142857142,360.57142857142856,0.21428571428571427,0.5
