,Unnamed: 0.1_x,Unnamed: 0.1.1_x,Fumble TD,Fumbles Lost,Name,Opponent_x,Pass 2PT,Pass Attempts,Pass Completions,Pass Interceptions,Pass TD,Pass Yards,Points_x,Position_x,Receiving 2PT,Receiving TD,Receiving Yards,Receptions,Rush 2PT,Rush Attempts,Rush TD,Rush Yards,Week,Year,Unnamed: 0.1_y,Unnamed: 0.1.1_y,Blocks,Fumble Returns,Interception,Opponent_y,Pass Yards Allowed,Point After,Points_y,Position_y,Rush Yards Allowed,Sack,Safety,Team,Total Yards,Touchdowns
0,17,17.0,0.0,0.0,Dion Sims,Bears,0.0,0.0,0.0,0.0,0.0,0.0,3.0,TE,0.0,0.0,31.0,2.0,0.0,0.0,0.0,0.0,1,2017.0,25,25.0,0.0,0.0,0.0,Falcons,308.0,23.0,3.0,DST,64.0,2.0,0.0,Bears,372.0,0.0
1,201,17.0,0.0,0.0,Dion Sims,Packers,0.0,0.0,0.0,0.0,0.0,0.0,3.0,TE,0.0,0.0,31.0,2.0,0.0,0.0,0.0,0.0,4,2017.0,101,47.66666666666666,0.0,0.6666666666666666,0.0,Bears,183.0,22.33333333333333,7.0,DST,113.66666666666669,3.0,0.0,Packers,296.6666666666667,0.0
2,237,109.0,0.0,0.0,Dion Sims,Bears,0.0,0.0,0.0,0.0,0.0,0.0,1.5,TE,0.0,0.0,19.5,1.5,0.0,0.0,0.0,0.0,5,2017.0,138,67.5,0.25,0.75,0.0,Vikings,220.75,26.0,5.5,DST,85.5,2.25,0.0,Bears,306.25,0.0
3,257,151.66666666666666,0.0,0.0,Dion Sims,Ravens,0.0,0.0,0.0,0.0,0.0,0.0,1.3333333333333333,TE,0.0,0.0,18.666666666666668,1.3333333333333333,0.0,0.0,0.0,0.0,6,2017.0,158,74.0,0.0,0.6,1.8,Bears,205.2,19.4,12.8,DST,123.4,2.4,0.0,Ravens,328.6,0.2
4,382,178.0,0.0,0.0,Dion Sims,Saints,0.0,0.0,0.0,0.0,0.0,0.0,3.5,TE,0.0,0.25,24.5,1.5,0.0,0.0,0.0,0.0,8,2017.0,222,100.0,0.0,0.3333333333333333,1.3333333333333333,Bears,236.83333333333331,22.16666666666667,12.666666666666664,DST,114.16666666666669,2.833333333333333,0.0,Saints,351.0,0.5
5,576,218.8,0.0,0.0,Dion Sims,Eagles,0.0,0.0,0.0,0.0,0.0,0.0,3.0,TE,0.0,0.2,22.6,1.8,0.0,0.0,0.0,0.0,12,2017.0,324,151.7,0.2,0.6,1.4,Bears,235.8,18.8,12.2,DST,71.0,2.9,0.0,Eagles,306.8,0.3
6,637,278.3333333333333,0.0,0.0,Dion Sims,Bears,0.0,0.0,0.0,0.0,0.0,0.0,2.5,TE,0.0,0.16666666666666666,18.33333333333333,1.6666666666666667,0.0,0.0,0.0,0.0,13,2017.0,359,172.8181818181818,0.09090909090909093,1.0,0.3636363636363637,49ers,215.8181818181818,22.90909090909091,9.818181818181818,DST,112.36363636363636,2.727272727272727,0.09090909090909093,Bears,328.1818181818182,0.2727272727272727
