,Year,Week,Name,Fumble TD,Fumbles Lost,Opponent_x,Pass 2PT,Pass Attempts,Pass Completions,Pass Interceptions,Pass TD,Pass Yards,Points_x,Position_x,Receiving 2PT,Receiving TD,Receiving Yards,Receptions,Rush 2PT,Rush Attempts,Rush TD,Rush Yards,Away Games_x,Team,Blocks,Fumble Returns,Interception,Opponent_y,Pass Yards Allowed,Point After,Points_y,Position_y,Rush Yards Allowed,Sack,Safety,Total Yards,Touchdowns,Away Games_y
0,2015.0,14,DuJuan Harris,0.0,0.0,Ravens,0.0,0.0,0.0,0.0,0.0,0.0,0.0,RB,0.0,0.0,0.0,0.0,0.0,3.0,0.0,7.0,1.0,Ravens,0.4166666666666667,0.5,0.3333333333333333,Seahawks,243.91666666666663,24.25,8.833333333333334,DST,97.5,2.333333333333333,0.0,341.4166666666667,0.3333333333333333,0.5833333333333334
1,2015.0,16,DuJuan Harris,0.0,0.5,Lions,0.0,0.0,0.0,0.0,0.0,0.0,1.5,RB,0.0,0.0,0.0,0.0,0.0,10.5,0.0,24.5,1.0,Lions,0.0,0.5714285714285714,0.42857142857142855,49ers,239.57142857142856,25.92857142857143,7.571428571428571,DST,112.57142857142857,2.5,0.14285714285714285,352.1428571428572,0.14285714285714285,0.5
2,2015.0,17,DuJuan Harris,0.0,0.3333333333333333,Rams,0.0,0.0,0.0,0.0,0.0,0.0,3.6666666666666665,RB,0.0,0.0,3.6666666666666665,0.3333333333333333,0.0,10.666666666666666,0.0,40.66666666666666,1.0,Rams,0.0,0.8666666666666667,0.8,49ers,247.66666666666663,20.733333333333334,10.733333333333333,DST,114.13333333333334,2.6666666666666665,0.06666666666666668,361.8,0.26666666666666666,0.4666666666666667
