,Year,Week,Name,Fumble TD,Fumbles Lost,Opponent_x,Pass 2PT,Pass Attempts,Pass Completions,Pass Interceptions,Pass TD,Pass Yards,Points_x,Position_x,Receiving 2PT,Receiving TD,Receiving Yards,Receptions,Rush 2PT,Rush Attempts,Rush TD,Rush Yards,Away Games_x,Team,Blocks,Fumble Returns,Interception,Opponent_y,Pass Yards Allowed,Point After,Points_y,Position_y,Rush Yards Allowed,Sack,Safety,Total Yards,Touchdowns,Away Games_y
0,2013.0,8,John Conner,0.0,0.0,Eagles,0.0,0.0,0.0,0.0,0.0,0.0,1.0,RB,0.0,0.0,17.0,3.0,0.0,0.0,0.0,0.0,0.0,Eagles,0.0,0.5714285714285714,1.1428571428571428,Giants,311.57142857142856,28.0,7.428571428571429,DST,101.14285714285714,2.142857142857143,0.14285714285714285,412.71428571428567,0.0,0.5714285714285714
1,2013.0,11,John Conner,0.0,0.0,Packers,0.0,0.0,0.0,0.0,0.0,0.0,1.0,RB,0.0,0.0,14.5,2.0,0.0,0.0,0.0,0.0,0.5,Packers,0.2222222222222222,0.5555555555555556,0.3333333333333333,Giants,246.11111111111111,23.555555555555557,9.222222222222221,DST,106.66666666666669,3.0,0.0,352.77777777777777,0.2222222222222222,0.4444444444444444
