,Year,Week,Name,Fumble TD,Fumbles Lost,Opponent_x,Pass 2PT,Pass Attempts,Pass Completions,Pass Interceptions,Pass TD,Pass Yards,Points_x,Position_x,Receiving 2PT,Receiving TD,Receiving Yards,Receptions,Rush 2PT,Rush Attempts,Rush TD,Rush Yards,Away Games_x,Team,Blocks,Fumble Returns,Interception,Opponent_y,Pass Yards Allowed,Point After,Points_y,Position_y,Rush Yards Allowed,Sack,Safety,Total Yards,Touchdowns,Away Games_y
0,2010.0,1,Fred Taylor,0.0,0.0,Bengals,0.0,0.0,0.0,0.0,0.0,0.0,7.0,RB,0.0,0.0,6.0,2.0,0.0,14.0,0.0,71.0,0.0,Bengals,0.0,0.0,0.0,Patriots,258.0,38.0,0.0,DST,118.0,0.0,0.0,376.0,0.0,1.0
1,2010.0,2,Fred Taylor,0.0,0.0,Jets,0.0,0.0,0.0,0.0,0.0,0.0,7.0,RB,0.0,0.0,6.0,2.0,0.0,14.0,0.0,71.0,0.0,Jets,0.0,2.0,1.0,Patriots,233.0,10.0,15.0,DST,49.0,2.0,0.0,282.0,0.0,0.0
2,2010.0,3,Fred Taylor,0.0,0.0,Bills,0.0,0.0,0.0,0.0,0.0,0.0,4.0,RB,0.0,0.0,3.0,1.0,0.0,9.5,0.0,41.0,0.5,Bills,0.0,0.0,0.0,Patriots,209.5,24.5,3.5,DST,111.5,1.5,0.0,321.0,0.0,0.5
3,2010.0,13,Fred Taylor,0.0,0.0,Jets,0.0,0.0,0.0,0.0,0.0,0.0,3.0,RB,0.0,0.0,2.0,0.6666666666666666,0.0,8.333333333333334,0.0,32.666666666666664,0.3333333333333333,Jets,0.09090909090909093,1.181818181818182,0.6363636363636364,Patriots,210.63636363636363,17.0,11.545454545454545,DST,86.27272727272727,2.1818181818181817,0.09090909090909093,296.90909090909093,0.18181818181818185,0.4545454545454545
4,2010.0,14,Fred Taylor,0.0,0.0,Bears,0.0,0.0,0.0,0.0,0.0,0.0,2.25,RB,0.0,0.0,1.5,0.5,0.0,7.25,0.0,26.75,0.25,Bears,0.16666666666666666,0.8333333333333334,1.3333333333333333,Patriots,215.41666666666663,16.0,13.0,DST,84.91666666666667,2.083333333333333,0.0,300.3333333333333,0.25,0.5
5,2010.0,16,Fred Taylor,0.0,0.0,Bills,0.0,0.0,0.0,0.0,0.0,0.0,2.0,RB,0.0,0.0,1.2,0.4,0.0,6.4,0.0,24.6,0.4,Bills,0.0,0.7857142857142857,0.7142857142857143,Patriots,202.07142857142856,25.214285714285715,8.714285714285714,DST,158.64285714285714,1.7857142857142858,0.0,360.71428571428567,0.21428571428571427,0.5
6,2010.0,17,Fred Taylor,0.0,0.0,Dolphins,0.0,0.0,0.0,0.0,0.0,0.0,1.6666666666666667,RB,0.0,0.0,1.0,0.3333333333333333,0.0,5.5,0.0,20.0,0.5,Dolphins,0.06666666666666668,0.4666666666666667,0.7333333333333333,Patriots,201.8,19.666666666666668,9.466666666666667,DST,94.66666666666669,2.6,0.06666666666666668,296.46666666666664,0.06666666666666668,0.4666666666666667
