,Year,Week,Name,Fumble TD,Fumbles Lost,Opponent_x,Pass 2PT,Pass Attempts,Pass Completions,Pass Interceptions,Pass TD,Pass Yards,Points_x,Position_x,Receiving 2PT,Receiving TD,Receiving Yards,Receptions,Rush 2PT,Rush Attempts,Rush TD,Rush Yards,Away Games_x,Team,Blocks,Fumble Returns,Interception,Opponent_y,Pass Yards Allowed,Point After,Points_y,Position_y,Rush Yards Allowed,Sack,Safety,Total Yards,Touchdowns,Away Games_y
0,2010.0,2,Vonta Leach,0.0,0.0,Redskins,0.0,0.0,0.0,0.0,0.0,0.0,2.0,RB,0.0,0.0,20.0,2.0,0.0,0.0,0.0,0.0,1.0,Redskins,0.0,1.0,0.0,Texans,277.0,7.0,16.0,DST,103.0,1.0,0.0,380.0,1.0,0.0
1,2010.0,3,Vonta Leach,0.0,0.0,Cowboys,0.0,0.0,0.0,0.0,0.0,0.0,2.0,RB,0.0,0.0,20.0,2.0,0.0,0.0,0.0,0.0,1.0,Cowboys,0.0,0.0,0.0,Texans,215.5,20.0,8.0,DST,63.5,1.0,0.0,279.0,0.5,0.5
2,2010.0,5,Vonta Leach,0.0,0.0,Giants,0.0,0.0,0.0,0.0,0.0,0.0,1.5,RB,0.0,0.0,19.0,1.5,0.0,0.0,0.0,0.0,0.5,Giants,0.0,1.0,1.25,Texans,139.75,22.0,12.0,DST,117.25,4.0,0.0,257.0,0.0,0.25
3,2010.0,8,Vonta Leach,0.0,0.0,Colts,0.0,0.0,0.0,0.0,0.0,0.0,1.3333333333333333,RB,0.0,0.0,18.666666666666668,1.6666666666666667,0.0,0.0,0.0,0.0,0.3333333333333333,Colts,0.0,0.6666666666666666,0.8333333333333334,Texans,206.66666666666663,20.83333333333333,9.0,DST,137.33333333333334,1.8333333333333333,0.0,344.0,0.16666666666666666,0.6666666666666666
4,2010.0,12,Vonta Leach,0.0,0.0,Titans,0.0,0.0,0.0,0.0,0.0,0.0,1.0,RB,0.0,0.0,15.75,1.5,0.0,0.0,0.0,0.0,0.5,Titans,0.1,0.6,1.5,Texans,258.7,19.8,13.4,DST,103.5,3.0,0.2,362.2,0.3,0.5
5,2010.0,13,Vonta Leach,0.0,0.0,Eagles,0.0,0.0,0.0,0.0,0.0,0.0,0.8,RB,0.0,0.0,14.0,1.4,0.0,0.0,0.0,0.0,0.4,Eagles,0.0,0.6363636363636364,1.7272727272727273,Texans,214.0,23.363636363636363,10.818181818181818,DST,102.54545454545456,2.727272727272727,0.0,316.54545454545456,0.18181818181818185,0.5454545454545454
