,Year,Week,Name,Fumble TD,Fumbles Lost,Opponent_x,Pass 2PT,Pass Attempts,Pass Completions,Pass Interceptions,Pass TD,Pass Yards,Points_x,Position_x,Receiving 2PT,Receiving TD,Receiving Yards,Receptions,Rush 2PT,Rush Attempts,Rush TD,Rush Yards,Away Games_x,Team,Blocks,Fumble Returns,Interception,Opponent_y,Pass Yards Allowed,Point After,Points_y,Position_y,Rush Yards Allowed,Sack,Safety,Total Yards,Touchdowns,Away Games_y
0,2015.0,3,Drew Stanton,0.0,0.0,49ers,0.0,0.0,0.0,0.0,0.0,0.0,0.0,QB,0.0,0.0,0.0,0.0,0.0,3.0,0.0,-3.0,0.0,49ers,0.0,0.0,0.5,Cardinals,273.0,23.0,8.5,DST,77.5,2.5,0.0,350.5,0.0,0.5
1,2015.0,5,Drew Stanton,0.0,0.0,Lions,0.0,0.0,0.0,0.0,0.0,0.0,0.0,QB,0.0,0.0,0.0,0.0,0.0,3.0,0.0,-3.0,0.0,Lions,0.0,1.5,0.75,Cardinals,271.5,24.0,12.25,DST,111.5,2.5,0.0,383.0,0.5,0.75
2,2015.0,13,Drew Stanton,0.0,0.0,Rams,0.0,2.0,0.5,0.0,0.0,5.0,0.0,QB,0.0,0.0,0.0,0.0,0.0,3.0,0.0,-3.0,0.5,Rams,0.0,0.9090909090909092,0.8181818181818182,Cardinals,230.0,20.90909090909091,10.636363636363637,DST,111.0,2.727272727272727,0.09090909090909093,341.0,0.18181818181818185,0.5454545454545454
3,2015.0,15,Drew Stanton,0.0,0.0,Eagles,0.0,1.6666666666666667,0.6666666666666666,0.0,0.0,5.333333333333333,0.0,QB,0.0,0.0,0.0,0.0,0.0,3.0,0.0,-3.0,0.6666666666666666,Eagles,0.07692307692307693,0.7692307692307693,1.1538461538461535,Cardinals,258.84615384615387,24.76923076923077,11.692307692307693,DST,126.76923076923076,2.3846153846153846,0.07692307692307693,385.6153846153846,0.4615384615384616,0.5384615384615384
4,2015.0,16,Drew Stanton,0.0,0.0,Packers,0.0,1.5,0.5,0.0,0.0,4.0,0.0,QB,0.0,0.0,0.0,0.0,0.0,2.75,0.0,-2.75,0.75,Packers,0.07142857142857142,0.2857142857142857,1.0,Cardinals,235.07142857142856,18.928571428571427,10.5,DST,116.64285714285714,2.7142857142857144,0.0,351.71428571428567,0.21428571428571427,0.5
5,2015.0,17,Drew Stanton,0.0,0.0,Seahawks,0.0,1.4,0.6,0.0,0.0,4.0,0.0,QB,0.0,0.0,0.0,0.0,0.0,2.6,0.0,-2.6,0.6,Seahawks,0.0,0.5333333333333333,0.7333333333333333,Cardinals,210.6,18.066666666666666,11.466666666666667,DST,85.13333333333334,2.333333333333333,0.0,295.73333333333335,0.3333333333333333,0.4666666666666667
