,Year,Week,Name,Fumble TD,Fumbles Lost,Opponent,Pass 2PT,Pass Attempts,Pass Completions,Pass Interceptions,Pass TD,Pass Yards,Points,Position,Receiving 2PT,Receiving TD,Receiving Yards,Receptions,Rush 2PT,Rush Attempts,Rush TD,Rush Yards,Away Games
3663,2016.0,2,Brian Hoyer,0.0,0.0,Eagles,0.0,12.0,9.0,0.0,0.0,78.0,3.0,QB,0.0,0.0,0.0,0.0,0.0,0.0,0.0,0.0,0.0
3678,2016.0,3,Brian Hoyer,0.0,0.0,Cowboys,0.0,12.0,9.0,0.0,0.0,78.0,3.0,QB,0.0,0.0,0.0,0.0,0.0,0.0,0.0,0.0,0.0
3708,2016.0,4,Brian Hoyer,0.0,0.5,Lions,0.0,30.5,19.5,0.0,1.0,197.5,13.0,QB,0.0,0.0,0.0,0.0,0.0,1.0,0.0,1.0,0.5
3742,2016.0,5,Brian Hoyer,0.0,0.3333333333333333,Colts,0.0,32.333333333333336,22.333333333333332,0.0,1.3333333333333333,232.33333333333334,16.666666666666668,QB,0.0,0.0,0.0,0.0,0.0,1.6666666666666667,0.0,-0.3333333333333333,0.3333333333333333
3790,2016.0,6,Brian Hoyer,0.0,0.25,Jaguars,0.0,35.0,25.0,0.0,1.5,273.5,19.25,QB,0.0,0.0,0.0,0.0,0.0,1.5,0.0,-0.5,0.5
3834,2016.0,7,Brian Hoyer,0.0,0.2,Packers,0.0,37.8,26.0,0.0,1.2,279.2,17.8,QB,0.0,0.0,0.0,0.0,0.0,1.4,0.0,-0.4,0.4
