,Year,Week,Name,Fumble TD,Fumbles Lost,Opponent_x,Pass 2PT,Pass Attempts,Pass Completions,Pass Interceptions,Pass TD,Pass Yards,Points_x,Position_x,Receiving 2PT,Receiving TD,Receiving Yards,Receptions,Rush 2PT,Rush Attempts,Rush TD,Rush Yards,Away Games_x,Team,Blocks,Fumble Returns,Interception,Opponent_y,Pass Yards Allowed,Point After,Points_y,Position_y,Rush Yards Allowed,Sack,Safety,Total Yards,Touchdowns,Away Games_y
0,2010.0,1,Moran Norris,0.0,0.0,Seahawks,0.0,0.0,0.0,0.0,0.0,0.0,0.0,RB,0.0,0.0,2.0,1.0,0.0,1.0,0.0,1.0,1.0,Seahawks,0.0,0.0,2.0,49ers,214.0,6.0,22.0,DST,49.0,2.0,0.0,263.0,1.0,0.0
1,2010.0,2,Moran Norris,0.0,0.0,Saints,0.0,0.0,0.0,0.0,0.0,0.0,0.0,RB,0.0,0.0,2.0,1.0,0.0,1.0,0.0,1.0,1.0,Saints,1.0,0.0,1.0,49ers,162.0,9.0,12.0,DST,91.0,1.0,0.0,253.0,0.0,0.0
2,2010.0,4,Moran Norris,0.0,0.0,Falcons,0.0,0.0,0.0,0.0,0.0,0.0,0.0,RB,0.0,0.0,3.5,1.0,0.0,0.5,0.0,0.5,0.5,Falcons,0.0,0.3333333333333333,2.0,49ers,238.33333333333331,15.333333333333336,11.0,DST,101.33333333333331,2.333333333333333,0.0,339.6666666666667,0.0,0.6666666666666666
3,2010.0,8,Moran Norris,0.0,0.0,Broncos,0.0,0.0,0.0,0.0,0.0,0.0,0.0,RB,0.0,0.0,5.0,1.0,0.0,0.3333333333333333,0.0,0.3333333333333333,0.6666666666666666,Broncos,0.0,0.5714285714285714,0.7142857142857143,49ers,205.57142857142856,28.42857142857143,5.428571428571429,DST,156.28571428571428,1.2857142857142858,0.0,361.8571428571428,0.0,0.42857142857142855
4,2010.0,12,Moran Norris,0.0,0.0,Cardinals,0.0,0.0,0.0,0.0,0.0,0.0,0.0,RB,0.0,0.0,3.75,0.75,0.0,0.5,0.0,0.0,0.5,Cardinals,0.2,0.8,1.0,49ers,261.7,29.2,11.6,DST,135.1,2.0,0.0,396.8,0.7,0.6
