,Year,Week,Name,Fumble TD,Fumbles Lost,Opponent_x,Pass 2PT,Pass Attempts,Pass Completions,Pass Interceptions,Pass TD,Pass Yards,Points_x,Position_x,Receiving 2PT,Receiving TD,Receiving Yards,Receptions,Rush 2PT,Rush Attempts,Rush TD,Rush Yards,Away Games_x,Team,Blocks,Fumble Returns,Interception,Opponent_y,Pass Yards Allowed,Point After,Points_y,Position_y,Rush Yards Allowed,Sack,Safety,Total Yards,Touchdowns,Away Games_y
0,2011.0,1,Matt Spaeth,0.0,0.0,Falcons,0.0,0.0,0.0,0.0,0.0,0.0,6.0,TE,0.0,1.0,7.0,2.0,0.0,0.0,0.0,0.0,0.0,Falcons,0.0,0.0,1.0,Bears,289.0,30.0,13.0,DST,88.0,5.0,0.0,377.0,1.0,1.0
1,2011.0,5,Matt Spaeth,0.0,0.0,Lions,0.0,0.0,0.0,0.0,0.0,0.0,6.0,TE,0.0,1.0,7.0,2.0,0.0,0.0,0.0,0.0,0.0,Lions,0.0,1.0,1.75,Bears,221.25,19.0,14.5,DST,113.0,2.25,0.0,334.25,0.5,0.75
2,2011.0,9,Matt Spaeth,0.0,0.0,Eagles,0.0,0.0,0.0,0.0,0.0,0.0,3.0,TE,0.0,0.5,7.5,1.5,0.0,0.0,0.0,0.0,0.5,Eagles,0.14285714285714285,0.2857142857142857,1.1428571428571428,Bears,212.28571428571428,21.714285714285715,10.285714285714286,DST,118.28571428571428,3.1428571428571432,0.0,330.57142857142856,0.14285714285714285,0.5714285714285714
3,2011.0,11,Matt Spaeth,0.0,0.0,Chargers,0.0,0.0,0.0,0.0,0.0,0.0,4.333333333333333,TE,0.0,0.6666666666666666,9.333333333333334,1.6666666666666667,0.0,0.0,0.0,0.0,0.6666666666666666,Chargers,0.0,0.4444444444444444,1.0,Bears,203.44444444444446,25.33333333333333,7.333333333333332,DST,127.88888888888887,2.0,0.0,331.3333333333333,0.1111111111111111,0.4444444444444444
4,2011.0,12,Matt Spaeth,0.0,0.0,Raiders,0.0,0.0,0.0,0.0,0.0,0.0,3.5,TE,0.0,0.5,10.25,1.5,0.0,0.0,0.0,0.0,0.5,Raiders,0.1,0.7,1.1,Bears,240.1,25.4,9.0,DST,131.6,2.8,0.0,371.7,0.1,0.5
