,Unnamed: 0.1_x,Unnamed: 0.1.1_x,Fumble TD,Fumbles Lost,Name,Opponent_x,Pass 2PT,Pass Attempts,Pass Completions,Pass Interceptions,Pass TD,Pass Yards,Points_x,Position_x,Receiving 2PT,Receiving TD,Receiving Yards,Receptions,Rush 2PT,Rush Attempts,Rush TD,Rush Yards,Week,Year,Unnamed: 0.1_y,Unnamed: 0.1.1_y,Blocks,Fumble Returns,Interception,Opponent_y,Pass Yards Allowed,Point After,Points_y,Position_y,Rush Yards Allowed,Sack,Safety,Team,Total Yards,Touchdowns
0,73,73.0,0.0,0.0,Wendell Smallwood,Redskins,0.0,0.0,0.0,0.0,0.0,0.0,0.0,RB,0.0,0.0,5.0,1.0,0.0,4.0,0.0,4.0,1,2017.0,10,10.0,0.0,1.0,1.0,Eagles,298.0,30.0,12.0,DST,58.0,2.0,0.0,Redskins,356.0,1.0
1,161,73.0,0.0,0.0,Wendell Smallwood,Chiefs,0.0,0.0,0.0,0.0,0.0,0.0,0.0,RB,0.0,0.0,5.0,1.0,0.0,4.0,0.0,4.0,2,2017.0,35,24.0,0.0,0.0,0.0,Eagles,247.0,27.0,4.0,DST,124.0,3.0,0.0,Chiefs,371.0,0.0
2,201,117.0,0.0,0.0,Wendell Smallwood,Eagles,0.0,0.0,0.0,0.0,0.0,0.0,0.0,RB,0.0,0.0,1.0,1.0,0.0,3.5,0.0,4.0,3,2017.0,85,28.5,0.0,1.5,0.5,Giants,216.0,22.0,13.5,DST,88.0,4.0,0.0,Eagles,304.0,0.5
3,272,145.0,0.0,0.0,Wendell Smallwood,Chargers,0.0,0.0,0.0,0.0,0.0,0.0,2.333333333333333,RB,0.0,0.0,3.6666666666666665,1.0,0.0,6.333333333333332,0.0,26.33333333333333,4,2017.0,122,47.33333333333334,0.0,0.3333333333333333,0.3333333333333333,Eagles,176.0,22.33333333333333,7.0,DST,146.66666666666666,3.6666666666666665,0.0,Chargers,322.6666666666667,0.0
4,550,176.75,0.0,0.0,Wendell Smallwood,Eagles,0.0,0.0,0.0,0.0,0.0,0.0,5.0,RB,0.0,0.0,14.0,1.75,0.0,7.25,0.25,28.25,7,2017.0,199,92.66666666666669,0.16666666666666666,0.8333333333333334,1.0,Redskins,273.5,20.33333333333333,9.833333333333334,DST,65.66666666666667,2.333333333333333,0.0,Eagles,339.1666666666667,0.16666666666666666
5,650,251.4,0.0,0.0,Wendell Smallwood,Eagles,0.0,0.0,0.0,0.0,0.0,0.0,4.6,RB,0.0,0.0,14.0,1.8,0.0,7.4,0.2,27.6,8,2017.0,214,107.85714285714286,0.14285714285714285,0.7142857142857143,1.0,49ers,272.85714285714283,20.857142857142858,9.428571428571429,DST,67.0,2.571428571428572,0.0,Eagles,339.85714285714283,0.14285714285714285
6,704,317.8333333333333,0.0,0.0,Wendell Smallwood,Eagles,0.0,0.0,0.0,0.0,0.0,0.0,3.8333333333333335,RB,0.0,0.0,13.166666666666664,1.6666666666666667,0.0,6.333333333333332,0.16666666666666666,23.83333333333333,9,2017.0,253,121.125,0.25,0.625,1.125,Broncos,256.75,19.5,11.125,DST,70.375,2.75,0.0,Eagles,327.125,0.25
