,Year,Week,Name,Fumble TD,Fumbles Lost,Opponent_x,Pass 2PT,Pass Attempts,Pass Completions,Pass Interceptions,Pass TD,Pass Yards,Points_x,Position_x,Receiving 2PT,Receiving TD,Receiving Yards,Receptions,Rush 2PT,Rush Attempts,Rush TD,Rush Yards,Away Games_x,Team,Blocks,Fumble Returns,Interception,Opponent_y,Pass Yards Allowed,Point After,Points_y,Position_y,Rush Yards Allowed,Sack,Safety,Total Yards,Touchdowns,Away Games_y
0,2010.0,10,Donte' Stallworth,0.0,0.0,Falcons,0.0,0.0,0.0,0.0,0.0,0.0,3.0,WR,0.0,0.0,0.0,0.0,0.0,2.0,0.0,34.0,1.0,Falcons,0.0,0.5,1.625,Ravens,250.5,19.25,10.0,DST,95.875,2.0,0.0,346.375,0.125,0.5
1,2010.0,11,Donte' Stallworth,0.0,0.0,Panthers,0.0,0.0,0.0,0.0,0.0,0.0,3.0,WR,0.0,0.0,0.0,0.0,0.0,2.0,0.0,34.0,1.0,Panthers,0.1111111111111111,0.5555555555555556,1.2222222222222223,Ravens,195.22222222222226,23.88888888888889,7.777777777777778,DST,131.55555555555554,1.4444444444444444,0.1111111111111111,326.77777777777777,0.0,0.4444444444444444
2,2010.0,13,Donte' Stallworth,0.0,0.0,Steelers,0.0,0.0,0.0,0.0,0.0,0.0,2.0,WR,0.0,0.0,7.5,0.5,0.0,1.5,0.0,20.5,1.0,Steelers,0.09090909090909093,1.0909090909090908,1.2727272727272727,Ravens,240.54545454545453,16.454545454545453,13.636363636363635,DST,64.0,2.9090909090909087,0.0,304.54545454545456,0.18181818181818185,0.5454545454545454
3,2010.0,17,Donte' Stallworth,0.0,0.0,Bengals,0.0,0.0,0.0,0.0,0.0,0.0,3.333333333333333,WR,0.0,0.0,27.33333333333333,0.6666666666666666,0.0,1.3333333333333333,0.0,10.0,0.6666666666666666,Bengals,0.0,0.6,1.0,Ravens,224.53333333333333,25.466666666666665,7.466666666666668,DST,116.33333333333331,1.5333333333333334,0.0,340.8666666666667,0.13333333333333333,0.4666666666666667
