,Unnamed: 0,Unnamed: 0.1,Fumble TD,Fumbles Lost,Name,Opponent,Pass 2PT,Pass Attempts,Pass Completions,Pass Interceptions,Pass TD,Pass Yards,Points,Position,Receiving 2PT,Receiving TD,Receiving Yards,Receptions,Rush 2PT,Rush Attempts,Rush TD,Rush Yards,Week,Year
33,33,33.0,0.0,0.0,Andre Holmes,Bills,0.0,0.0,0.0,0.0,0.0,0.0,6.0,WR,0.0,1.0,1.0,1.0,0.0,0.0,0.0,0.0,1,2017.0
195,195,33.0,0.0,0.0,Andre Holmes,Panthers,0.0,0.0,0.0,0.0,0.0,0.0,6.0,WR,0.0,1.0,1.0,1.0,0.0,0.0,0.0,0.0,2,2017.0
269,269,114.0,0.0,0.0,Andre Holmes,Bills,0.0,0.0,0.0,0.0,0.0,0.0,3.5,WR,0.0,0.5,9.5,1.5,0.0,0.0,0.0,0.0,3,2017.0
434,434,165.66666666666666,0.0,0.0,Andre Holmes,Falcons,0.0,0.0,0.0,0.0,0.0,0.0,4.333333333333333,WR,0.0,0.6666666666666666,8.333333333333334,1.6666666666666667,0.0,0.0,0.0,0.0,4,2017.0
751,751,232.75,0.0,0.0,Andre Holmes,Bills,0.0,0.0,0.0,0.0,0.0,0.0,3.5,WR,0.0,0.5,8.75,1.5,0.0,0.0,0.0,0.0,7,2017.0
788,788,336.4,0.0,0.0,Andre Holmes,Bills,0.0,0.0,0.0,0.0,0.0,0.0,3.0,WR,0.0,0.4,9.2,1.6,0.0,0.0,0.0,0.0,8,2017.0
945,945,411.6666666666667,0.0,0.0,Andre Holmes,Jets,0.0,0.0,0.0,0.0,0.0,0.0,4.333333333333333,WR,0.0,0.5,16.166666666666668,1.8333333333333333,0.0,0.0,0.0,0.0,9,2017.0
1162,1162,487.85714285714283,0.0,0.0,Andre Holmes,Chargers,0.0,0.0,0.0,0.0,0.0,0.0,3.857142857142857,WR,0.0,0.42857142857142855,16.142857142857142,1.7142857142857142,0.0,0.0,0.0,0.0,11,2017.0
