,Unnamed: 0,50+,FGA,FGM,Name,Opponent,Points,Position,Week,XPA,XPM,Year,Away Games
2094,3.0,0.0,4.0,4.0,Zach Hocker,Cardinals,13.0,K,1,1.0,1.0,2015.0,1.0
2154,3.0,0.0,4.0,4.0,Zach Hocker,Buccaneers,13.0,K,2,1.0,1.0,2015.0,1.0
2179,33.0,0.0,2.5,2.0,Zach Hocker,Panthers,7.0,K,3,1.5,1.0,2015.0,0.5
2199,51.333333333333336,0.0,2.0,1.6666666666666667,Zach Hocker,Cowboys,6.0,K,4,1.3333333333333333,1.0,2015.0,0.6666666666666666
2244,65.5,0.25,2.25,1.75,Zach Hocker,Eagles,7.0,K,5,1.5,1.25,2015.0,0.5
2265,83.0,0.2,2.0,1.6,Zach Hocker,Falcons,6.6,K,6,1.6,1.4,2015.0,0.6
2449,98.16666666666667,0.16666666666666666,2.1666666666666665,1.5,Zach Hocker,Bengals,6.666666666666667,K,12,2.0,1.8333333333333333,2015.0,0.5
2473,135.28571428571428,0.14285714285714285,1.8571428571428572,1.2857142857142858,Zach Hocker,Cardinals,5.857142857142857,K,13,1.8571428571428572,1.7142857142857142,2015.0,0.5714285714285714
