,Year,Week,Name,Fumble TD,Fumbles Lost,Opponent_x,Pass 2PT,Pass Attempts,Pass Completions,Pass Interceptions,Pass TD,Pass Yards,Points_x,Position_x,Receiving 2PT,Receiving TD,Receiving Yards,Receptions,Rush 2PT,Rush Attempts,Rush TD,Rush Yards,Away Games_x,Team,Blocks,Fumble Returns,Interception,Opponent_y,Pass Yards Allowed,Point After,Points_y,Position_y,Rush Yards Allowed,Sack,Safety,Total Yards,Touchdowns,Away Games_y
0,2014.0,1,Greg Salas,0.0,0.0,Raiders,0.0,0.0,0.0,0.0,0.0,0.0,1.0,WR,0.0,0.0,12.0,1.0,0.0,0.0,0.0,0.0,0.0,Raiders,0.0,1.0,1.0,Jets,190.0,19.0,10.0,DST,212.0,2.0,0.0,402.0,0.0,1.0
1,2014.0,3,Greg Salas,0.0,0.0,Bears,0.0,0.0,0.0,0.0,0.0,0.0,1.0,WR,0.0,0.0,12.0,1.0,0.0,0.0,0.0,0.0,0.0,Bears,0.0,0.5,2.0,Jets,199.5,21.5,10.0,DST,160.0,2.5,0.0,359.5,0.0,0.5
2,2014.0,4,Greg Salas,0.0,0.0,Lions,0.0,0.0,0.0,0.0,0.0,0.0,3.0,WR,0.0,0.0,34.0,1.5,0.0,0.0,0.0,0.0,0.0,Lions,0.0,0.3333333333333333,0.6666666666666666,Jets,180.66666666666663,15.0,11.333333333333336,DST,63.66666666666666,2.6666666666666665,0.3333333333333333,244.33333333333331,0.3333333333333333,0.3333333333333333
3,2014.0,5,Greg Salas,0.0,0.0,Chargers,0.0,0.0,0.0,0.0,0.0,0.0,4.0,WR,0.0,0.0,42.66666666666666,1.6666666666666667,0.0,0.0,0.0,0.0,0.0,Chargers,0.25,1.0,0.5,Jets,228.5,15.75,10.5,DST,97.25,2.5,0.25,325.75,0.0,0.5
4,2014.0,6,Greg Salas,0.0,0.0,Broncos,0.0,0.0,0.0,0.0,0.0,0.0,3.25,WR,0.0,0.0,35.0,1.75,0.0,0.0,0.0,0.0,0.25,Broncos,0.25,0.0,0.75,Jets,258.5,21.75,7.75,DST,88.25,2.75,0.25,346.75,0.0,0.25
5,2014.0,13,Greg Salas,0.0,0.0,Dolphins,0.0,0.0,0.0,0.0,0.0,0.0,3.0,WR,0.0,0.0,33.4,1.6,0.0,0.0,0.0,0.0,0.2,Dolphins,0.3636363636363637,0.9090909090909092,0.9090909090909092,Jets,211.72727272727272,19.90909090909091,12.909090909090908,DST,104.1818181818182,2.8181818181818183,0.18181818181818185,315.90909090909093,0.2727272727272727,0.5454545454545454
