,Unnamed: 0.1,50+,FGA,FGM,Name,Opponent_x,Points_x,Position_x,Week,XPA,XPM,Year,Away Games_x,Team,Blocks,Fumble Returns,Interception,Opponent_y,Pass Yards Allowed,Point After,Points_y,Position_y,Rush Yards Allowed,Sack,Safety,Total Yards,Touchdowns,Away Games_y
0,20.0,0.0,2.0,2.0,Joe Nedney,Seahawks,6.0,K,1,0.0,0.0,2010.0,1.0,Seahawks,0.0,0.0,2.0,49ers,214.0,6.0,22.0,DST,49.0,2.0,0.0,263.0,1.0,0.0
1,20.0,0.0,2.0,2.0,Joe Nedney,Saints,6.0,K,2,0.0,0.0,2010.0,1.0,Saints,1.0,0.0,1.0,49ers,162.0,9.0,12.0,DST,91.0,1.0,0.0,253.0,0.0,0.0
2,39.0,0.0,1.0,1.0,Joe Nedney,Chiefs,4.0,K,3,1.0,1.0,2010.0,0.5,Chiefs,0.0,1.0,0.5,49ers,253.0,14.0,14.5,DST,91.0,1.5,0.0,344.0,1.0,0.5
3,55.33333333333334,0.3333333333333333,1.0,1.0,Joe Nedney,Falcons,4.666666666666667,K,4,1.0,1.0,2010.0,0.6666666666666666,Falcons,0.0,0.3333333333333333,2.0,49ers,238.33333333333331,15.333333333333336,11.0,DST,101.33333333333331,2.333333333333333,0.0,339.6666666666667,0.0,0.6666666666666666
4,72.5,0.25,0.75,0.75,Joe Nedney,Eagles,4.0,K,5,1.25,1.25,2010.0,0.75,Eagles,0.0,0.0,1.5,49ers,168.0,19.75,10.0,DST,138.75,3.25,0.0,306.75,0.0,0.5
5,86.8,0.4,1.0,0.8,Joe Nedney,Raiders,4.8,K,6,1.6,1.6,2010.0,0.6,Raiders,0.4,1.2,0.4,49ers,198.0,26.8,10.0,DST,147.8,2.0,0.2,345.8,0.4,0.4
6,101.66666666666669,0.3333333333333333,1.0,0.8333333333333334,Joe Nedney,Panthers,4.833333333333333,K,7,1.6666666666666667,1.6666666666666667,2010.0,0.5,Panthers,0.2,0.6,1.8,49ers,182.4,22.0,9.6,DST,134.4,1.4,0.2,316.8,0.0,0.4
7,116.28571428571428,0.2857142857142857,1.1428571428571428,1.0,Joe Nedney,Broncos,5.285714285714286,K,8,1.7142857142857142,1.7142857142857142,2010.0,0.5714285714285714,Broncos,0.0,0.5714285714285714,0.7142857142857143,49ers,205.57142857142856,28.42857142857143,5.428571428571429,DST,156.28571428571428,1.2857142857142858,0.0,361.8571428571428,0.0,0.42857142857142855
8,130.25,0.25,1.25,1.0,Joe Nedney,Rams,5.375,K,10,1.875,1.875,2010.0,0.5,Rams,0.25,0.875,1.0,49ers,216.125,17.625,11.75,DST,97.75,2.875,0.0,313.875,0.0,0.375
