,Unnamed: 0.1,50+,FGA,FGM,Name,Opponent_x,Points_x,Position_x,Week,XPA,XPM,Year,Away Games_x,Team,Blocks,Fumble Returns,Interception,Opponent_y,Pass Yards Allowed,Point After,Points_y,Position_y,Rush Yards Allowed,Sack,Safety,Total Yards,Touchdowns,Away Games_y
0,188,0,0,0,Bryan Anger,Broncos,0.0,K,6,0,0,2013,1,Broncos,0.4,0.2,1.4,Jaguars,347.0,27.8,12.0,DST,69.6,3.0,0.0,416.6,0.6,0.4
1,454,0,0,0,Bryan Anger,Ravens,0.0,K,15,0,0,2014,1,Ravens,0.15384615384615385,0.7692307692307693,0.6153846153846154,Jaguars,267.15384615384613,19.615384615384613,10.846153846153848,DST,84.46153846153847,2.8461538461538463,0.07692307692307693,351.6153846153846,0.15384615384615385,0.5384615384615384
