,Unnamed: 0.1_x,Unnamed: 0.1.1_x,Fumble TD,Fumbles Lost,Name,Opponent_x,Pass 2PT,Pass Attempts,Pass Completions,Pass Interceptions,Pass TD,Pass Yards,Points_x,Position_x,Receiving 2PT,Receiving TD,Receiving Yards,Receptions,Rush 2PT,Rush Attempts,Rush TD,Rush Yards,Week,Year,Unnamed: 0.1_y,Unnamed: 0.1.1_y,Blocks,Fumble Returns,Interception,Opponent_y,Pass Yards Allowed,Point After,Points_y,Position_y,Rush Yards Allowed,Sack,Safety,Team,Total Yards,Touchdowns
0,199,199.0,0.0,0.0,Brock Osweiler,Broncos,0.0,4.0,2.0,0.0,0.0,18.0,0.0,QB,0.0,0.0,0.0,0.0,0.0,1.0,0.0,-1.0,6,2017.0,174,58.75,0.25,0.0,1.0,Giants,210.0,18.5,9.75,DST,50.75,2.5,0.0,Broncos,260.75,0.25
1,287,199.0,0.0,0.0,Brock Osweiler,Eagles,0.0,4.0,2.0,0.0,0.0,18.0,0.0,QB,0.0,0.0,0.0,0.0,0.0,1.0,0.0,-1.0,9,2017.0,253,121.125,0.25,0.625,1.125,Broncos,256.75,19.5,11.125,DST,70.375,2.75,0.0,Eagles,327.125,0.25
2,318,243.0,0.0,0.0,Brock Osweiler,Broncos,0.0,21.0,10.5,1.0,0.5,113.0,5.0,QB,0.0,0.0,0.0,0.0,0.0,0.5,0.0,-0.5,10,2017.0,290,135.875,0.25,0.25,0.625,Patriots,192.375,24.75,8.0,DST,88.375,2.375,0.0,Broncos,280.75,0.25
3,344,268.0,0.0,0.0,Brock Osweiler,Broncos,0.0,25.0,13.0,1.0,0.6666666666666666,149.0,7.333333333333332,QB,0.0,0.0,0.0,0.0,0.0,0.6666666666666666,0.0,-0.6666666666666666,11,2017.0,306,153.0,0.2222222222222222,0.2222222222222222,0.5555555555555556,Bengals,204.0,26.555555555555557,7.222222222222222,DST,89.55555555555556,2.2222222222222223,0.0,Broncos,293.5555555555556,0.2222222222222222
