,Year,Week,Name,Fumble TD,Fumbles Lost,Opponent,Pass 2PT,Pass Attempts,Pass Completions,Pass Interceptions,Pass TD,Pass Yards,Points,Position,Receiving 2PT,Receiving TD,Receiving Yards,Receptions,Rush 2PT,Rush Attempts,Rush TD,Rush Yards,Away Games
6228,2013.0,7,Peyton Hillis,0.0,0.0,Min,0.0,0.0,0.0,0.0,0.0,0.0,13.0,RB,0.0,0.0,45.0,5.0,0.0,18.0,1.0,36.0,0.0
6327,2013.0,8,Peyton Hillis,0.0,0.0,Eagles,0.0,0.0,0.0,0.0,0.0,0.0,13.0,RB,0.0,0.0,45.0,5.0,0.0,18.0,1.0,36.0,0.0
6500,2013.0,10,Peyton Hillis,0.0,0.0,Raiders,0.0,0.0,0.0,0.0,0.0,0.0,10.5,RB,0.0,0.0,30.0,4.0,0.0,19.0,0.5,53.0,0.5
6721,2013.0,13,Peyton Hillis,0.0,0.3333333333333333,Redskins,0.0,0.0,0.0,0.0,0.0,0.0,7.333333333333333,RB,0.0,0.0,20.0,3.0,0.0,14.333333333333334,0.3333333333333333,42.333333333333336,0.3333333333333333
6799,2013.0,14,Peyton Hillis,0.0,0.25,Chargers,0.0,0.0,0.0,0.0,0.0,0.0,6.5,RB,0.0,0.0,16.5,2.5,0.0,12.25,0.25,43.0,0.5
6908,2013.0,15,Peyton Hillis,0.0,0.2,Seahawks,0.0,0.0,0.0,0.0,0.0,0.0,6.6,RB,0.0,0.0,13.2,2.0,0.0,10.6,0.4,36.6,0.6
7060,2013.0,17,Peyton Hillis,0.0,0.16666666666666666,Redskins,0.0,0.0,0.0,0.0,0.0,0.0,5.833333333333333,RB,0.0,0.0,15.0,2.0,0.0,9.333333333333334,0.3333333333333333,31.833333333333332,0.5
