,Year,Week,Name,Fumble TD,Fumbles Lost,Opponent_x,Pass 2PT,Pass Attempts,Pass Completions,Pass Interceptions,Pass TD,Pass Yards,Points_x,Position_x,Receiving 2PT,Receiving TD,Receiving Yards,Receptions,Rush 2PT,Rush Attempts,Rush TD,Rush Yards,Away Games_x,Team,Blocks,Fumble Returns,Interception,Opponent_y,Pass Yards Allowed,Point After,Points_y,Position_y,Rush Yards Allowed,Sack,Safety,Total Yards,Touchdowns,Away Games_y
0,2014.0,9,Phillip Supernaw,0.0,0.0,Steelers,0.0,0.0,0.0,0.0,0.0,0.0,0.0,TE,0.0,0.0,-2.0,1.0,0.0,0.0,0.0,0.0,1.0,Steelers,0.0,0.625,0.75,Ravens,250.125,24.5,8.625,DST,107.75,1.5,0.125,357.875,0.375,0.5
1,2014.0,11,Phillip Supernaw,0.0,0.0,Seahawks,0.0,0.0,0.0,0.0,0.0,0.0,0.0,TE,0.0,0.0,-2.0,1.0,0.0,0.0,0.0,0.0,1.0,Seahawks,0.1111111111111111,0.6666666666666666,0.6666666666666666,Chiefs,227.22222222222226,21.222222222222218,8.555555555555555,DST,79.77777777777777,1.4444444444444444,0.1111111111111111,307.0,0.2222222222222222,0.4444444444444444
2,2014.0,14,Phillip Supernaw,0.0,0.0,Dolphins,0.0,0.0,0.0,0.0,0.0,0.0,0.0,TE,0.0,0.0,0.5,1.0,0.0,0.0,0.0,0.0,0.5,Dolphins,0.3333333333333333,0.8333333333333334,0.9166666666666666,Ravens,198.16666666666663,19.33333333333333,12.75,DST,118.58333333333331,2.75,0.16666666666666666,316.75,0.25,0.5833333333333334
