,Year,Week,Name,Fumble TD,Fumbles Lost,Opponent,Pass 2PT,Pass Attempts,Pass Completions,Pass Interceptions,Pass TD,Pass Yards,Points,Position,Receiving 2PT,Receiving TD,Receiving Yards,Receptions,Rush 2PT,Rush Attempts,Rush TD,Rush Yards,Away Games
2417,2011.0,1,Matt Cassel,0.0,0.0,Bills,0.0,36.0,22.0,1.0,1.0,119.0,8.0,QB,0.0,0.0,-4.0,1.0,0.0,0.0,0.0,0.0,0.0
2458,2011.0,2,Matt Cassel,0.0,0.0,Lions,0.0,36.0,22.0,1.0,1.0,119.0,8.0,QB,0.0,0.0,-4.0,1.0,0.0,0.0,0.0,0.0,0.0
2473,2011.0,3,Matt Cassel,0.0,0.5,Chargers,0.0,29.0,18.5,2.0,0.5,126.0,3.0,QB,0.0,0.0,-2.0,0.5,0.0,0.0,0.0,0.0,0.5
2512,2011.0,4,Matt Cassel,0.0,0.3333333333333333,Min,0.0,27.333333333333332,18.0,1.6666666666666667,1.0,142.66666666666666,7.666666666666667,QB,0.0,0.0,-1.3333333333333333,0.3333333333333333,0.0,0.3333333333333333,0.0,0.3333333333333333,0.6666666666666666
2532,2011.0,5,Matt Cassel,0.0,0.25,Colts,0.0,27.75,18.0,1.25,1.0,172.0,10.25,QB,0.0,0.0,-1.0,0.25,0.0,1.25,0.0,5.25,0.5
2615,2011.0,7,Matt Cassel,0.0,0.2,Raiders,0.0,28.0,18.6,1.0,1.6,189.0,15.2,QB,0.0,0.0,-0.8,0.2,0.0,2.0,0.0,6.6,0.6
2642,2011.0,8,Matt Cassel,0.0,0.16666666666666666,Chargers,0.0,28.333333333333332,18.0,1.1666666666666667,1.3333333333333333,184.33333333333334,13.0,QB,0.0,0.0,-0.6666666666666666,0.16666666666666666,0.0,2.0,0.0,5.166666666666667,0.6666666666666666
2672,2011.0,9,Matt Cassel,0.0,0.2857142857142857,Dolphins,0.0,28.857142857142858,18.142857142857142,1.2857142857142858,1.2857142857142858,195.28571428571428,12.857142857142858,QB,0.0,0.0,-0.5714285714285714,0.14285714285714285,0.0,2.0,0.0,6.428571428571429,0.5714285714285714
2702,2011.0,10,Matt Cassel,0.0,0.25,Broncos,0.0,30.125,18.375,1.125,1.125,202.5,12.875,QB,0.0,0.0,-0.5,0.125,0.0,2.875,0.0,10.375,0.5
