,Year,Week,Name,Fumble TD,Fumbles Lost,Opponent,Pass 2PT,Pass Attempts,Pass Completions,Pass Interceptions,Pass TD,Pass Yards,Points,Position,Receiving 2PT,Receiving TD,Receiving Yards,Receptions,Rush 2PT,Rush Attempts,Rush TD,Rush Yards,Away Games
4475,2016.0,8,Ben Koyack,0.0,0.0,Titans,0.0,0.0,0.0,0.0,0.0,0.0,4.0,TE,0.0,0.0,41.0,5.0,0.0,0.0,0.0,0.0,1.0
4576,2016.0,10,Ben Koyack,0.0,0.0,Texans,0.0,0.0,0.0,0.0,0.0,0.0,4.0,TE,0.0,0.0,41.0,5.0,0.0,0.0,0.0,0.0,1.0
4669,2016.0,12,Ben Koyack,0.0,0.0,Bills,0.0,0.0,0.0,0.0,0.0,0.0,3.5,TE,0.0,0.0,38.0,4.0,0.0,0.0,0.0,0.0,0.5
4730,2016.0,13,Ben Koyack,0.0,0.0,Broncos,0.0,0.0,0.0,0.0,0.0,0.0,3.0,TE,0.0,0.0,33.0,3.3333333333333335,0.0,0.0,0.0,0.0,0.6666666666666666
4771,2016.0,14,Ben Koyack,0.0,0.0,Min,0.0,0.0,0.0,0.0,0.0,0.0,2.25,TE,0.0,0.0,25.75,2.75,0.0,0.0,0.0,0.0,0.5
4839,2016.0,15,Ben Koyack,0.0,0.0,Texans,0.0,0.0,0.0,0.0,0.0,0.0,2.0,TE,0.0,0.0,24.4,2.6,0.0,0.0,0.0,0.0,0.4
4891,2016.0,16,Ben Koyack,0.0,0.0,Titans,0.0,0.0,0.0,0.0,0.0,0.0,1.6666666666666667,TE,0.0,0.0,20.666666666666668,2.3333333333333335,0.0,0.0,0.0,0.0,0.5
4914,2016.0,17,Ben Koyack,0.0,0.0,Colts,0.0,0.0,0.0,0.0,0.0,0.0,1.5714285714285714,TE,0.0,0.0,19.428571428571427,2.2857142857142856,0.0,0.0,0.0,0.0,0.42857142857142855
