,Year,Week,Name,Fumble TD,Fumbles Lost,Opponent_x,Pass 2PT,Pass Attempts,Pass Completions,Pass Interceptions,Pass TD,Pass Yards,Points_x,Position_x,Receiving 2PT,Receiving TD,Receiving Yards,Receptions,Rush 2PT,Rush Attempts,Rush TD,Rush Yards,Away Games_x,Team,Blocks,Fumble Returns,Interception,Opponent_y,Pass Yards Allowed,Point After,Points_y,Position_y,Rush Yards Allowed,Sack,Safety,Total Yards,Touchdowns,Away Games_y
0,2016.0,8,Ben Koyack,0.0,0.0,Titans,0.0,0.0,0.0,0.0,0.0,0.0,4.0,TE,0.0,0.0,41.0,5.0,0.0,0.0,0.0,0.0,1.0,Titans,0.0,0.0,0.8571428571428571,Jaguars,250.57142857142856,23.0,6.7142857142857135,DST,87.42857142857143,2.8571428571428568,0.0,338.0,0.0,0.42857142857142855
1,2016.0,10,Ben Koyack,0.0,0.0,Texans,0.0,0.0,0.0,0.0,0.0,0.0,4.0,TE,0.0,0.0,41.0,5.0,0.0,0.0,0.0,0.0,1.0,Texans,0.0,0.375,0.375,Jaguars,190.5,20.875,7.5,DST,125.75,2.125,0.0,316.25,0.125,0.375
2,2016.0,12,Ben Koyack,0.0,0.0,Bills,0.0,0.0,0.0,0.0,0.0,0.0,3.5,TE,0.0,0.0,38.0,4.0,0.0,0.0,0.0,0.0,0.5,Bills,0.1,0.6,0.8,Jaguars,238.7,21.5,11.5,DST,107.3,3.1,0.0,346.0,0.3,0.6
3,2016.0,13,Ben Koyack,0.0,0.0,Broncos,0.0,0.0,0.0,0.0,0.0,0.0,3.0,TE,0.0,0.0,33.0,3.333333333333333,0.0,0.0,0.0,0.0,0.6666666666666666,Broncos,0.18181818181818185,0.9090909090909092,0.9090909090909092,Jaguars,193.9090909090909,19.90909090909091,12.0,DST,120.0,3.1818181818181817,0.0,313.90909090909093,0.2727272727272727,0.4545454545454545
4,2016.0,15,Ben Koyack,0.0,0.0,Texans,0.0,0.0,0.0,0.0,0.0,0.0,2.0,TE,0.0,0.0,24.4,2.6,0.0,0.0,0.0,0.0,0.4,Texans,0.0,0.4615384615384616,0.6153846153846154,Jaguars,212.7692307692308,21.076923076923077,7.3076923076923075,DST,105.76923076923076,1.6923076923076923,0.0,318.53846153846155,0.15384615384615385,0.5384615384615384
5,2016.0,16,Ben Koyack,0.0,0.0,Titans,0.0,0.0,0.0,0.0,0.0,0.0,1.6666666666666667,TE,0.0,0.0,20.666666666666668,2.333333333333333,0.0,0.0,0.0,0.0,0.5,Titans,0.0,0.2857142857142857,0.8571428571428571,Jaguars,266.64285714285717,23.07142857142857,6.857142857142858,DST,91.64285714285714,2.4285714285714284,0.0,358.28571428571433,0.0,0.5
6,2016.0,17,Ben Koyack,0.0,0.0,Colts,0.0,0.0,0.0,0.0,0.0,0.0,1.5714285714285714,TE,0.0,0.0,19.428571428571427,2.2857142857142856,0.0,0.0,0.0,0.0,0.42857142857142855,Colts,0.13333333333333333,0.4666666666666667,0.5333333333333333,Jaguars,260.8,24.8,6.933333333333334,DST,116.26666666666668,2.066666666666667,0.0,377.06666666666666,0.13333333333333333,0.5333333333333333
