,Year,Week,Name,Fumble TD,Fumbles Lost,Opponent_x,Pass 2PT,Pass Attempts,Pass Completions,Pass Interceptions,Pass TD,Pass Yards,Points_x,Position_x,Receiving 2PT,Receiving TD,Receiving Yards,Receptions,Rush 2PT,Rush Attempts,Rush TD,Rush Yards,Away Games_x,Team,Blocks,Fumble Returns,Interception,Opponent_y,Pass Yards Allowed,Point After,Points_y,Position_y,Rush Yards Allowed,Sack,Safety,Total Yards,Touchdowns,Away Games_y
0,2011.0,3,Travis Beckum,0.0,0.0,Eagles,0.0,0.0,0.0,0.0,0.0,0.0,0.0,TE,0.0,0.0,2.0,1.0,0.0,0.0,0.0,0.0,1.0,Eagles,0.0,0.5,1.0,Giants,180.5,24.0,14.0,DST,146.0,4.5,0.0,326.5,0.5,1.0
1,2011.0,13,Travis Beckum,0.0,0.0,Packers,0.0,0.0,0.0,0.0,0.0,0.0,0.0,TE,0.0,0.0,2.0,1.0,0.0,0.0,0.0,0.0,1.0,Packers,0.0,0.2727272727272727,2.0,Giants,287.8181818181818,20.63636363636364,12.545454545454545,DST,105.54545454545456,2.272727272727273,0.0,393.3636363636364,0.4545454545454545,0.5454545454545454
2,2011.0,14,Travis Beckum,0.0,0.0,Cowboys,0.0,0.0,0.0,0.0,0.0,0.0,6.0,TE,0.0,0.5,34.5,1.0,0.0,0.0,0.0,0.0,0.5,Cowboys,0.16666666666666666,0.6666666666666666,1.1666666666666667,Giants,230.16666666666663,20.33333333333333,10.75,DST,100.5,2.9166666666666665,0.0,330.6666666666667,0.08333333333333333,0.5
3,2011.0,17,Travis Beckum,0.0,0.0,Cowboys,0.0,0.0,0.0,0.0,0.0,0.0,4.333333333333333,TE,0.0,0.3333333333333333,26.66666666666667,1.0,0.0,0.0,0.0,0.0,0.6666666666666666,Cowboys,0.13333333333333333,0.6,1.0,Giants,238.33333333333331,21.066666666666666,9.733333333333333,DST,98.6,2.6666666666666665,0.0,336.93333333333334,0.06666666666666668,0.4666666666666667
