,Year,Week,Name,Fumble TD,Fumbles Lost,Opponent,Pass 2PT,Pass Attempts,Pass Completions,Pass Interceptions,Pass TD,Pass Yards,Points,Position,Receiving 2PT,Receiving TD,Receiving Yards,Receptions,Rush 2PT,Rush Attempts,Rush TD,Rush Yards,Away Games
883,,9,A.J. McCarron,,,Browns,,,,,,,,QB,,,,,,,,,
984,2015.0,12,A.J. McCarron,0.0,0.0,Rams,0.0,0.0,0.0,0.0,0.0,0.0,0.0,QB,0.0,0.0,0.0,0.0,0.0,2.0,0.0,-2.0,0.0
1021,2015.0,13,A.J. McCarron,0.0,0.0,Browns,0.0,0.5,0.5,0.0,0.0,1.5,0.0,QB,0.0,0.0,0.0,0.0,0.0,1.0,0.0,-1.0,0.0
1038,2015.0,14,A.J. McCarron,0.0,0.0,Steelers,0.0,1.3333333333333333,1.0,0.0,0.0,7.333333333333333,0.0,QB,0.0,0.0,0.0,0.0,0.0,0.6666666666666666,0.0,-0.6666666666666666,0.3333333333333333
1089,2015.0,15,A.J. McCarron,0.0,0.0,49ers,0.0,9.0,6.25,0.5,0.5,75.5,4.75,QB,0.0,0.0,0.0,0.0,0.0,1.25,0.0,1.5,0.25
1124,2015.0,16,A.J. McCarron,0.0,0.0,Broncos,0.0,11.4,8.0,0.4,0.6,98.8,6.4,QB,0.0,0.0,0.0,0.0,0.0,1.4,0.0,1.6,0.4
1157,2015.0,17,A.J. McCarron,0.0,0.16666666666666666,Ravens,0.0,15.333333333333334,10.333333333333334,0.3333333333333333,0.6666666666666666,115.66666666666667,7.833333333333333,QB,0.0,0.0,0.0,0.0,0.0,1.8333333333333333,0.0,4.833333333333333,0.5
