,Year,Week,Name,Fumble TD,Fumbles Lost,Opponent_x,Pass 2PT,Pass Attempts,Pass Completions,Pass Interceptions,Pass TD,Pass Yards,Points_x,Position_x,Receiving 2PT,Receiving TD,Receiving Yards,Receptions,Rush 2PT,Rush Attempts,Rush TD,Rush Yards,Away Games_x,Team,Blocks,Fumble Returns,Interception,Opponent_y,Pass Yards Allowed,Point After,Points_y,Position_y,Rush Yards Allowed,Sack,Safety,Total Yards,Touchdowns,Away Games_y
0,2011.0,1,Donald Jones,0.0,0.0,Chiefs,0.0,0.0,0.0,0.0,0.0,0.0,6.0,WR,0.0,1.0,3.0,2.0,0.0,0.0,0.0,0.0,1.0,Chiefs,0.0,0.0,1.0,Bills,201.0,41.0,3.0,DST,163.0,1.0,0.0,364.0,0.0,0.0
1,2011.0,2,Donald Jones,0.0,0.0,Raiders,0.0,0.0,0.0,0.0,0.0,0.0,6.0,WR,0.0,1.0,3.0,2.0,0.0,0.0,0.0,0.0,1.0,Raiders,0.0,2.0,1.0,Bills,272.0,20.0,15.0,DST,38.0,5.0,0.0,310.0,0.0,1.0
2,2011.0,3,Donald Jones,0.0,0.0,Patriots,0.0,0.0,0.0,0.0,0.0,0.0,4.0,WR,0.0,0.5,13.5,3.0,0.0,0.0,0.0,0.0,0.5,Patriots,0.0,1.0,1.5,Bills,381.0,22.5,9.0,DST,98.0,3.0,0.0,479.0,0.0,0.5
3,2011.0,4,Donald Jones,0.0,0.0,Bengals,0.0,0.0,0.0,0.0,0.0,0.0,6.0,WR,0.0,0.3333333333333333,42.66666666666666,3.6666666666666665,0.0,0.3333333333333333,0.0,0.6666666666666666,0.3333333333333333,Bengals,0.0,1.0,0.3333333333333333,Bills,188.33333333333331,18.0,10.333333333333334,DST,88.0,3.0,0.3333333333333333,276.3333333333333,0.0,0.6666666666666666
4,2011.0,5,Donald Jones,0.0,0.0,Eagles,0.0,0.0,0.0,0.0,0.0,0.0,5.0,WR,0.0,0.25,37.25,3.5,0.0,0.25,0.0,0.5,0.5,Eagles,0.25,0.5,0.5,Bills,217.75,25.25,9.75,DST,139.5,3.75,0.0,357.25,0.25,0.5
5,2011.0,9,Donald Jones,0.0,0.0,Jets,0.0,0.0,0.0,0.0,0.0,0.0,4.4,WR,0.0,0.2,34.8,3.2,0.0,0.2,0.0,0.4,0.4,Jets,0.14285714285714285,0.7142857142857143,1.5714285714285714,Bills,196.7142857142857,21.714285714285715,14.285714285714285,DST,126.85714285714286,2.571428571428572,0.14285714285714285,323.57142857142856,0.5714285714285714,0.42857142857142855
6,2011.0,10,Donald Jones,0.0,0.0,Cowboys,0.0,0.0,0.0,0.0,0.0,0.0,3.6666666666666665,WR,0.0,0.16666666666666666,30.0,2.833333333333333,0.0,0.16666666666666666,0.0,0.3333333333333333,0.3333333333333333,Cowboys,0.25,0.625,1.25,Bills,232.5,21.875,10.0,DST,102.375,2.75,0.0,334.875,0.0,0.5
