,Year,Week,Name,Fumble TD,Fumbles Lost,Opponent_x,Pass 2PT,Pass Attempts,Pass Completions,Pass Interceptions,Pass TD,Pass Yards,Points_x,Position_x,Receiving 2PT,Receiving TD,Receiving Yards,Receptions,Rush 2PT,Rush Attempts,Rush TD,Rush Yards,Away Games_x,Team,Blocks,Fumble Returns,Interception,Opponent_y,Pass Yards Allowed,Point After,Points_y,Position_y,Rush Yards Allowed,Sack,Safety,Total Yards,Touchdowns,Away Games_y
0,2015.0,3,Jeff Cumberland,0.0,0.0,Eagles,0.0,0.0,0.0,0.0,0.0,0.0,1.0,WR,0.0,0.0,10.0,2.0,0.0,0.0,0.0,0.0,0.0,Eagles,0.0,1.0,1.0,Jets,270.0,23.0,8.5,DST,107.0,2.0,0.0,377.0,0.0,0.5
1,2015.0,7,Jeff Cumberland,0.0,0.0,Patriots,0.0,0.0,0.0,0.0,0.0,0.0,1.0,WR,0.0,0.0,10.0,2.0,0.0,0.0,0.0,0.0,0.0,Patriots,0.2,0.2,1.2,Jets,241.4,20.6,10.2,DST,114.6,3.8,0.0,356.0,0.0,0.6
2,2015.0,8,Jeff Cumberland,0.0,0.0,Raiders,0.0,0.0,0.0,0.0,0.0,0.0,1.0,WR,0.0,0.0,13.0,1.5,0.0,0.0,0.0,0.0,0.5,Raiders,0.3333333333333333,0.6666666666666666,1.1666666666666667,Jets,303.8333333333333,25.5,7.666666666666668,DST,84.33333333333333,1.8333333333333333,0.0,388.16666666666674,0.0,0.5
3,2015.0,9,Jeff Cumberland,0.0,0.0,Jaguars,0.0,0.0,0.0,0.0,0.0,0.0,0.6666666666666666,WR,0.0,0.0,11.0,1.3333333333333333,0.0,0.0,0.0,0.0,0.6666666666666666,Jaguars,0.14285714285714285,0.5714285714285714,0.42857142857142855,Jets,263.85714285714283,29.57142857142857,8.0,DST,103.57142857142857,2.2857142857142856,0.0,367.4285714285714,0.2857142857142857,0.42857142857142855
