,Year,Week,Name,Fumble TD,Fumbles Lost,Opponent,Pass 2PT,Pass Attempts,Pass Completions,Pass Interceptions,Pass TD,Pass Yards,Points,Position,Receiving 2PT,Receiving TD,Receiving Yards,Receptions,Rush 2PT,Rush Attempts,Rush TD,Rush Yards,Away Games
4333,2015.0,1,Knile Davis,0.0,0.0,Texans,0.0,0.0,0.0,0.0,0.0,0.0,2.0,RB,0.0,0.0,12.0,1.0,0.0,6.0,0.0,16.0,1.0
4400,2015.0,2,Knile Davis,0.0,0.0,Broncos,0.0,0.0,0.0,0.0,0.0,0.0,2.0,RB,0.0,0.0,12.0,1.0,0.0,6.0,0.0,16.0,1.0
4715,2015.0,5,Knile Davis,0.0,0.0,Bears,0.0,0.0,0.0,0.0,0.0,0.0,4.0,RB,0.0,0.0,6.0,0.5,0.0,4.5,0.5,12.5,0.5
4770,2015.0,6,Knile Davis,0.0,0.0,Min,0.0,0.0,0.0,0.0,0.0,0.0,2.6666666666666665,RB,0.0,0.0,4.0,0.3333333333333333,0.0,3.6666666666666665,0.3333333333333333,9.0,0.3333333333333333
4874,2015.0,7,Knile Davis,0.0,0.0,Steelers,0.0,0.0,0.0,0.0,0.0,0.0,2.5,RB,0.0,0.0,6.0,0.5,0.0,4.0,0.25,10.0,0.5
4954,2015.0,8,Knile Davis,0.0,0.0,Lions,0.0,0.0,0.0,0.0,0.0,0.0,2.0,RB,0.0,0.0,4.8,0.4,0.0,3.4,0.2,8.4,0.4
5255,2015.0,12,Knile Davis,0.0,0.0,Bills,0.0,0.0,0.0,0.0,0.0,0.0,1.6666666666666667,RB,0.0,0.0,4.0,0.3333333333333333,0.0,3.5,0.16666666666666666,8.5,0.3333333333333333
5436,2015.0,14,Knile Davis,0.0,0.0,Chargers,0.0,0.0,0.0,0.0,0.0,0.0,1.4285714285714286,RB,0.0,0.0,3.4285714285714284,0.2857142857142857,0.0,3.142857142857143,0.14285714285714285,7.428571428571429,0.2857142857142857
5510,2015.0,15,Knile Davis,0.0,0.0,Ravens,0.0,0.0,0.0,0.0,0.0,0.0,1.25,RB,0.0,0.0,3.0,0.25,0.0,2.875,0.125,7.25,0.25
