,Year,Week,Name,Fumble TD,Fumbles Lost,Opponent,Pass 2PT,Pass Attempts,Pass Completions,Pass Interceptions,Pass TD,Pass Yards,Points,Position,Receiving 2PT,Receiving TD,Receiving Yards,Receptions,Rush 2PT,Rush Attempts,Rush TD,Rush Yards,Away Games
7770,2014.0,8,Bryce Brown,0.0,0.0,Jets,0.0,0.0,0.0,0.0,0.0,0.0,1.0,RB,0.0,0.0,0.0,0.0,0.0,7.0,0.0,15.0,1.0
7879,2014.0,10,Bryce Brown,0.0,0.0,Chiefs,0.0,0.0,0.0,0.0,0.0,0.0,1.0,RB,0.0,0.0,0.0,0.0,0.0,7.0,0.0,15.0,1.0
7961,2014.0,11,Bryce Brown,0.0,0.5,Dolphins,0.0,0.0,0.0,0.0,0.0,0.0,4.5,RB,0.0,0.0,32.5,3.0,0.0,7.0,0.0,25.0,0.5
8070,2014.0,12,Bryce Brown,0.0,0.3333333333333333,Jets,0.0,0.0,0.0,0.0,0.0,0.0,5.0,RB,0.0,0.0,40.666666666666664,4.333333333333333,0.0,6.666666666666667,0.0,21.333333333333332,0.6666666666666666
8161,2014.0,13,Bryce Brown,0.0,0.25,Browns,0.0,0.0,0.0,0.0,0.0,0.0,4.25,RB,0.0,0.0,30.5,3.25,0.0,6.5,0.0,21.0,0.5
8233,2014.0,14,Bryce Brown,0.0,0.2,Broncos,0.0,0.0,0.0,0.0,0.0,0.0,3.6,RB,0.0,0.0,24.4,2.6,0.0,5.8,0.0,19.0,0.4
8303,2014.0,15,Bryce Brown,0.0,0.16666666666666666,Packers,0.0,0.0,0.0,0.0,0.0,0.0,3.3333333333333335,RB,0.0,0.0,22.666666666666668,2.5,0.0,5.333333333333333,0.0,17.666666666666668,0.5
