,Unnamed: 0.1,50+,FGA,FGM,Name,Opponent_x,Points_x,Position_x,Week,XPA,XPM,Year,Away Games_x,Team,Blocks,Fumble Returns,Interception,Opponent_y,Pass Yards Allowed,Point After,Points_y,Position_y,Rush Yards Allowed,Sack,Safety,Total Yards,Touchdowns,Away Games_y
0,29.0,0.0,0.0,0.0,Kyle Brindza,Titans,2.0,K,1,2.0,2.0,2015.0,0.0,Titans,0.0,0.0,2.0,Buccaneers,181.0,14.0,18.0,DST,92.0,4.0,0.0,273.0,1.0,1.0
1,29.0,0.0,0.0,0.0,Kyle Brindza,Saints,2.0,K,2,2.0,2.0,2015.0,0.0,Saints,0.0,1.0,0.0,Buccaneers,307.0,31.0,2.0,DST,120.0,0.0,0.0,427.0,0.0,1.0
2,31.0,0.5,2.5,2.0,Kyle Brindza,Texans,9.0,K,3,2.0,2.0,2015.0,0.5,Texans,0.5,0.0,0.5,Buccaneers,205.5,25.5,5.0,DST,134.5,2.0,0.0,340.0,0.0,0.5
3,49.33333333333334,0.6666666666666666,3.0,1.6666666666666667,Kyle Brindza,Panthers,7.666666666666668,K,4,1.6666666666666667,1.3333333333333333,2015.0,0.6666666666666666,Panthers,0.0,0.6666666666666666,1.3333333333333333,Buccaneers,239.33333333333331,16.0,12.333333333333336,DST,75.66666666666667,2.333333333333333,0.0,315.0,0.3333333333333333,0.3333333333333333
