,Year,Week,Name,Fumble TD,Fumbles Lost,Opponent_x,Pass 2PT,Pass Attempts,Pass Completions,Pass Interceptions,Pass TD,Pass Yards,Points_x,Position_x,Receiving 2PT,Receiving TD,Receiving Yards,Receptions,Rush 2PT,Rush Attempts,Rush TD,Rush Yards,Away Games_x,Team,Blocks,Fumble Returns,Interception,Opponent_y,Pass Yards Allowed,Point After,Points_y,Position_y,Rush Yards Allowed,Sack,Safety,Total Yards,Touchdowns,Away Games_y
0,2014.0,2,Orleans Darkwa,0.0,0.0,Bills,0.0,0.0,0.0,0.0,0.0,0.0,3.0,RB,0.0,0.0,31.0,3.0,0.0,0.0,0.0,0.0,1.0,Bills,0.0,1.0,2.0,Dolphins,341.0,20.0,12.0,DST,86.0,2.0,0.0,427.0,0.0,1.0
1,2014.0,4,Orleans Darkwa,0.0,0.0,Raiders,0.0,0.0,0.0,0.0,0.0,0.0,3.0,RB,0.0,0.0,31.0,3.0,0.0,0.0,0.0,0.0,1.0,Raiders,0.3333333333333333,0.3333333333333333,0.3333333333333333,Dolphins,183.33333333333331,21.66666666666667,6.0,DST,158.66666666666666,1.3333333333333333,0.0,342.0,0.0,0.6666666666666666
2,2014.0,14,Orleans Darkwa,0.0,0.0,Titans,0.0,0.0,0.0,0.0,0.0,0.0,1.5,RB,0.0,0.0,15.5,1.5,0.0,2.0,0.0,1.0,1.0,Titans,0.16666666666666666,0.3333333333333333,0.9166666666666666,Giants,243.75,28.16666666666667,7.416666666666668,DST,141.5,2.583333333333333,0.0,385.25,0.08333333333333333,0.5833333333333334
3,2014.0,16,Orleans Darkwa,0.0,0.0,Rams,0.0,0.0,0.0,0.0,0.0,0.0,1.0,RB,0.0,0.0,10.333333333333334,1.0,0.0,1.6666666666666667,0.0,0.6666666666666666,1.0,Rams,0.14285714285714285,0.7857142857142857,0.8571428571428571,Giants,232.35714285714286,21.214285714285715,11.642857142857142,DST,107.5,2.571428571428572,0.0,339.85714285714283,0.35714285714285715,0.5
