,Year,Week,Name,Fumble TD,Fumbles Lost,Opponent,Pass 2PT,Pass Attempts,Pass Completions,Pass Interceptions,Pass TD,Pass Yards,Points,Position,Receiving 2PT,Receiving TD,Receiving Yards,Receptions,Rush 2PT,Rush Attempts,Rush TD,Rush Yards,Away Games
1949,2010.0,3,Blair White,0.0,0.0,Broncos,0.0,0.0,0.0,0.0,0.0,0.0,8.0,WR,0.0,1.0,27.0,3.0,0.0,0.0,0.0,0.0,1.0
2081,2010.0,4,Blair White,0.0,0.0,Jaguars,0.0,0.0,0.0,0.0,0.0,0.0,8.0,WR,0.0,1.0,27.0,3.0,0.0,0.0,0.0,0.0,1.0
2283,2010.0,6,Blair White,0.0,0.0,Redskins,0.0,0.0,0.0,0.0,0.0,0.0,5.0,WR,0.0,0.5,23.5,2.5,0.0,0.0,0.0,0.0,1.0
2526,2010.0,9,Blair White,0.0,0.0,Eagles,0.0,0.0,0.0,0.0,0.0,0.0,3.6666666666666665,WR,0.0,0.3333333333333333,22.0,2.0,0.0,0.0,0.0,0.0,1.0
2671,2010.0,11,Blair White,0.0,0.0,Patriots,0.0,0.0,0.0,0.0,0.0,0.0,3.75,WR,0.0,0.25,27.0,2.25,0.0,0.0,0.0,0.0,1.0
2800,2010.0,12,Blair White,0.0,0.0,Chargers,0.0,0.0,0.0,0.0,0.0,0.0,6.2,WR,0.0,0.6,30.0,2.8,0.0,0.0,0.0,0.0,1.0
2935,2010.0,13,Blair White,0.0,0.0,Cowboys,0.0,0.0,0.0,0.0,0.0,0.0,6.666666666666667,WR,0.0,0.6666666666666666,30.666666666666668,3.0,0.0,0.0,0.0,0.0,0.8333333333333334
3019,2010.0,14,Blair White,0.0,0.0,Titans,0.0,0.0,0.0,0.0,0.0,0.0,6.142857142857143,WR,0.0,0.5714285714285714,30.857142857142858,3.142857142857143,0.0,0.0,0.0,0.0,0.7142857142857143
3175,2010.0,15,Blair White,0.0,0.0,Jaguars,0.0,0.0,0.0,0.0,0.0,0.0,6.0,WR,0.0,0.5,33.5,3.625,0.0,0.0,0.0,0.0,0.75
3232,2010.0,16,Blair White,0.0,0.0,Raiders,0.0,0.0,0.0,0.0,0.0,0.0,5.444444444444445,WR,0.0,0.4444444444444444,31.555555555555557,3.3333333333333335,0.0,0.0,0.0,0.0,0.6666666666666666
3351,2010.0,17,Blair White,0.0,0.0,Titans,0.0,0.0,0.0,0.0,0.0,0.0,5.7,WR,0.0,0.5,30.4,3.2,0.0,0.0,0.0,0.0,0.7
