,Year,Week,Name,Fumble TD,Fumbles Lost,Opponent_x,Pass 2PT,Pass Attempts,Pass Completions,Pass Interceptions,Pass TD,Pass Yards,Points_x,Position_x,Receiving 2PT,Receiving TD,Receiving Yards,Receptions,Rush 2PT,Rush Attempts,Rush TD,Rush Yards,Away Games_x,Team,Blocks,Fumble Returns,Interception,Opponent_y,Pass Yards Allowed,Point After,Points_y,Position_y,Rush Yards Allowed,Sack,Safety,Total Yards,Touchdowns,Away Games_y
0,2012.0,13,Mike Cox,0.0,0.0,Saints,0.0,0.0,0.0,0.0,0.0,0.0,0.0,RB,0.0,0.0,8.0,1.0,0.0,0.0,0.0,0.0,0.0,Saints,0.18181818181818185,0.7272727272727273,0.7272727272727273,Falcons,298.27272727272725,27.63636363636364,8.363636363636363,DST,156.54545454545453,2.1818181818181817,0.0,454.8181818181818,0.2727272727272727,0.4545454545454545
1,2012.0,15,Mike Cox,0.0,0.0,Giants,0.0,0.0,0.0,0.0,0.0,0.0,0.0,RB,0.0,0.0,8.0,1.0,0.0,0.0,0.0,0.0,0.0,Giants,0.0,1.0769230769230769,1.5384615384615383,Falcons,252.84615384615384,20.76923076923077,11.923076923076925,DST,123.30769230769229,2.3846153846153846,0.0,376.1538461538461,0.2307692307692308,0.4615384615384616
2,2012.0,17,Mike Cox,0.0,0.0,Buccaneers,0.0,0.0,0.0,0.0,0.0,0.0,0.5,RB,0.0,0.0,9.5,1.0,0.0,0.0,0.0,0.0,0.0,Buccaneers,0.13333333333333333,0.5333333333333333,1.2,Falcons,303.0,25.13333333333333,8.8,DST,83.66666666666667,1.6666666666666667,0.0,386.66666666666674,0.26666666666666666,0.4666666666666667
