,Year,Week,Name,Fumble TD,Fumbles Lost,Opponent_x,Pass 2PT,Pass Attempts,Pass Completions,Pass Interceptions,Pass TD,Pass Yards,Points_x,Position_x,Receiving 2PT,Receiving TD,Receiving Yards,Receptions,Rush 2PT,Rush Attempts,Rush TD,Rush Yards,Away Games_x,Team,Blocks,Fumble Returns,Interception,Opponent_y,Pass Yards Allowed,Point After,Points_y,Position_y,Rush Yards Allowed,Sack,Safety,Total Yards,Touchdowns,Away Games_y
0,2011.0,1,A.J. Feeley,0.0,0.0,Eagles,0.0,5.0,1.0,0.0,0.0,21.0,0.0,QB,0.0,0.0,0.0,0.0,0.0,0.0,0.0,0.0,0.0,Eagles,0.0,1.0,0.0,Rams,181.0,13.0,20.0,DST,154.0,5.0,0.0,335.0,1.0,1.0
1,2011.0,7,A.J. Feeley,0.0,0.0,Cowboys,0.0,5.0,1.0,0.0,0.0,21.0,0.0,QB,0.0,0.0,0.0,0.0,0.0,0.0,0.0,0.0,0.0,Cowboys,0.2,0.8,1.2,Rams,238.0,24.2,9.6,DST,69.6,3.2,0.0,307.6,0.0,0.6
2,2011.0,8,A.J. Feeley,0.0,0.0,Saints,0.0,19.0,10.5,0.5,0.0,108.5,2.5,QB,0.0,0.0,0.0,0.0,0.0,0.5,0.0,-0.5,0.5,Saints,0.14285714285714285,0.42857142857142855,0.5714285714285714,Rams,233.57142857142856,22.57142857142857,9.428571428571429,DST,115.71428571428572,2.142857142857143,0.0,349.28571428571433,0.2857142857142857,0.5714285714285714
3,2011.0,13,A.J. Feeley,0.0,0.3333333333333333,49ers,0.0,25.0,13.666666666666664,0.3333333333333333,0.3333333333333333,130.66666666666666,5.666666666666668,QB,0.0,0.0,0.0,0.0,0.0,1.0,0.0,1.3333333333333333,0.3333333333333333,49ers,0.0,1.0,1.3636363636363635,Rams,241.1818181818182,14.636363636363635,14.0,DST,75.54545454545455,2.363636363636364,0.09090909090909093,316.72727272727275,0.2727272727272727,0.4545454545454545
