,Unnamed: 0,Unnamed: 0.1,Fumble TD,Fumbles Lost,Name,Opponent,Pass 2PT,Pass Attempts,Pass Completions,Pass Interceptions,Pass TD,Pass Yards,Points,Position,Receiving 2PT,Receiving TD,Receiving Yards,Receptions,Rush 2PT,Rush Attempts,Rush TD,Rush Yards,Week,Year
73,73,73.0,0.0,0.0,Wendell Smallwood,Redskins,0.0,0.0,0.0,0.0,0.0,0.0,0.0,RB,0.0,0.0,5.0,1.0,0.0,4.0,0.0,4.0,1,2017.0
161,161,73.0,0.0,0.0,Wendell Smallwood,Chiefs,0.0,0.0,0.0,0.0,0.0,0.0,0.0,RB,0.0,0.0,5.0,1.0,0.0,4.0,0.0,4.0,2,2017.0
201,201,117.0,0.0,0.0,Wendell Smallwood,Eagles,0.0,0.0,0.0,0.0,0.0,0.0,0.0,RB,0.0,0.0,1.0,1.0,0.0,3.5,0.0,4.0,3,2017.0
272,272,145.0,0.0,0.0,Wendell Smallwood,Chargers,0.0,0.0,0.0,0.0,0.0,0.0,2.3333333333333335,RB,0.0,0.0,3.6666666666666665,1.0,0.0,6.333333333333333,0.0,26.333333333333332,4,2017.0
550,550,176.75,0.0,0.0,Wendell Smallwood,Eagles,0.0,0.0,0.0,0.0,0.0,0.0,5.0,RB,0.0,0.0,14.0,1.75,0.0,7.25,0.25,28.25,7,2017.0
650,650,251.4,0.0,0.0,Wendell Smallwood,Eagles,0.0,0.0,0.0,0.0,0.0,0.0,4.6,RB,0.0,0.0,14.0,1.8,0.0,7.4,0.2,27.6,8,2017.0
704,704,317.8333333333333,0.0,0.0,Wendell Smallwood,Eagles,0.0,0.0,0.0,0.0,0.0,0.0,3.8333333333333335,RB,0.0,0.0,13.166666666666666,1.6666666666666667,0.0,6.333333333333333,0.16666666666666666,23.833333333333332,9,2017.0
