,Year,Week,Name,Fumble TD,Fumbles Lost,Opponent,Pass 2PT,Pass Attempts,Pass Completions,Pass Interceptions,Pass TD,Pass Yards,Points,Position,Receiving 2PT,Receiving TD,Receiving Yards,Receptions,Rush 2PT,Rush Attempts,Rush TD,Rush Yards,Away Games
8886,2012.0,4,Anthony Dixon,0.0,0.0,Jets,0.0,0.0,0.0,0.0,0.0,0.0,1.0,RB,0.0,0.0,0.0,0.0,0.0,4.0,0.0,16.0,1.0
8925,2012.0,5,Anthony Dixon,0.0,0.0,Bills,0.0,0.0,0.0,0.0,0.0,0.0,1.0,RB,0.0,0.0,0.0,0.0,0.0,4.0,0.0,16.0,1.0
9447,2012.0,11,Anthony Dixon,0.0,0.0,Bears,0.0,0.0,0.0,0.0,0.0,0.0,4.5,RB,0.0,0.0,0.0,0.0,0.0,4.0,0.5,18.5,0.5
9535,2012.0,12,Anthony Dixon,0.0,0.0,Saints,0.0,0.0,0.0,0.0,0.0,0.0,3.0,RB,0.0,0.0,0.0,0.0,0.0,3.6666666666666665,0.3333333333333333,14.333333333333334,0.3333333333333333
9660,2012.0,14,Anthony Dixon,0.0,0.0,Dolphins,0.0,0.0,0.0,0.0,0.0,0.0,2.25,RB,0.0,0.0,0.0,0.0,0.0,3.0,0.25,12.0,0.5
9802,2012.0,15,Anthony Dixon,0.0,0.0,Patriots,0.0,0.0,0.0,0.0,0.0,0.0,3.0,RB,0.0,0.0,0.0,0.0,0.0,2.8,0.4,11.4,0.4
9888,2012.0,16,Anthony Dixon,0.0,0.0,Seahawks,0.0,0.0,0.0,0.0,0.0,0.0,2.5,RB,0.0,0.0,0.0,0.0,0.0,2.6666666666666665,0.3333333333333333,10.666666666666666,0.5
9984,2012.0,17,Anthony Dixon,0.0,0.0,Cardinals,0.0,0.0,0.0,0.0,0.0,0.0,2.142857142857143,RB,0.0,0.0,0.0,0.0,0.0,2.5714285714285716,0.2857142857142857,10.285714285714286,0.5714285714285714
