,Year,Week,Name,Fumble TD,Fumbles Lost,Opponent_x,Pass 2PT,Pass Attempts,Pass Completions,Pass Interceptions,Pass TD,Pass Yards,Points_x,Position_x,Receiving 2PT,Receiving TD,Receiving Yards,Receptions,Rush 2PT,Rush Attempts,Rush TD,Rush Yards,Away Games_x,Team,Blocks,Fumble Returns,Interception,Opponent_y,Pass Yards Allowed,Point After,Points_y,Position_y,Rush Yards Allowed,Sack,Safety,Total Yards,Touchdowns,Away Games_y
0,2011.0,5,Eric Weems,0.0,0.0,Packers,0.0,0.0,0.0,0.0,0.0,0.0,0.0,WR,0.0,0.0,4.0,1.0,0.0,0.0,0.0,0.0,0.0,Packers,0.0,0.75,2.0,Falcons,335.75,24.25,12.75,DST,71.0,2.75,0.0,406.75,0.5,0.5
1,2011.0,10,Eric Weems,0.0,0.0,Saints,0.0,0.0,0.0,0.0,0.0,0.0,0.0,WR,0.0,0.0,4.0,1.0,0.0,0.0,0.0,0.0,0.0,Saints,0.1111111111111111,0.4444444444444444,0.4444444444444444,Falcons,228.44444444444446,22.777777777777782,9.222222222222221,DST,119.66666666666669,2.2222222222222223,0.0,348.11111111111114,0.3333333333333333,0.5555555555555556
2,2011.0,11,Eric Weems,0.0,0.0,Titans,0.0,0.0,0.0,0.0,0.0,0.0,1.0,WR,0.0,0.0,14.5,2.0,0.0,0.0,0.0,0.0,0.0,Titans,0.2222222222222222,0.3333333333333333,1.0,Falcons,224.22222222222226,19.11111111111111,11.666666666666664,DST,125.22222222222223,2.1111111111111107,0.0,349.4444444444445,0.3333333333333333,0.4444444444444444
3,2011.0,16,Eric Weems,0.0,0.0,Saints,0.0,0.0,0.0,0.0,0.0,0.0,1.3333333333333333,WR,0.0,0.0,16.333333333333332,2.333333333333333,0.0,0.0,0.0,0.0,0.0,Saints,0.14285714285714285,0.35714285714285715,0.5714285714285714,Falcons,256.14285714285717,21.857142857142854,8.571428571428571,DST,109.92857142857143,2.2142857142857144,0.0,366.07142857142856,0.21428571428571427,0.5714285714285714
4,2011.0,17,Eric Weems,0.0,0.0,Buccaneers,0.0,0.0,0.0,0.0,0.0,0.0,1.75,WR,0.0,0.0,20.5,2.5,0.0,0.0,0.0,0.0,0.25,Buccaneers,0.06666666666666668,0.6,0.8666666666666667,Falcons,242.46666666666667,29.93333333333333,7.466666666666668,DST,149.73333333333332,1.5333333333333334,0.06666666666666668,392.2,0.2,0.4666666666666667
