,Unnamed: 0.1_x,Unnamed: 0.1.1_x,Fumble TD,Fumbles Lost,Name,Opponent_x,Pass 2PT,Pass Attempts,Pass Completions,Pass Interceptions,Pass TD,Pass Yards,Points_x,Position_x,Receiving 2PT,Receiving TD,Receiving Yards,Receptions,Rush 2PT,Rush Attempts,Rush TD,Rush Yards,Week,Year,Unnamed: 0.1_y,Unnamed: 0.1.1_y,Blocks,Fumble Returns,Interception,Opponent_y,Pass Yards Allowed,Point After,Points_y,Position_y,Rush Yards Allowed,Sack,Safety,Team,Total Yards,Touchdowns
0,35,35.0,0.0,0.0,Brent Celek,Redskins,0.0,0.0,0.0,0.0,0.0,0.0,1.0,TE,0.0,0.0,11.0,1.0,0.0,0.0,0.0,0.0,1,2017.0,10,10.0,0.0,1.0,1.0,Eagles,298.0,30.0,12.0,DST,58.0,2.0,0.0,Redskins,356.0,1.0
1,251,35.0,0.0,0.0,Brent Celek,Eagles,0.0,0.0,0.0,0.0,0.0,0.0,1.0,TE,0.0,0.0,11.0,1.0,0.0,0.0,0.0,0.0,5,2017.0,131,64.25,0.0,1.0,0.75,Cardinals,285.0,23.0,9.25,DST,70.75,2.5,0.0,Eagles,355.75,0.25
2,351,143.0,0.0,0.0,Brent Celek,Eagles,0.0,0.0,0.0,0.0,0.0,0.0,0.5,TE,0.0,0.0,8.0,1.0,0.0,0.0,0.0,0.0,7,2017.0,199,92.66666666666669,0.16666666666666666,0.8333333333333334,1.0,Redskins,273.5,20.33333333333333,9.833333333333334,DST,65.66666666666667,2.333333333333333,0.0,Eagles,339.1666666666667,0.16666666666666666
3,393,212.33333333333331,0.0,0.0,Brent Celek,Eagles,0.0,0.0,0.0,0.0,0.0,0.0,0.3333333333333333,TE,0.0,0.0,6.333333333333332,1.0,0.0,0.0,0.0,0.0,8,2017.0,214,107.85714285714286,0.14285714285714285,0.7142857142857143,1.0,49ers,272.85714285714283,20.857142857142858,9.428571428571429,DST,67.0,2.571428571428572,0.0,Eagles,339.85714285714283,0.14285714285714285
4,424,257.5,0.0,0.0,Brent Celek,Eagles,0.0,0.0,0.0,0.0,0.0,0.0,0.5,TE,0.0,0.0,8.25,1.0,0.0,0.0,0.0,0.0,9,2017.0,253,121.125,0.25,0.625,1.125,Broncos,256.75,19.5,11.125,DST,70.375,2.75,0.0,Eagles,327.125,0.25
5,508,290.8,0.0,0.0,Brent Celek,Cowboys,0.0,0.0,0.0,0.0,0.0,0.0,1.0,TE,0.0,0.0,14.4,1.4,0.0,0.0,0.0,0.0,11,2017.0,319,148.0,0.1111111111111111,0.7777777777777778,0.5555555555555556,Eagles,221.22222222222226,22.777777777777782,10.0,DST,104.66666666666669,3.111111111111111,0.0,Cowboys,325.8888888888889,0.1111111111111111
