,Year,Week,Name,Fumble TD,Fumbles Lost,Opponent_x,Pass 2PT,Pass Attempts,Pass Completions,Pass Interceptions,Pass TD,Pass Yards,Points_x,Position_x,Receiving 2PT,Receiving TD,Receiving Yards,Receptions,Rush 2PT,Rush Attempts,Rush TD,Rush Yards,Away Games_x,Team,Blocks,Fumble Returns,Interception,Opponent_y,Pass Yards Allowed,Point After,Points_y,Position_y,Rush Yards Allowed,Sack,Safety,Total Yards,Touchdowns,Away Games_y
0,2014.0,2,Robert Meachem,0.0,0.0,Browns,0.0,0.0,0.0,0.0,0.0,0.0,3.0,WR,0.0,0.0,37.0,3.0,0.0,0.0,0.0,0.0,1.0,Browns,0.0,0.0,1.0,Saints,376.0,30.0,5.0,DST,127.0,3.0,0.0,503.0,0.0,1.0
1,2014.0,9,Robert Meachem,0.0,0.0,Panthers,0.0,0.0,0.0,0.0,0.0,0.0,2.5,WR,0.0,0.0,30.0,2.0,0.0,0.0,0.0,0.0,0.5,Panthers,0.0,0.75,1.0,Saints,243.25,26.0,8.625,DST,135.25,2.0,0.0,378.5,0.125,0.5
2,2014.0,16,Robert Meachem,0.0,0.0,Falcons,0.0,0.0,0.0,0.0,0.0,0.0,2.333333333333333,WR,0.0,0.0,28.33333333333333,1.6666666666666667,0.0,0.0,0.0,0.0,0.6666666666666666,Falcons,0.21428571428571427,0.7142857142857143,1.0,Saints,292.5,26.357142857142854,7.357142857142858,DST,117.35714285714286,1.1428571428571428,0.0,409.8571428571428,0.14285714285714285,0.5
3,2014.0,17,Robert Meachem,0.0,0.0,Buccaneers,0.0,0.0,0.0,0.0,0.0,0.0,2.0,WR,0.0,0.0,24.5,1.5,0.0,0.0,0.0,0.0,0.5,Buccaneers,0.06666666666666668,0.7333333333333333,0.7333333333333333,Saints,254.4,25.8,8.866666666666667,DST,116.6,2.2666666666666666,0.0,371.0,0.2,0.5333333333333333
