,Year,Week,Name,Fumble TD,Fumbles Lost,Opponent_x,Pass 2PT,Pass Attempts,Pass Completions,Pass Interceptions,Pass TD,Pass Yards,Points_x,Position_x,Receiving 2PT,Receiving TD,Receiving Yards,Receptions,Rush 2PT,Rush Attempts,Rush TD,Rush Yards,Away Games_x,Team,Blocks,Fumble Returns,Interception,Opponent_y,Pass Yards Allowed,Point After,Points_y,Position_y,Rush Yards Allowed,Sack,Safety,Total Yards,Touchdowns,Away Games_y
0,2016.0,2,Tyler Kroft,0.0,0.0,Steelers,0.0,0.0,0.0,0.0,0.0,0.0,3.0,TE,0.0,0.0,35.0,3.0,0.0,0.0,0.0,0.0,1.0,Steelers,0.0,0.0,2.0,Bengals,329.0,16.0,8.0,DST,55.0,0.0,0.0,384.0,0.0,1.0
1,2016.0,5,Tyler Kroft,0.0,0.0,Cowboys,0.0,0.0,0.0,0.0,0.0,0.0,3.0,TE,0.0,0.0,35.0,3.0,0.0,0.0,0.0,0.0,1.0,Cowboys,0.0,0.5,0.75,Bengals,263.5,19.25,7.25,DST,94.75,1.5,0.0,358.25,0.0,0.5
2,2016.0,6,Tyler Kroft,0.0,0.0,Patriots,0.0,0.0,0.0,0.0,0.0,0.0,2.5,TE,0.0,0.0,32.0,3.0,0.0,0.0,0.0,0.0,1.0,Patriots,0.0,0.8,0.8,Bengals,258.6,14.8,10.0,DST,86.4,1.8,0.2,345.0,0.0,0.4
3,2016.0,7,Tyler Kroft,0.0,0.0,Browns,0.0,0.0,0.0,0.0,0.0,0.0,2.0,TE,0.0,0.0,27.66666666666667,2.6666666666666665,0.0,0.0,0.0,0.0,1.0,Browns,0.0,0.16666666666666666,1.0,Bengals,285.3333333333333,29.33333333333333,5.0,DST,118.0,1.5,0.0,403.33333333333326,0.16666666666666666,0.6666666666666666
4,2016.0,8,Tyler Kroft,0.0,0.0,Redskins,0.0,0.0,0.0,0.0,0.0,0.0,1.5,TE,0.0,0.0,21.5,2.25,0.0,0.0,0.0,0.0,0.75,Redskins,0.0,0.7142857142857143,0.5714285714285714,Bengals,243.57142857142856,23.142857142857146,9.142857142857142,DST,119.71428571428572,2.7142857142857144,0.0,363.28571428571433,0.14285714285714285,0.42857142857142855
