,Year,Week,Name,Fumble TD,Fumbles Lost,Opponent_x,Pass 2PT,Pass Attempts,Pass Completions,Pass Interceptions,Pass TD,Pass Yards,Points_x,Position_x,Receiving 2PT,Receiving TD,Receiving Yards,Receptions,Rush 2PT,Rush Attempts,Rush TD,Rush Yards,Away Games_x,Team,Blocks,Fumble Returns,Interception,Opponent_y,Pass Yards Allowed,Point After,Points_y,Position_y,Rush Yards Allowed,Sack,Safety,Total Yards,Touchdowns,Away Games_y
0,2014.0,2,Mike James,0.0,0.0,Rams,0.0,0.0,0.0,0.0,0.0,0.0,0.0,RB,0.0,0.0,0.0,0.0,0.0,6.0,0.0,7.0,0.0,Rams,0.0,0.0,0.0,Buccaneers,170.0,34.0,0.0,DST,185.0,0.0,0.0,355.0,0.0,0.0
1,2014.0,3,Mike James,0.0,0.0,Falcons,0.0,0.0,0.0,0.0,0.0,0.0,0.0,RB,0.0,0.0,0.0,0.0,0.0,6.0,0.0,7.0,0.0,Falcons,0.0,0.5,0.5,Buccaneers,317.5,29.0,2.5,DST,154.5,0.0,0.0,472.0,0.0,0.5
2,2014.0,9,Mike James,0.0,0.0,Browns,0.0,0.0,0.0,0.0,0.0,0.0,0.0,RB,0.0,0.0,-1.6666666666666667,0.3333333333333333,0.0,3.6666666666666665,0.0,4.0,0.3333333333333333,Browns,0.14285714285714285,0.42857142857142855,1.1428571428571428,Buccaneers,251.42857142857144,21.714285714285715,9.285714285714286,DST,144.14285714285714,2.2857142857142856,0.14285714285714285,395.57142857142856,0.14285714285714285,0.42857142857142855
3,2014.0,10,Mike James,0.0,0.0,Falcons,0.0,0.0,0.0,0.0,0.0,0.0,0.0,RB,0.0,0.0,-1.25,0.25,0.0,3.75,0.0,5.25,0.5,Falcons,0.125,1.0,0.625,Buccaneers,280.75,27.625,6.75,DST,128.0,0.875,0.0,408.75,0.25,0.5
