,Year,Week,Name,Fumble TD,Fumbles Lost,Opponent_x,Pass 2PT,Pass Attempts,Pass Completions,Pass Interceptions,Pass TD,Pass Yards,Points_x,Position_x,Receiving 2PT,Receiving TD,Receiving Yards,Receptions,Rush 2PT,Rush Attempts,Rush TD,Rush Yards,Away Games_x,Team,Blocks,Fumble Returns,Interception,Opponent_y,Pass Yards Allowed,Point After,Points_y,Position_y,Rush Yards Allowed,Sack,Safety,Total Yards,Touchdowns,Away Games_y
0,2010.0,3,Patrick Cobbs,0.0,0.0,Jets,0.0,0.0,0.0,0.0,0.0,0.0,0.0,RB,0.0,0.0,0.0,0.0,0.0,1.0,0.0,-6.0,0.0,Jets,0.0,1.5,1.5,Dolphins,236.0,12.0,13.0,DST,50.5,1.5,0.0,286.5,0.0,0.0
1,2010.0,10,Patrick Cobbs,0.0,0.0,Titans,0.0,0.0,0.0,0.0,0.0,0.0,0.0,RB,0.0,0.0,0.0,0.0,0.0,1.0,0.0,-6.0,0.0,Titans,0.125,0.75,1.625,Dolphins,239.125,18.75,14.5,DST,105.0,3.25,0.25,344.125,0.25,0.5
2,2010.0,11,Patrick Cobbs,0.0,0.0,Bears,0.0,0.0,0.0,0.0,0.0,0.0,4.5,RB,0.0,0.5,17.5,1.5,0.0,1.0,0.0,-2.5,0.0,Bears,0.2222222222222222,1.1111111111111112,1.5555555555555556,Dolphins,219.55555555555557,16.22222222222222,13.888888888888891,DST,82.33333333333333,1.4444444444444444,0.0,301.8888888888889,0.3333333333333333,0.4444444444444444
3,2010.0,12,Patrick Cobbs,0.0,0.0,Raiders,0.0,0.0,0.0,0.0,0.0,0.0,3.0,RB,0.0,0.3333333333333333,11.666666666666664,1.3333333333333333,0.0,1.0,0.0,-1.3333333333333333,0.0,Raiders,0.2,1.0,0.5,Dolphins,193.2,22.3,11.7,DST,128.5,2.9,0.1,321.7,0.4,0.5
4,2010.0,13,Patrick Cobbs,0.0,0.0,Browns,0.0,0.0,0.0,0.0,0.0,0.0,4.5,RB,0.0,0.5,16.75,1.5,0.0,0.75,0.0,-1.0,0.25,Browns,0.18181818181818185,0.7272727272727273,1.3636363636363635,Dolphins,237.1818181818182,20.818181818181817,10.818181818181818,DST,119.54545454545456,2.090909090909091,0.0,356.72727272727275,0.2727272727272727,0.4545454545454545
5,2010.0,15,Patrick Cobbs,0.0,0.0,Bills,0.0,0.0,0.0,0.0,0.0,0.0,3.8,RB,0.0,0.4,15.6,1.4,0.0,0.6,0.0,-0.8,0.2,Bills,0.0,0.7692307692307693,0.6923076923076923,Dolphins,197.53846153846158,26.07692307692308,8.538461538461537,DST,165.84615384615384,1.6923076923076923,0.0,363.3846153846154,0.2307692307692308,0.4615384615384616
6,2010.0,16,Patrick Cobbs,0.0,0.0,Lions,0.0,0.0,0.0,0.0,0.0,0.0,3.333333333333333,RB,0.0,0.3333333333333333,15.166666666666664,1.3333333333333333,0.0,0.5,0.0,-0.6666666666666666,0.16666666666666666,Lions,0.0,1.0,0.7857142857142857,Dolphins,220.7142857142857,23.5,10.357142857142858,DST,126.5,2.7857142857142856,0.07142857142857142,347.21428571428567,0.21428571428571427,0.5
