,Year,Week,Name,Fumble TD,Fumbles Lost,Opponent_x,Pass 2PT,Pass Attempts,Pass Completions,Pass Interceptions,Pass TD,Pass Yards,Points_x,Position_x,Receiving 2PT,Receiving TD,Receiving Yards,Receptions,Rush 2PT,Rush Attempts,Rush TD,Rush Yards,Away Games_x,Team,Blocks,Fumble Returns,Interception,Opponent_y,Pass Yards Allowed,Point After,Points_y,Position_y,Rush Yards Allowed,Sack,Safety,Total Yards,Touchdowns,Away Games_y
0,2016.0,1,Luke Willson,0.0,0.0,Dolphins,0.0,0.0,0.0,0.0,0.0,0.0,2.0,TE,0.0,0.0,26.0,2.0,0.0,0.0,0.0,0.0,0.0,Dolphins,1.0,1.0,1.0,Seahawks,240.0,12.0,16.0,DST,112.0,3.0,0.0,352.0,0.0,1.0
1,2016.0,3,Luke Willson,0.0,0.0,49ers,0.0,0.0,0.0,0.0,0.0,0.0,1.0,TE,0.0,0.0,16.0,1.5,0.0,0.0,0.0,0.0,0.5,49ers,0.5,1.5,1.5,Seahawks,236.5,23.0,13.5,DST,120.5,1.5,0.0,357.0,0.0,0.5
2,2016.0,6,Luke Willson,0.0,0.0,Falcons,0.0,0.0,0.0,0.0,0.0,0.0,0.6666666666666666,TE,0.0,0.0,13.666666666666664,1.6666666666666667,0.0,0.0,0.0,0.0,0.3333333333333333,Falcons,0.0,0.2,1.0,Seahawks,290.2,28.0,7.6,DST,98.6,2.0,0.0,388.8,0.4,0.6
3,2016.0,11,Luke Willson,0.0,0.0,Eagles,0.0,0.0,0.0,0.0,0.0,0.0,0.5,TE,0.0,0.0,12.5,1.5,0.0,0.0,0.0,0.0,0.25,Eagles,0.1111111111111111,0.7777777777777778,1.0,Seahawks,222.44444444444446,17.777777777777782,12.555555555555555,DST,100.55555555555556,2.7777777777777777,0.1111111111111111,323.0,0.3333333333333333,0.5555555555555556
4,2016.0,12,Luke Willson,0.0,0.0,Buccaneers,0.0,0.0,0.0,0.0,0.0,0.0,0.6,TE,0.0,0.0,12.4,1.4,0.0,0.0,0.0,0.0,0.2,Buccaneers,0.0,1.0,0.7,Seahawks,267.0,25.9,9.0,DST,114.7,2.1,0.1,381.7,0.2,0.5
5,2016.0,14,Luke Willson,0.0,0.0,Packers,0.0,0.0,0.0,0.0,0.0,0.0,0.6666666666666666,TE,0.0,0.0,12.166666666666664,1.3333333333333333,0.0,0.0,0.0,0.0,0.3333333333333333,Packers,0.0,0.3333333333333333,0.6666666666666666,Seahawks,254.25,25.16666666666667,7.083333333333332,DST,92.91666666666669,2.5,0.0,347.16666666666674,0.0,0.5
6,2016.0,17,Luke Willson,0.0,0.0,49ers,0.0,0.0,0.0,0.0,0.0,0.0,1.5,TE,0.0,0.125,12.875,1.5,0.0,0.0,0.0,0.0,0.375,49ers,0.06666666666666668,0.6666666666666666,0.6666666666666666,Seahawks,237.26666666666668,30.33333333333333,5.866666666666666,DST,171.13333333333333,2.066666666666667,0.0,408.4,0.0,0.5333333333333333
