,Year,Week,Name,Fumble TD,Fumbles Lost,Opponent_x,Pass 2PT,Pass Attempts,Pass Completions,Pass Interceptions,Pass TD,Pass Yards,Points_x,Position_x,Receiving 2PT,Receiving TD,Receiving Yards,Receptions,Rush 2PT,Rush Attempts,Rush TD,Rush Yards,Away Games_x,Team,Blocks,Fumble Returns,Interception,Opponent_y,Pass Yards Allowed,Point After,Points_y,Position_y,Rush Yards Allowed,Sack,Safety,Total Yards,Touchdowns,Away Games_y
0,2013.0,4,Lee Smith,0.0,0.0,Ravens,0.0,0.0,0.0,0.0,0.0,0.0,2.0,TE,0.0,0.0,28.0,1.0,0.0,0.0,0.0,0.0,0.0,Ravens,0.0,0.3333333333333333,0.3333333333333333,Bills,269.6666666666667,21.33333333333333,14.666666666666664,DST,74.66666666666667,3.6666666666666665,0.0,344.33333333333326,0.6666666666666666,0.3333333333333333
1,2013.0,7,Lee Smith,0.0,0.0,Dolphins,0.0,0.0,0.0,0.0,0.0,0.0,2.0,TE,0.0,0.0,28.0,1.0,0.0,0.0,0.0,0.0,0.0,Dolphins,0.0,0.6,1.2,Bills,287.6,23.4,10.0,DST,105.4,2.6,0.0,393.0,0.2,0.6
2,2013.0,11,Lee Smith,0.0,0.0,Jets,0.0,0.0,0.0,0.0,0.0,0.0,1.5,TE,0.0,0.0,23.0,1.0,0.0,0.0,0.0,0.0,0.5,Jets,0.0,0.2222222222222222,0.5555555555555556,Bills,251.44444444444446,25.66666666666667,8.11111111111111,DST,73.77777777777777,3.0,0.1111111111111111,325.22222222222223,0.1111111111111111,0.4444444444444444
3,2013.0,14,Lee Smith,0.0,0.0,Buccaneers,0.0,0.0,0.0,0.0,0.0,0.0,1.0,TE,0.0,0.0,15.666666666666664,1.0,0.0,0.0,0.0,0.0,0.3333333333333333,Buccaneers,0.16666666666666666,0.5833333333333334,1.4166666666666667,Bills,246.0,23.75,9.916666666666666,DST,106.75,2.0,0.08333333333333333,352.75,0.25,0.5
4,2013.0,16,Lee Smith,0.0,0.0,Dolphins,0.0,0.0,0.0,0.0,0.0,0.0,0.75,TE,0.0,0.0,13.5,1.0,0.0,0.0,0.0,0.0,0.5,Dolphins,0.14285714285714285,0.42857142857142855,1.2142857142857142,Bills,238.92857142857144,21.142857142857142,10.5,DST,117.21428571428572,2.9285714285714284,0.07142857142857142,356.1428571428572,0.14285714285714285,0.5
