,Year,Week,Name,Fumble TD,Fumbles Lost,Opponent_x,Pass 2PT,Pass Attempts,Pass Completions,Pass Interceptions,Pass TD,Pass Yards,Points_x,Position_x,Receiving 2PT,Receiving TD,Receiving Yards,Receptions,Rush 2PT,Rush Attempts,Rush TD,Rush Yards,Away Games_x,Team,Blocks,Fumble Returns,Interception,Opponent_y,Pass Yards Allowed,Point After,Points_y,Position_y,Rush Yards Allowed,Sack,Safety,Total Yards,Touchdowns,Away Games_y
0,2010.0,14,Vincent Jackson,0.0,0.0,Chiefs,0.0,0.0,0.0,0.0,0.0,0.0,3.0,WR,0.0,0.0,29.0,2.0,0.0,1.0,0.0,14.0,0.0,Chiefs,0.0,0.5833333333333334,0.75,Chargers,233.08333333333331,19.75,10.5,DST,101.83333333333331,2.25,0.0,334.9166666666667,0.25,0.5
1,2010.0,15,Vincent Jackson,0.0,0.0,49ers,0.0,0.0,0.0,0.0,0.0,0.0,3.0,WR,0.0,0.0,29.0,2.0,0.0,1.0,0.0,14.0,0.0,49ers,0.07692307692307693,0.4615384615384616,1.0,Chargers,227.3076923076923,21.538461538461537,9.23076923076923,DST,100.07692307692308,2.1538461538461537,0.0,327.38461538461536,0.2307692307692308,0.4615384615384616
2,2010.0,16,Vincent Jackson,0.0,0.0,Bengals,0.0,0.0,0.0,0.0,0.0,0.0,16.0,WR,0.0,1.5,70.5,3.5,0.0,0.5,0.0,7.0,0.0,Bengals,0.0,0.5714285714285714,1.0,Chargers,222.78571428571428,25.857142857142854,7.357142857142858,DST,120.07142857142857,1.5714285714285714,0.0,342.85714285714283,0.14285714285714285,0.5
3,2010.0,17,Vincent Jackson,0.0,0.0,Broncos,0.0,0.0,0.0,0.0,0.0,0.0,12.333333333333336,WR,0.0,1.0,65.0,3.6666666666666665,0.0,0.3333333333333333,0.0,4.666666666666667,0.3333333333333333,Broncos,0.0,0.5333333333333333,0.6,Chargers,233.13333333333333,29.2,5.2,DST,153.93333333333334,1.2,0.0,387.06666666666666,0.06666666666666668,0.5333333333333333
