,Year,Week,Name,Fumble TD,Fumbles Lost,Opponent_x,Pass 2PT,Pass Attempts,Pass Completions,Pass Interceptions,Pass TD,Pass Yards,Points_x,Position_x,Receiving 2PT,Receiving TD,Receiving Yards,Receptions,Rush 2PT,Rush Attempts,Rush TD,Rush Yards,Away Games_x,Team,Blocks,Fumble Returns,Interception,Opponent_y,Pass Yards Allowed,Point After,Points_y,Position_y,Rush Yards Allowed,Sack,Safety,Total Yards,Touchdowns,Away Games_y
0,2013.0,1,Sam Bradford,0.0,0.0,Cardinals,0.0,38.0,27.0,1.0,2.0,299.0,23.0,QB,0.0,0.0,0.0,0.0,1.0,2.0,0.0,1.0,0.0,Cardinals,0.0,1.0,1.0,Rams,299.0,27.0,11.0,DST,67.0,0.0,0.0,366.0,1.0,1.0
1,2013.0,2,Sam Bradford,0.0,0.0,Falcons,0.0,38.0,27.0,1.0,2.0,299.0,23.0,QB,0.0,0.0,0.0,0.0,1.0,2.0,0.0,1.0,0.0,Falcons,0.0,0.0,1.0,Rams,341.0,23.0,5.0,DST,78.0,2.0,0.0,419.0,0.0,1.0
2,2013.0,3,Sam Bradford,0.0,0.0,Cowboys,0.0,46.5,29.5,1.0,2.5,325.5,27.5,QB,0.0,0.0,0.0,0.0,0.5,2.5,0.0,13.0,0.5,Cowboys,0.5,1.5,1.5,Rams,313.5,24.0,18.5,DST,82.0,3.5,0.0,395.5,1.0,0.5
3,2013.0,4,Sam Bradford,0.0,0.0,49ers,0.0,47.0,29.33333333333333,0.6666666666666666,2.0,297.0,23.33333333333333,QB,0.0,0.0,0.0,0.0,0.3333333333333333,1.6666666666666667,0.0,8.666666666666666,0.6666666666666666,49ers,0.3333333333333333,0.3333333333333333,0.6666666666666666,Rams,197.33333333333331,28.0,5.333333333333333,DST,139.66666666666666,2.333333333333333,0.0,337.0,0.0,0.3333333333333333
4,2013.0,5,Sam Bradford,0.0,0.25,Jaguars,0.0,45.5,26.75,0.75,1.75,273.25,20.25,QB,0.0,0.0,0.0,0.0,0.25,2.0,0.0,5.5,0.5,Jaguars,0.25,0.5,0.5,Rams,222.0,32.25,6.0,DST,165.0,2.0,0.25,387.0,0.0,0.5
5,2013.0,6,Sam Bradford,0.0,0.2,Texans,0.0,43.2,25.2,0.6,2.0,263.0,21.4,QB,0.0,0.0,0.0,0.0,0.2,2.6,0.0,5.2,0.4,Texans,0.0,0.2,0.4,Rams,134.2,27.8,6.0,DST,126.0,2.8,0.2,260.2,0.2,0.6
6,2013.0,7,Sam Bradford,0.0,0.16666666666666666,Panthers,0.0,38.66666666666666,23.0,0.5,2.1666666666666665,238.66666666666663,21.5,QB,0.0,0.0,0.0,0.0,0.16666666666666666,2.333333333333333,0.0,5.0,0.5,Panthers,0.0,0.6,1.6,Rams,210.4,13.6,12.6,DST,88.8,3.0,0.0,299.2,0.0,0.6
