,Year,Week,Name,Fumble TD,Fumbles Lost,Opponent_x,Pass 2PT,Pass Attempts,Pass Completions,Pass Interceptions,Pass TD,Pass Yards,Points_x,Position_x,Receiving 2PT,Receiving TD,Receiving Yards,Receptions,Rush 2PT,Rush Attempts,Rush TD,Rush Yards,Away Games_x,Team,Blocks,Fumble Returns,Interception,Opponent_y,Pass Yards Allowed,Point After,Points_y,Position_y,Rush Yards Allowed,Sack,Safety,Total Yards,Touchdowns,Away Games_y
0,2014.0,1,Stevan Ridley,0.0,0.0,Dolphins,0.0,0.0,0.0,0.0,0.0,0.0,2.0,RB,0.0,0.0,7.0,2.0,0.0,8.0,0.0,21.0,1.0,Dolphins,1.0,2.0,0.0,Patriots,226.0,20.0,14.0,DST,89.0,4.0,0.0,315.0,0.0,0.0
1,2014.0,3,Stevan Ridley,0.0,0.0,Raiders,0.0,0.0,0.0,0.0,0.0,0.0,9.0,RB,0.0,0.0,3.5,1.0,0.0,16.5,0.5,61.0,1.0,Raiders,0.5,0.5,0.5,Patriots,164.5,24.5,6.0,DST,200.0,1.0,0.0,364.5,0.0,0.5
2,2014.0,4,Stevan Ridley,0.0,0.0,Chiefs,0.0,0.0,0.0,0.0,0.0,0.0,7.666666666666668,RB,0.0,0.0,4.666666666666667,1.0,0.0,17.333333333333332,0.3333333333333333,58.66666666666666,0.6666666666666666,Chiefs,0.0,0.0,0.0,Patriots,223.66666666666663,21.66666666666667,5.0,DST,130.33333333333334,3.0,0.0,354.0,0.0,0.6666666666666666
3,2014.0,5,Stevan Ridley,0.0,0.0,Bengals,0.0,0.0,0.0,0.0,0.0,0.0,6.25,RB,0.0,0.0,3.5,0.75,0.0,14.25,0.25,51.0,0.75,Bengals,0.0,0.3333333333333333,2.0,Patriots,239.33333333333331,11.0,13.666666666666664,DST,113.33333333333331,2.333333333333333,0.3333333333333333,352.66666666666674,0.0,0.3333333333333333
4,2014.0,6,Stevan Ridley,0.0,0.0,Bills,0.0,0.0,0.0,0.0,0.0,0.0,8.4,RB,0.0,0.0,2.8,0.6,0.0,16.8,0.4,63.4,0.6,Bills,0.2,0.8,1.2,Patriots,253.8,17.8,12.4,DST,71.0,3.4,0.0,324.8,0.2,0.6
