,Year,Week,Name,Fumble TD,Fumbles Lost,Opponent_x,Pass 2PT,Pass Attempts,Pass Completions,Pass Interceptions,Pass TD,Pass Yards,Points_x,Position_x,Receiving 2PT,Receiving TD,Receiving Yards,Receptions,Rush 2PT,Rush Attempts,Rush TD,Rush Yards,Away Games_x,Team,Blocks,Fumble Returns,Interception,Opponent_y,Pass Yards Allowed,Point After,Points_y,Position_y,Rush Yards Allowed,Sack,Safety,Total Yards,Touchdowns,Away Games_y
0,2016.0,7,Troymaine Pope,0.0,0.0,Ravens,0.0,0.0,0.0,0.0,0.0,0.0,0.0,RB,0.0,0.0,0.0,0.0,0.0,1.0,0.0,1.0,0.0,Ravens,0.3333333333333333,0.5,1.3333333333333333,Jets,225.16666666666663,19.166666666666668,9.833333333333334,DST,69.66666666666667,1.8333333333333333,0.0,294.8333333333333,0.0,0.5
1,2016.0,11,Troymaine Pope,0.0,0.0,Eagles,0.0,0.0,0.0,0.0,0.0,0.0,0.0,RB,0.0,0.0,0.0,0.0,0.0,1.0,0.0,1.0,0.0,Eagles,0.1111111111111111,0.7777777777777778,1.0,Seahawks,222.44444444444446,17.777777777777782,12.555555555555555,DST,100.55555555555556,2.7777777777777777,0.1111111111111111,323.0,0.3333333333333333,0.5555555555555556
2,2016.0,13,Troymaine Pope,0.0,0.0,Panthers,0.0,0.0,0.0,0.0,0.0,0.0,0.0,RB,0.0,0.0,0.0,0.0,0.0,1.5,0.0,2.0,0.0,Panthers,0.09090909090909093,0.4545454545454545,1.0,Seahawks,275.1818181818182,25.54545454545455,9.909090909090908,DST,79.45454545454545,2.8181818181818183,0.0,354.6363636363636,0.2727272727272727,0.4545454545454545
3,2016.0,14,Troymaine Pope,0.0,0.0,Packers,0.0,0.0,0.0,0.0,0.0,0.0,0.6666666666666666,RB,0.0,0.0,1.6666666666666667,0.3333333333333333,0.0,3.6666666666666665,0.0,10.666666666666666,0.0,Packers,0.0,0.3333333333333333,0.6666666666666666,Seahawks,254.25,25.16666666666667,7.083333333333332,DST,92.91666666666669,2.5,0.0,347.16666666666674,0.0,0.5
