,Year,Week,Name,Fumble TD,Fumbles Lost,Opponent_x,Pass 2PT,Pass Attempts,Pass Completions,Pass Interceptions,Pass TD,Pass Yards,Points_x,Position_x,Receiving 2PT,Receiving TD,Receiving Yards,Receptions,Rush 2PT,Rush Attempts,Rush TD,Rush Yards,Away Games_x,Team,Blocks,Fumble Returns,Interception,Opponent_y,Pass Yards Allowed,Point After,Points_y,Position_y,Rush Yards Allowed,Sack,Safety,Total Yards,Touchdowns,Away Games_y
0,2015.0,2,Brandon Weeden,0.0,0.0,Eagles,0.0,7.0,7.0,0.0,1.0,73.0,8.0,QB,0.0,0.0,0.0,0.0,0.0,3.0,0.0,7.0,1.0,Eagles,0.0,0.0,2.0,Cowboys,290.0,26.0,6.0,DST,105.0,1.0,0.0,395.0,0.0,1.0
1,2015.0,3,Brandon Weeden,0.0,0.0,Falcons,0.0,7.0,7.0,0.0,1.0,73.0,8.0,QB,0.0,0.0,0.0,0.0,0.0,3.0,0.0,7.0,1.0,Falcons,0.0,0.5,1.0,Cowboys,313.5,22.0,6.5,DST,80.0,1.0,0.0,393.5,0.0,0.5
2,2015.0,4,Brandon Weeden,0.0,0.0,Saints,0.0,16.5,14.5,0.5,0.5,152.5,7.5,QB,0.0,0.0,0.0,0.0,0.0,1.5,0.0,3.5,0.5,Saints,0.0,1.0,0.0,Cowboys,271.0,28.0,6.0,DST,126.0,1.3333333333333333,0.0,397.0,0.3333333333333333,0.6666666666666666
3,2015.0,5,Brandon Weeden,0.0,0.0,Patriots,0.0,19.666666666666668,15.0,0.3333333333333333,0.6666666666666666,183.66666666666663,10.0,QB,0.0,0.0,0.0,0.0,0.0,2.0,0.0,4.0,0.6666666666666666,Patriots,0.0,0.0,1.6666666666666667,Cowboys,251.66666666666663,23.33333333333333,9.333333333333334,DST,117.0,4.333333333333333,0.0,368.66666666666674,0.0,0.3333333333333333
4,2015.0,15,Brandon Weeden,0.0,0.0,Colts,0.0,24.5,17.75,0.5,0.5,184.5,9.0,QB,0.0,0.0,0.0,0.0,0.0,2.25,0.0,7.5,0.5,Colts,0.0,0.5384615384615384,1.0769230769230769,Texans,276.23076923076917,27.384615384615387,8.76923076923077,DST,121.3846153846154,1.6923076923076923,0.0,397.6153846153846,0.3076923076923077,0.5384615384615384
5,2015.0,16,Brandon Weeden,0.0,0.0,Titans,0.0,23.2,16.4,0.4,0.6,168.6,9.2,QB,0.0,0.0,0.0,0.0,0.0,2.8,0.0,7.2,0.6,Titans,0.07142857142857142,0.5,0.7142857142857143,Texans,234.0,25.642857142857146,7.857142857142858,DST,110.14285714285714,2.642857142857143,0.0,344.1428571428572,0.14285714285714285,0.5
