,Year,Week,Name,Fumble TD,Fumbles Lost,Opponent_x,Pass 2PT,Pass Attempts,Pass Completions,Pass Interceptions,Pass TD,Pass Yards,Points_x,Position_x,Receiving 2PT,Receiving TD,Receiving Yards,Receptions,Rush 2PT,Rush Attempts,Rush TD,Rush Yards,Away Games_x,Team,Blocks,Fumble Returns,Interception,Opponent_y,Pass Yards Allowed,Point After,Points_y,Position_y,Rush Yards Allowed,Sack,Safety,Total Yards,Touchdowns,Away Games_y
0,2012.0,1,Alshon Jeffery,0.0,0.0,Colts,0.0,0.0,0.0,0.0,0.0,0.0,14.0,WR,0.0,1.0,80.0,3.0,0.0,0.0,0.0,0.0,0.0,Colts,0.0,0.0,1.0,Bears,314.0,41.0,10.0,DST,114.0,2.0,0.0,428.0,1.0,1.0
1,2012.0,2,Alshon Jeffery,0.0,0.0,Packers,0.0,0.0,0.0,0.0,0.0,0.0,14.0,WR,0.0,1.0,80.0,3.0,0.0,0.0,0.0,0.0,0.0,Packers,0.0,0.0,0.0,Bears,191.0,30.0,10.0,DST,186.0,4.0,0.0,377.0,1.0,0.0
2,2012.0,3,Alshon Jeffery,0.0,0.0,Rams,0.0,0.0,0.0,0.0,0.0,0.0,7.0,WR,0.0,0.5,43.5,2.0,0.0,0.0,0.0,0.0,0.5,Rams,0.5,0.0,2.0,Bears,271.5,27.5,9.5,DST,129.5,1.0,0.0,401.0,0.5,0.5
3,2012.0,4,Alshon Jeffery,0.0,0.0,Cowboys,0.0,0.0,0.0,0.0,0.0,0.0,6.0,WR,0.0,0.3333333333333333,44.0,3.0,0.0,0.0,0.0,0.0,0.3333333333333333,Cowboys,0.0,0.6666666666666666,0.3333333333333333,Bears,137.0,18.0,8.333333333333334,DST,113.0,2.333333333333333,0.0,250.0,0.0,0.6666666666666666
4,2012.0,5,Alshon Jeffery,0.0,0.0,Jaguars,0.0,0.0,0.0,0.0,0.0,0.0,5.25,WR,0.0,0.25,41.0,3.0,0.0,0.0,0.0,0.0,0.5,Jaguars,0.0,0.5,0.5,Bears,254.5,24.25,4.25,DST,150.25,0.5,0.0,404.75,0.0,0.5
5,2012.0,11,Alshon Jeffery,0.0,0.0,49ers,0.0,0.0,0.0,0.0,0.0,0.0,5.8,WR,0.0,0.4,36.8,2.8,0.0,0.0,0.0,0.0,0.6,49ers,0.2222222222222222,0.7777777777777778,0.6666666666666666,Bears,196.77777777777774,14.111111111111109,11.222222222222221,DST,95.33333333333331,1.8888888888888888,0.0,292.1111111111111,0.1111111111111111,0.4444444444444444
6,2012.0,16,Alshon Jeffery,0.0,0.0,Cardinals,0.0,0.0,0.0,0.0,0.0,0.0,5.857142857142858,WR,0.0,0.42857142857142855,36.57142857142857,2.7142857142857144,0.0,0.0,0.0,0.0,0.7142857142857143,Cardinals,0.14285714285714285,0.7142857142857143,1.5714285714285714,Bears,199.28571428571428,21.571428571428577,11.857142857142858,DST,136.5,2.571428571428572,0.0,335.7857142857143,0.21428571428571427,0.5
7,2012.0,17,Alshon Jeffery,0.0,0.0,Lions,0.0,0.0,0.0,0.0,0.0,0.0,5.5,WR,0.0,0.375,36.375,2.5,0.0,0.0,0.0,0.0,0.75,Lions,0.06666666666666668,0.4,0.7333333333333333,Bears,221.6,27.4,6.066666666666666,DST,116.33333333333331,2.1333333333333333,0.06666666666666668,337.93333333333334,0.0,0.5333333333333333
