,Year,Week,Name,Fumble TD,Fumbles Lost,Opponent,Pass 2PT,Pass Attempts,Pass Completions,Pass Interceptions,Pass TD,Pass Yards,Points,Position,Receiving 2PT,Receiving TD,Receiving Yards,Receptions,Rush 2PT,Rush Attempts,Rush TD,Rush Yards,Away Games
1671,2016.0,3,Bobby Rainey,0.0,0.0,Redskins,0.0,0.0,0.0,0.0,0.0,0.0,2.0,RB,0.0,0.0,24.0,1.0,0.0,0.0,0.0,0.0,0.0
1734,2016.0,4,Bobby Rainey,0.0,0.0,Min,0.0,0.0,0.0,0.0,0.0,0.0,2.0,RB,0.0,0.0,24.0,1.0,0.0,0.0,0.0,0.0,0.0
1807,2016.0,5,Bobby Rainey,0.0,0.0,Packers,0.0,0.0,0.0,0.0,0.0,0.0,4.0,RB,0.0,0.0,33.5,4.0,0.0,2.0,0.0,11.0,0.5
1901,2016.0,6,Bobby Rainey,0.0,0.0,Ravens,0.0,0.0,0.0,0.0,0.0,0.0,5.0,RB,0.0,0.0,39.666666666666664,4.666666666666667,0.0,3.0,0.0,14.666666666666666,0.6666666666666666
2004,2016.0,7,Bobby Rainey,0.0,0.0,LA,0.0,0.0,0.0,0.0,0.0,0.0,4.25,RB,0.0,0.0,33.75,4.0,0.0,3.75,0.0,14.25,0.5
2397,2016.0,12,Bobby Rainey,0.0,0.0,Browns,0.0,0.0,0.0,0.0,0.0,0.0,3.4,RB,0.0,0.0,26.6,3.4,0.0,3.2,0.0,11.6,0.6
2551,2016.0,14,Bobby Rainey,0.0,0.16666666666666666,Cowboys,0.0,0.0,0.0,0.0,0.0,0.0,2.6666666666666665,RB,0.0,0.0,22.166666666666668,2.8333333333333335,0.0,2.6666666666666665,0.0,9.666666666666666,0.6666666666666666
2717,2016.0,16,Bobby Rainey,0.0,0.14285714285714285,Eagles,0.0,0.0,0.0,0.0,0.0,0.0,2.2857142857142856,RB,0.0,0.0,19.571428571428573,2.5714285714285716,0.0,2.4285714285714284,0.0,9.0,0.5714285714285714
2808,2016.0,17,Bobby Rainey,0.0,0.125,Redskins,0.0,0.0,0.0,0.0,0.0,0.0,2.125,RB,0.0,0.0,18.75,2.375,0.0,2.125,0.0,7.875,0.625
