,Year,Week,Name,Fumble TD,Fumbles Lost,Opponent,Pass 2PT,Pass Attempts,Pass Completions,Pass Interceptions,Pass TD,Pass Yards,Points,Position,Receiving 2PT,Receiving TD,Receiving Yards,Receptions,Rush 2PT,Rush Attempts,Rush TD,Rush Yards,Away Games
3439,2010.0,13,John Skelton,0.0,0.0,Rams,0.0,6.0,3.0,0.0,0.0,45.0,1.0,QB,0.0,0.0,0.0,0.0,0.0,0.0,0.0,0.0,0.0
3469,2010.0,14,John Skelton,0.0,0.0,Broncos,0.0,6.0,3.0,0.0,0.0,45.0,1.0,QB,0.0,0.0,0.0,0.0,0.0,0.0,0.0,0.0,0.0
3512,2010.0,15,John Skelton,0.0,0.0,Panthers,0.0,21.5,9.0,0.0,0.0,95.5,3.0,QB,0.0,0.0,0.0,0.0,0.0,1.5,0.0,4.5,0.0
3536,2010.0,16,John Skelton,0.0,0.3333333333333333,Cowboys,0.0,25.333333333333332,11.666666666666666,0.3333333333333333,0.0,129.0,3.6666666666666665,QB,0.0,0.0,0.0,0.0,0.0,1.6666666666666667,0.0,6.333333333333333,0.3333333333333333
3581,2010.0,17,John Skelton,0.0,0.25,49ers,0.0,25.25,11.5,0.25,0.25,142.5,6.5,QB,0.0,0.0,0.0,0.0,0.0,2.0,0.0,10.0,0.25
