,Year,Week,Name,Fumble TD,Fumbles Lost,Opponent_x,Pass 2PT,Pass Attempts,Pass Completions,Pass Interceptions,Pass TD,Pass Yards,Points_x,Position_x,Receiving 2PT,Receiving TD,Receiving Yards,Receptions,Rush 2PT,Rush Attempts,Rush TD,Rush Yards,Away Games_x,Team,Blocks,Fumble Returns,Interception,Opponent_y,Pass Yards Allowed,Point After,Points_y,Position_y,Rush Yards Allowed,Sack,Safety,Total Yards,Touchdowns,Away Games_y
0,2010.0,13,John Skelton,0.0,0.0,Rams,0.0,6.0,3.0,0.0,0.0,45.0,1.0,QB,0.0,0.0,0.0,0.0,0.0,0.0,0.0,0.0,0.0,Rams,0.18181818181818185,0.8181818181818182,0.7272727272727273,Cardinals,239.54545454545453,21.0,9.727272727272727,DST,103.36363636363636,2.8181818181818183,0.0,342.90909090909093,0.0,0.4545454545454545
1,2010.0,14,John Skelton,0.0,0.0,Broncos,0.0,6.0,3.0,0.0,0.0,45.0,1.0,QB,0.0,0.0,0.0,0.0,0.0,0.0,0.0,0.0,0.0,Broncos,0.0,0.5,0.5,Cardinals,233.58333333333331,27.75,5.583333333333332,DST,145.25,1.5,0.0,378.83333333333326,0.08333333333333333,0.5
2,2010.0,15,John Skelton,0.0,0.0,Panthers,0.0,21.5,9.0,0.0,0.0,95.5,3.0,QB,0.0,0.0,0.0,0.0,0.0,1.5,0.0,4.5,0.0,Panthers,0.07692307692307693,0.6153846153846154,1.2307692307692308,Cardinals,205.53846153846158,26.0,8.0,DST,132.61538461538458,1.8461538461538465,0.07692307692307693,338.15384615384613,0.07692307692307693,0.4615384615384616
3,2010.0,16,John Skelton,0.0,0.3333333333333333,Cowboys,0.0,25.33333333333333,11.666666666666664,0.3333333333333333,0.0,129.0,3.6666666666666665,QB,0.0,0.0,0.0,0.0,0.0,1.6666666666666667,0.0,6.333333333333332,0.3333333333333333,Cowboys,0.07142857142857142,0.6428571428571429,1.2142857142857142,Cardinals,256.64285714285717,28.285714285714285,10.214285714285714,DST,108.57142857142857,2.071428571428572,0.0,365.21428571428567,0.42857142857142855,0.42857142857142855
4,2010.0,17,John Skelton,0.0,0.25,49ers,0.0,25.25,11.5,0.25,0.25,142.5,6.5,QB,0.0,0.0,0.0,0.0,0.0,2.0,0.0,10.0,0.25,49ers,0.06666666666666668,0.4666666666666667,0.8666666666666667,Cardinals,233.06666666666663,22.6,8.733333333333333,DST,97.93333333333334,2.0,0.0,331.0,0.26666666666666666,0.5333333333333333
