,Year,Week,Name,Fumble TD,Fumbles Lost,Opponent,Pass 2PT,Pass Attempts,Pass Completions,Pass Interceptions,Pass TD,Pass Yards,Points,Position,Receiving 2PT,Receiving TD,Receiving Yards,Receptions,Rush 2PT,Rush Attempts,Rush TD,Rush Yards,Away Games
4994,2011.0,1,Craig Stevens,0.0,0.0,Jaguars,0.0,0.0,0.0,0.0,0.0,0.0,0.0,TE,0.0,0.0,2.0,1.0,0.0,0.0,0.0,0.0,1.0
5033,2011.0,2,Craig Stevens,0.0,0.0,Ravens,0.0,0.0,0.0,0.0,0.0,0.0,0.0,TE,0.0,0.0,2.0,1.0,0.0,0.0,0.0,0.0,1.0
5066,2011.0,3,Craig Stevens,0.0,0.0,Broncos,0.0,0.0,0.0,0.0,0.0,0.0,0.0,TE,0.0,0.0,1.5,1.0,0.0,0.0,0.0,0.0,0.5
5111,2011.0,4,Craig Stevens,0.0,0.0,Browns,0.0,0.0,0.0,0.0,0.0,0.0,1.6666666666666667,TE,0.0,0.0,20.333333333333332,1.0,0.0,0.0,0.0,0.0,0.3333333333333333
5274,2011.0,7,Craig Stevens,0.0,0.0,Texans,0.0,0.0,0.0,0.0,0.0,0.0,3.0,TE,0.0,0.25,18.25,1.0,0.0,0.0,0.0,0.0,0.5
5358,2011.0,9,Craig Stevens,0.0,0.0,Bengals,0.0,0.0,0.0,0.0,0.0,0.0,2.6,TE,0.0,0.2,16.8,1.0,0.0,0.0,0.0,0.0,0.4
5608,2011.0,14,Craig Stevens,0.0,0.0,Saints,0.0,0.0,0.0,0.0,0.0,0.0,2.5,TE,0.0,0.16666666666666666,18.166666666666668,1.0,0.0,0.0,0.0,0.0,0.3333333333333333
5677,2011.0,15,Craig Stevens,0.0,0.0,Colts,0.0,0.0,0.0,0.0,0.0,0.0,2.5714285714285716,TE,0.0,0.14285714285714285,20.0,1.0,0.0,0.0,0.0,0.0,0.2857142857142857
5719,2011.0,16,Craig Stevens,0.0,0.0,Jaguars,0.0,0.0,0.0,0.0,0.0,0.0,2.25,TE,0.0,0.125,18.625,1.0,0.0,0.0,0.0,0.0,0.375
