,Year,Week,Name,Fumble TD,Fumbles Lost,Opponent_x,Pass 2PT,Pass Attempts,Pass Completions,Pass Interceptions,Pass TD,Pass Yards,Points_x,Position_x,Receiving 2PT,Receiving TD,Receiving Yards,Receptions,Rush 2PT,Rush Attempts,Rush TD,Rush Yards,Away Games_x,Team,Blocks,Fumble Returns,Interception,Opponent_y,Pass Yards Allowed,Point After,Points_y,Position_y,Rush Yards Allowed,Sack,Safety,Total Yards,Touchdowns,Away Games_y
0,2010.0,17,Chase Coffman,0.0,0.0,Ravens,0.0,0.0,0.0,0.0,0.0,0.0,3.0,TE,0.0,0.0,30.0,3.0,0.0,0.0,0.0,0.0,1.0,Ravens,0.0,0.3333333333333333,1.1333333333333333,Bengals,219.6,17.533333333333335,10.4,DST,94.2,1.8,0.0,313.8,0.26666666666666666,0.5333333333333333
1,2012.0,14,Chase Coffman,0.0,0.0,Panthers,0.0,0.0,0.0,0.0,0.0,0.0,1.0,TE,0.0,0.0,12.0,1.0,0.0,0.0,0.0,0.0,1.0,Panthers,0.0,0.8333333333333334,0.6666666666666666,Falcons,218.91666666666663,24.33333333333333,9.5,DST,128.83333333333334,2.333333333333333,0.08333333333333333,347.75,0.3333333333333333,0.5
2,2014.0,5,Chase Coffman,0.0,0.0,Browns,0.0,0.0,0.0,0.0,0.0,0.0,1.0,TE,0.0,0.0,18.0,2.0,0.0,0.0,0.0,0.0,0.0,Browns,0.0,0.3333333333333333,1.0,Titans,272.0,25.66666666666667,7.0,DST,153.66666666666666,1.6666666666666667,0.0,425.66666666666674,0.3333333333333333,0.3333333333333333
3,2014.0,11,Chase Coffman,0.0,0.0,Steelers,0.0,0.0,0.0,0.0,0.0,0.0,1.0,TE,0.0,0.0,18.0,2.0,0.0,0.0,0.0,0.0,0.0,Steelers,0.0,0.6,0.7,Titans,239.5,23.9,8.6,DST,107.5,2.0,0.1,347.0,0.3,0.5
4,2014.0,16,Chase Coffman,0.0,0.0,Jaguars,0.0,0.0,0.0,0.0,0.0,0.0,5.0,TE,0.0,0.5,25.0,2.5,0.0,0.0,0.0,0.0,0.0,Jaguars,0.0,0.9285714285714286,0.35714285714285715,Titans,243.0,26.857142857142854,8.142857142857142,DST,129.64285714285714,2.7142857142857144,0.07142857142857142,372.6428571428572,0.14285714285714285,0.5
5,2015.0,2,Chase Coffman,0.0,0.0,Browns,0.0,0.0,0.0,0.0,0.0,0.0,4.0,TE,0.0,0.0,42.0,4.0,0.0,0.0,0.0,0.0,1.0,Browns,0.0,0.0,1.0,Titans,179.0,31.0,2.0,DST,154.0,0.0,0.0,333.0,0.0,1.0
6,2015.0,17,Chase Coffman,0.0,0.0,Cardinals,0.0,0.0,0.0,0.0,0.0,0.0,4.0,TE,0.0,0.0,42.0,4.0,0.0,0.0,0.0,0.0,1.0,Cardinals,0.0,0.9333333333333332,1.2666666666666666,Seahawks,231.86666666666667,18.466666666666665,13.666666666666664,DST,87.66666666666669,2.333333333333333,0.13333333333333333,319.53333333333336,0.4666666666666667,0.5333333333333333
