,Year,Week,Name,Fumble TD,Fumbles Lost,Opponent,Pass 2PT,Pass Attempts,Pass Completions,Pass Interceptions,Pass TD,Pass Yards,Points,Position,Receiving 2PT,Receiving TD,Receiving Yards,Receptions,Rush 2PT,Rush Attempts,Rush TD,Rush Yards,Away Games
7153,2015.0,1,Stevie Johnson,0.0,0.0,Lions,0.0,0.0,0.0,0.0,0.0,0.0,14.0,WR,0.0,1.0,82.0,6.0,0.0,0.0,0.0,0.0,0.0
7294,2015.0,2,Stevie Johnson,0.0,0.0,Bengals,0.0,0.0,0.0,0.0,0.0,0.0,14.0,WR,0.0,1.0,82.0,6.0,0.0,0.0,0.0,0.0,0.0
7432,2015.0,3,Stevie Johnson,0.0,0.0,Min,0.0,0.0,0.0,0.0,0.0,0.0,12.0,WR,0.0,1.0,63.5,5.5,0.0,0.0,0.0,0.0,0.5
7549,2015.0,4,Stevie Johnson,0.0,0.0,Browns,0.0,0.0,0.0,0.0,0.0,0.0,9.333333333333334,WR,0.0,0.6666666666666666,57.666666666666664,4.666666666666667,0.0,0.0,0.0,0.0,0.6666666666666666
7827,2015.0,7,Stevie Johnson,0.0,0.0,Raiders,0.0,0.0,0.0,0.0,0.0,0.0,7.75,WR,0.0,0.5,51.25,4.5,0.0,0.0,0.0,0.0,0.5
7953,2015.0,8,Stevie Johnson,0.0,0.0,Ravens,0.0,0.0,0.0,0.0,0.0,0.0,7.2,WR,0.0,0.4,51.0,4.4,0.0,0.0,0.0,0.0,0.4
8033,2015.0,9,Stevie Johnson,0.0,0.0,Bears,0.0,0.0,0.0,0.0,0.0,0.0,6.333333333333333,WR,0.0,0.3333333333333333,47.166666666666664,4.0,0.0,0.0,0.0,0.0,0.5
8227,2015.0,11,Stevie Johnson,0.0,0.0,Chiefs,0.0,0.0,0.0,0.0,0.0,0.0,6.285714285714286,WR,0.0,0.2857142857142857,50.142857142857146,4.428571428571429,0.0,0.0,0.0,0.0,0.42857142857142855
8294,2015.0,12,Stevie Johnson,0.0,0.0,Jaguars,0.0,0.0,0.0,0.0,0.0,0.0,6.125,WR,0.0,0.25,50.625,4.75,0.0,0.0,0.0,0.0,0.375
