,Year,Week,Name,Fumble TD,Fumbles Lost,Opponent_x,Pass 2PT,Pass Attempts,Pass Completions,Pass Interceptions,Pass TD,Pass Yards,Points_x,Position_x,Receiving 2PT,Receiving TD,Receiving Yards,Receptions,Rush 2PT,Rush Attempts,Rush TD,Rush Yards,Away Games_x,Team,Blocks,Fumble Returns,Interception,Opponent_y,Pass Yards Allowed,Point After,Points_y,Position_y,Rush Yards Allowed,Sack,Safety,Total Yards,Touchdowns,Away Games_y
0,2013.0,4,Dane Sanzenbacher,0.0,0.0,Browns,0.0,0.0,0.0,0.0,0.0,0.0,0.0,WR,0.0,0.0,6.0,1.0,0.0,0.0,0.0,0.0,1.0,Browns,0.0,1.0,0.6666666666666666,Bengals,215.66666666666663,21.33333333333333,9.333333333333334,DST,84.33333333333333,4.0,0.0,300.0,0.0,0.6666666666666666
1,2013.0,6,Dane Sanzenbacher,0.0,0.0,Bills,0.0,0.0,0.0,0.0,0.0,0.0,0.0,WR,0.0,0.0,6.0,1.0,0.0,0.0,0.0,0.0,1.0,Bills,0.0,0.4,1.8,Bengals,261.4,26.0,10.6,DST,116.0,3.6,0.0,377.4,0.2,0.4
2,2013.0,7,Dane Sanzenbacher,0.0,0.0,Lions,0.0,0.0,0.0,0.0,0.0,0.0,1.0,WR,0.0,0.0,14.5,1.0,0.0,0.0,0.0,0.0,1.0,Lions,0.0,0.5,1.6666666666666667,Bengals,268.3333333333333,23.33333333333333,10.166666666666666,DST,124.83333333333331,2.0,0.0,393.16666666666674,0.3333333333333333,0.6666666666666666
3,2013.0,8,Dane Sanzenbacher,0.0,0.0,Jets,0.0,0.0,0.0,0.0,0.0,0.0,0.6666666666666666,WR,0.0,0.0,12.0,1.0,0.0,0.0,0.0,0.0,1.0,Jets,0.0,0.2857142857142857,0.2857142857142857,Bengals,224.85714285714286,23.142857142857146,8.571428571428571,DST,77.71428571428571,3.4285714285714284,0.14285714285714285,302.57142857142856,0.14285714285714285,0.42857142857142855
4,2013.0,17,Dane Sanzenbacher,0.0,0.0,Ravens,0.0,0.0,0.0,0.0,0.0,0.0,0.75,WR,0.0,0.0,13.5,1.25,0.0,0.0,0.0,0.0,0.75,Ravens,0.0,0.4666666666666667,0.8,Bengals,226.66666666666663,21.2,9.866666666666667,DST,105.06666666666666,2.6666666666666665,0.0,331.73333333333335,0.2,0.4666666666666667
