,Year,Week,Name,Fumble TD,Fumbles Lost,Opponent_x,Pass 2PT,Pass Attempts,Pass Completions,Pass Interceptions,Pass TD,Pass Yards,Points_x,Position_x,Receiving 2PT,Receiving TD,Receiving Yards,Receptions,Rush 2PT,Rush Attempts,Rush TD,Rush Yards,Away Games_x,Team,Blocks,Fumble Returns,Interception,Opponent_y,Pass Yards Allowed,Point After,Points_y,Position_y,Rush Yards Allowed,Sack,Safety,Total Yards,Touchdowns,Away Games_y
0,2014.0,1,Chris Owusu,0.0,0.0,Panthers,0.0,0.0,0.0,0.0,0.0,0.0,8.0,WR,0.0,1.0,20.0,2.0,0.0,0.0,0.0,0.0,0.0,Panthers,0.0,1.0,2.0,Buccaneers,162.0,14.0,13.0,DST,102.0,3.0,0.0,264.0,0.0,1.0
1,2014.0,8,Chris Owusu,0.0,0.0,Bills,0.0,0.0,0.0,0.0,0.0,0.0,8.0,WR,0.0,1.0,20.0,2.0,0.0,0.0,0.0,0.0,0.0,Bills,0.14285714285714285,0.5714285714285714,1.1428571428571428,Jets,247.57142857142856,20.285714285714285,11.0,DST,80.42857142857143,3.4285714285714284,0.0,328.0,0.14285714285714285,0.42857142857142855
2,2014.0,15,Chris Owusu,0.0,0.0,Titans,0.0,0.0,0.0,0.0,0.0,0.0,2.6666666666666665,WR,0.0,0.3333333333333333,11.333333333333336,1.3333333333333333,0.0,0.0,0.0,0.0,0.3333333333333333,Titans,0.15384615384615385,0.3076923076923077,0.9230769230769232,Jets,245.0,28.76923076923077,7.461538461538463,DST,141.53846153846158,2.3846153846153846,0.0,386.5384615384616,0.15384615384615385,0.5384615384615384
3,2014.0,17,Chris Owusu,0.0,0.0,Dolphins,0.0,0.0,0.0,0.0,0.0,0.0,2.0,WR,0.0,0.25,10.5,1.25,0.0,0.0,0.0,0.0,0.5,Dolphins,0.3333333333333333,0.6666666666666666,0.9333333333333332,Jets,211.13333333333333,22.4,11.2,DST,122.2,2.533333333333333,0.2,333.3333333333333,0.2,0.5333333333333333
