,Year,Week,Name,Fumble TD,Fumbles Lost,Opponent_x,Pass 2PT,Pass Attempts,Pass Completions,Pass Interceptions,Pass TD,Pass Yards,Points_x,Position_x,Receiving 2PT,Receiving TD,Receiving Yards,Receptions,Rush 2PT,Rush Attempts,Rush TD,Rush Yards,Away Games_x,Team,Blocks,Fumble Returns,Interception,Opponent_y,Pass Yards Allowed,Point After,Points_y,Position_y,Rush Yards Allowed,Sack,Safety,Total Yards,Touchdowns,Away Games_y
0,2015.0,1,Ryan Mallett,0.0,0.0,Chiefs,1.0,13.0,8.0,0.0,1.0,98.0,11.0,QB,0.0,0.0,0.0,0.0,0.0,1.0,0.0,6.0,0.0,Chiefs,0.0,1.0,1.0,Texans,298.0,20.0,13.0,DST,98.0,5.0,0.0,396.0,0.0,1.0
1,2015.0,2,Ryan Mallett,0.0,0.0,Panthers,1.0,13.0,8.0,0.0,1.0,98.0,11.0,QB,0.0,0.0,0.0,0.0,0.0,1.0,0.0,6.0,0.0,Panthers,0.0,1.0,2.0,Texans,169.0,9.0,24.0,DST,96.0,5.0,0.0,265.0,1.0,1.0
2,2015.0,3,Ryan Mallett,0.0,0.0,Buccaneers,0.5,35.5,17.5,0.5,1.0,171.0,15.0,QB,0.0,0.0,0.0,0.0,0.0,1.0,0.5,6.0,0.5,Buccaneers,0.5,1.5,0.5,Texans,202.0,30.5,10.0,DST,114.0,3.0,0.0,316.0,0.0,0.5
3,2015.0,4,Ryan Mallett,0.0,0.0,Falcons,0.3333333333333333,36.66666666666666,19.666666666666668,0.6666666666666666,1.0,190.0,14.333333333333336,QB,0.0,0.0,0.0,0.0,0.0,1.0,0.3333333333333333,3.6666666666666665,0.3333333333333333,Falcons,0.0,0.3333333333333333,1.0,Texans,282.3333333333333,24.0,5.666666666666668,DST,95.66666666666669,1.3333333333333333,0.0,378.0,0.0,0.6666666666666666
4,2015.0,5,Ryan Mallett,0.0,0.0,Colts,0.25,34.25,17.75,0.75,0.75,180.0,11.75,QB,0.0,0.0,0.0,0.0,0.0,0.75,0.25,2.75,0.5,Colts,0.0,0.0,0.75,Texans,268.0,23.25,7.25,DST,119.5,1.25,0.0,387.5,0.25,0.5
5,2015.0,16,Ryan Mallett,0.0,0.0,Steelers,0.2,29.4,15.6,0.8,0.6,154.0,9.4,QB,0.0,0.0,0.0,0.0,0.0,0.8,0.2,2.2,0.4,Steelers,0.14285714285714285,0.7857142857142857,1.0714285714285714,Ravens,279.14285714285717,20.5,11.714285714285715,DST,89.42857142857143,2.8571428571428568,0.0,368.57142857142856,0.21428571428571427,0.42857142857142855
6,2015.0,17,Ryan Mallett,0.0,0.0,Bengals,0.16666666666666666,31.33333333333333,17.666666666666668,0.6666666666666666,0.6666666666666666,174.0,10.5,QB,0.0,0.0,0.0,0.0,0.0,0.6666666666666666,0.16666666666666666,1.8333333333333333,0.3333333333333333,Bengals,0.13333333333333333,0.4666666666666667,1.2666666666666666,Ravens,246.26666666666668,17.533333333333335,10.933333333333335,DST,94.53333333333332,2.7333333333333334,0.0,340.8,0.06666666666666668,0.5333333333333333
