,Year,Week,Name,Fumble TD,Fumbles Lost,Opponent,Pass 2PT,Pass Attempts,Pass Completions,Pass Interceptions,Pass TD,Pass Yards,Points,Position,Receiving 2PT,Receiving TD,Receiving Yards,Receptions,Rush 2PT,Rush Attempts,Rush TD,Rush Yards,Away Games
8722,2012.0,2,Armando Allen,0.0,0.0,Packers,0.0,0.0,0.0,0.0,0.0,0.0,0.0,RB,0.0,0.0,0.0,0.0,0.0,1.0,0.0,-3.0,1.0
8813,2012.0,3,Armando Allen,0.0,0.0,Rams,0.0,0.0,0.0,0.0,0.0,0.0,0.0,RB,0.0,0.0,0.0,0.0,0.0,1.0,0.0,-3.0,1.0
8917,2012.0,5,Armando Allen,0.0,0.0,Jaguars,0.0,0.0,0.0,0.0,0.0,0.0,0.0,RB,0.0,0.0,0.0,0.0,0.0,1.0,0.0,-0.5,0.5
9257,2012.0,9,Armando Allen,0.0,0.0,Titans,0.0,0.0,0.0,0.0,0.0,0.0,3.6666666666666665,RB,0.0,0.0,0.0,0.0,0.0,2.3333333333333335,0.3333333333333333,19.333333333333332,0.6666666666666666
9452,2012.0,11,Armando Allen,0.0,0.0,49ers,0.0,0.0,0.0,0.0,0.0,0.0,3.5,RB,0.0,0.0,0.0,0.0,0.0,4.25,0.25,22.5,0.75
9536,2012.0,12,Armando Allen,0.0,0.0,Min,0.0,0.0,0.0,0.0,0.0,0.0,2.8,RB,0.0,0.0,0.0,0.0,0.0,3.6,0.2,18.0,0.8
9712,2012.0,14,Armando Allen,0.0,0.0,Min,0.0,0.0,0.0,0.0,0.0,0.0,2.3333333333333335,RB,0.0,0.0,0.0,0.0,0.0,3.1666666666666665,0.16666666666666666,15.333333333333334,0.6666666666666666
9787,2012.0,15,Armando Allen,0.0,0.0,Packers,0.0,0.0,0.0,0.0,0.0,0.0,2.0,RB,0.0,0.0,0.0,0.0,0.0,2.857142857142857,0.14285714285714285,13.571428571428571,0.7142857142857143
9862,2012.0,16,Armando Allen,0.0,0.0,Cardinals,0.0,0.0,0.0,0.0,0.0,0.0,1.875,RB,0.0,0.0,1.875,0.125,0.0,2.75,0.125,12.5,0.625
