,Year,Week,Name,Fumble TD,Fumbles Lost,Opponent_x,Pass 2PT,Pass Attempts,Pass Completions,Pass Interceptions,Pass TD,Pass Yards,Points_x,Position_x,Receiving 2PT,Receiving TD,Receiving Yards,Receptions,Rush 2PT,Rush Attempts,Rush TD,Rush Yards,Away Games_x,Team,Blocks,Fumble Returns,Interception,Opponent_y,Pass Yards Allowed,Point After,Points_y,Position_y,Rush Yards Allowed,Sack,Safety,Total Yards,Touchdowns,Away Games_y
0,2015.0,14,Deonte Thompson,0.0,0.0,Redskins,0.0,0.0,0.0,0.0,0.0,0.0,3.0,WR,0.0,0.0,36.0,1.0,0.0,0.0,0.0,0.0,0.0,Redskins,0.08333333333333333,0.9166666666666666,0.75,Bears,238.41666666666663,23.83333333333333,9.833333333333334,DST,124.16666666666669,1.75,0.08333333333333333,362.58333333333326,0.3333333333333333,0.4166666666666667
1,2015.0,17,Deonte Thompson,0.0,0.0,Lions,0.0,0.0,0.0,0.0,0.0,0.0,3.0,WR,0.0,0.0,36.0,1.0,0.0,0.0,0.0,0.0,0.0,Lions,0.0,0.6,0.4,Bears,237.0,25.33333333333333,7.666666666666668,DST,113.13333333333334,2.533333333333333,0.13333333333333333,350.13333333333327,0.13333333333333333,0.4666666666666667
