,Year,Week,Name,Fumble TD,Fumbles Lost,Opponent_x,Pass 2PT,Pass Attempts,Pass Completions,Pass Interceptions,Pass TD,Pass Yards,Points_x,Position_x,Receiving 2PT,Receiving TD,Receiving Yards,Receptions,Rush 2PT,Rush Attempts,Rush TD,Rush Yards,Away Games_x,Team,Blocks,Fumble Returns,Interception,Opponent_y,Pass Yards Allowed,Point After,Points_y,Position_y,Rush Yards Allowed,Sack,Safety,Total Yards,Touchdowns,Away Games_y
0,2012.0,4,Phillip Tanner,0.0,0.0,Bears,0.0,0.0,0.0,0.0,0.0,0.0,2.0,RB,0.0,0.0,20.0,2.0,0.0,0.0,0.0,0.0,0.0,Bears,0.0,1.0,2.0,Cowboys,203.0,16.666666666666668,16.666666666666668,DST,76.0,4.666666666666667,0.0,279.0,0.3333333333333333,0.3333333333333333
1,2012.0,6,Phillip Tanner,0.0,0.0,Ravens,0.0,0.0,0.0,0.0,0.0,0.0,2.0,RB,0.0,0.0,20.0,2.0,0.0,0.0,0.0,0.0,0.0,Ravens,0.0,1.2,1.2,Cowboys,261.4,17.8,13.4,DST,118.4,1.8,0.0,379.8,0.4,0.4
2,2012.0,7,Phillip Tanner,0.0,0.0,Panthers,0.0,0.0,0.0,0.0,0.0,0.0,2.5,RB,0.0,0.0,10.0,1.0,0.0,4.5,0.0,15.5,0.5,Panthers,0.0,0.2,1.0,Cowboys,249.6,25.0,9.8,DST,127.4,2.8,0.2,377.0,0.4,0.4
3,2012.0,8,Phillip Tanner,0.0,0.0,Giants,0.0,0.0,0.0,0.0,0.0,0.0,2.6666666666666665,RB,0.0,0.0,9.333333333333334,1.0,0.0,7.333333333333332,0.0,20.33333333333333,0.6666666666666666,Giants,0.0,0.8571428571428571,1.7142857142857142,Cowboys,253.28571428571428,19.571428571428573,11.0,DST,126.42857142857143,2.4285714285714284,0.0,379.71428571428567,0.0,0.42857142857142855
4,2012.0,9,Phillip Tanner,0.0,0.0,Falcons,0.0,0.0,0.0,0.0,0.0,0.0,2.25,RB,0.0,0.0,10.25,1.0,0.0,6.0,0.0,15.25,0.5,Falcons,0.0,1.0,1.4285714285714286,Cowboys,216.85714285714286,18.571428571428573,11.857142857142858,DST,136.42857142857142,2.7142857142857144,0.0,353.28571428571433,0.14285714285714285,0.5714285714285714
