,Year,Week,Name,Fumble TD,Fumbles Lost,Opponent,Pass 2PT,Pass Attempts,Pass Completions,Pass Interceptions,Pass TD,Pass Yards,Points,Position,Receiving 2PT,Receiving TD,Receiving Yards,Receptions,Rush 2PT,Rush Attempts,Rush TD,Rush Yards,Away Games
4532,2015.0,3,Roy Helu,0.0,0.0,Browns,0.0,0.0,0.0,0.0,0.0,0.0,1.0,RB,0.0,0.0,12.0,1.0,0.0,0.0,0.0,0.0,1.0
4579,2015.0,4,Roy Helu,0.0,0.0,Bears,0.0,0.0,0.0,0.0,0.0,0.0,1.0,RB,0.0,0.0,12.0,1.0,0.0,0.0,0.0,0.0,1.0
4701,2015.0,5,Roy Helu,0.0,0.0,Broncos,0.0,0.0,0.0,0.0,0.0,0.0,5.0,RB,0.0,0.5,12.5,1.5,0.0,2.5,0.0,11.0,1.0
4871,2015.0,7,Roy Helu,0.0,0.0,Chargers,0.0,0.0,0.0,0.0,0.0,0.0,3.6666666666666665,RB,0.0,0.3333333333333333,12.333333333333334,2.0,0.0,2.6666666666666665,0.0,9.333333333333334,0.6666666666666666
5253,2015.0,12,Roy Helu,0.0,0.0,Titans,0.0,0.0,0.0,0.0,0.0,0.0,2.75,RB,0.0,0.25,9.25,1.5,0.0,3.0,0.0,7.75,0.75
5334,2015.0,13,Roy Helu,0.0,0.0,Chiefs,0.0,0.0,0.0,0.0,0.0,0.0,2.2,RB,0.0,0.2,7.4,1.2,0.0,2.8,0.0,6.8,0.8
5677,2015.0,17,Roy Helu,0.0,0.0,Chiefs,0.0,0.0,0.0,0.0,0.0,0.0,2.0,RB,0.0,0.16666666666666666,8.666666666666666,1.1666666666666667,0.0,2.3333333333333335,0.0,5.666666666666667,0.6666666666666666
