,Year,Week,Name,Fumble TD,Fumbles Lost,Opponent_x,Pass 2PT,Pass Attempts,Pass Completions,Pass Interceptions,Pass TD,Pass Yards,Points_x,Position_x,Receiving 2PT,Receiving TD,Receiving Yards,Receptions,Rush 2PT,Rush Attempts,Rush TD,Rush Yards,Away Games_x,Team,Blocks,Fumble Returns,Interception,Opponent_y,Pass Yards Allowed,Point After,Points_y,Position_y,Rush Yards Allowed,Sack,Safety,Total Yards,Touchdowns,Away Games_y
0,2012.0,14,Richard Murphy,0.0,0.0,Jets,0.0,0.0,0.0,0.0,0.0,0.0,1.0,RB,0.0,0.0,0.0,0.0,0.0,4.0,0.0,19.0,0.0,Jets,0.0,0.9166666666666666,0.75,Jaguars,198.33333333333331,24.66666666666667,10.083333333333334,DST,137.66666666666666,1.5833333333333333,0.08333333333333333,336.0,0.4166666666666667,0.4166666666666667
1,2012.0,15,Richard Murphy,0.0,0.0,Dolphins,0.0,0.0,0.0,0.0,0.0,0.0,1.0,RB,0.0,0.0,0.0,0.0,0.0,4.0,0.0,19.0,0.0,Dolphins,0.2307692307692308,0.2307692307692308,0.6923076923076923,Jaguars,250.61538461538458,21.23076923076923,9.23076923076923,DST,102.07692307692308,2.8461538461538463,0.0,352.6923076923077,0.2307692307692308,0.5384615384615384
2,2012.0,16,Richard Murphy,0.0,0.0,Patriots,0.0,0.0,0.0,0.0,0.0,0.0,1.5,RB,0.0,0.0,0.0,0.0,0.0,5.0,0.0,19.5,0.5,Patriots,0.0,1.4285714285714286,1.1428571428571428,Jaguars,270.7142857142857,22.5,13.214285714285715,DST,106.42857142857143,2.071428571428572,0.07142857142857142,377.1428571428572,0.5714285714285714,0.5
3,2012.0,17,Richard Murphy,0.0,0.0,Titans,0.0,0.0,0.0,0.0,0.0,0.0,1.6666666666666667,RB,0.0,0.0,0.0,0.0,0.0,6.666666666666668,0.0,22.66666666666667,0.3333333333333333,Titans,0.13333333333333333,0.3333333333333333,1.0666666666666669,Jaguars,247.4,30.066666666666666,9.0,DST,127.53333333333332,2.1333333333333333,0.06666666666666668,374.9333333333333,0.3333333333333333,0.5333333333333333
