,Year,Week,Name,Fumble TD,Fumbles Lost,Opponent_x,Pass 2PT,Pass Attempts,Pass Completions,Pass Interceptions,Pass TD,Pass Yards,Points_x,Position_x,Receiving 2PT,Receiving TD,Receiving Yards,Receptions,Rush 2PT,Rush Attempts,Rush TD,Rush Yards,Away Games_x,Team,Blocks,Fumble Returns,Interception,Opponent_y,Pass Yards Allowed,Point After,Points_y,Position_y,Rush Yards Allowed,Sack,Safety,Total Yards,Touchdowns,Away Games_y
0,2010.0,4,Tyler Thigpen,0.0,0.0,Patriots,0.0,6.0,2.0,1.0,0.0,15.0,-1.0,QB,0.0,0.0,0.0,0.0,0.0,1.0,0.0,12.0,0.0,Patriots,0.0,0.3333333333333333,1.0,Dolphins,260.3333333333333,27.33333333333333,8.666666666666666,DST,119.0,1.6666666666666667,0.0,379.33333333333326,0.6666666666666666,0.3333333333333333
1,2010.0,10,Tyler Thigpen,0.0,0.0,Titans,0.0,6.0,2.0,1.0,0.0,15.0,-1.0,QB,0.0,0.0,0.0,0.0,0.0,1.0,0.0,12.0,0.0,Titans,0.125,0.75,1.625,Dolphins,239.125,18.75,14.5,DST,105.0,3.25,0.25,344.125,0.25,0.5
2,2010.0,11,Tyler Thigpen,0.0,0.0,Bears,0.0,6.0,3.0,0.5,0.5,39.5,3.5,QB,0.0,0.0,0.0,0.0,0.0,1.5,0.0,8.5,0.0,Bears,0.2222222222222222,1.1111111111111112,1.5555555555555556,Dolphins,219.55555555555557,16.22222222222222,13.888888888888891,DST,82.33333333333333,1.4444444444444444,0.0,301.8888888888889,0.3333333333333333,0.4444444444444444
3,2010.0,12,Tyler Thigpen,0.0,0.0,Raiders,0.0,13.666666666666664,7.666666666666668,0.6666666666666666,0.3333333333333333,88.66666666666669,4.666666666666667,QB,0.0,0.0,0.0,0.0,0.0,3.0,0.0,14.666666666666664,0.0,Raiders,0.2,1.0,0.5,Dolphins,193.2,22.3,11.7,DST,128.5,2.9,0.1,321.7,0.4,0.5
4,2010.0,17,Tyler Thigpen,0.0,0.0,Patriots,0.0,10.25,5.75,0.5,0.25,66.5,3.5,QB,0.0,0.0,0.0,0.0,0.0,2.5,0.0,13.0,0.25,Patriots,0.13333333333333333,0.8,1.6,Dolphins,262.0,20.4,13.466666666666667,DST,112.26666666666668,2.066666666666667,0.0,374.26666666666665,0.5333333333333333,0.5333333333333333
