,Year,Week,Name,Fumble TD,Fumbles Lost,Opponent_x,Pass 2PT,Pass Attempts,Pass Completions,Pass Interceptions,Pass TD,Pass Yards,Points_x,Position_x,Receiving 2PT,Receiving TD,Receiving Yards,Receptions,Rush 2PT,Rush Attempts,Rush TD,Rush Yards,Away Games_x,Team,Blocks,Fumble Returns,Interception,Opponent_y,Pass Yards Allowed,Point After,Points_y,Position_y,Rush Yards Allowed,Sack,Safety,Total Yards,Touchdowns,Away Games_y
0,2010.0,17,Rashied Davis,0.0,0.0,Packers,0.0,0.0,0.0,0.0,0.0,0.0,3.5,WR,0.0,0.5,10.5,1.0,0.0,0.0,0.0,0.0,0.5,Packers,0.0,0.5333333333333333,1.4666666666666666,Bears,199.33333333333331,15.8,12.866666666666667,DST,115.2,2.7333333333333334,0.0,314.53333333333336,0.26666666666666666,0.5333333333333333
1,2011.0,1,Rashied Davis,0.0,0.0,Buccaneers,0.0,0.0,0.0,0.0,0.0,0.0,1.0,WR,0.0,0.0,14.0,1.0,0.0,0.0,0.0,0.0,1.0,Buccaneers,0.0,0.0,1.0,Lions,305.0,27.0,9.0,DST,126.0,0.0,0.0,431.0,1.0,0.0
2,2011.0,11,Rashied Davis,0.0,0.0,Panthers,0.0,0.0,0.0,0.0,0.0,0.0,1.0,WR,0.0,0.0,14.0,1.0,0.0,0.0,0.0,0.0,1.0,Panthers,0.0,0.5555555555555556,0.5555555555555556,Lions,223.88888888888889,26.33333333333333,5.666666666666668,DST,137.55555555555554,1.8888888888888888,0.1111111111111111,361.4444444444445,0.0,0.3333333333333333
3,2011.0,13,Rashied Davis,0.0,0.0,Saints,0.0,0.0,0.0,0.0,0.0,0.0,1.5,WR,0.0,0.0,20.5,1.5,0.0,0.0,0.0,0.0,0.5,Saints,0.09090909090909093,0.4545454545454545,0.5454545454545454,Lions,253.72727272727272,22.90909090909091,8.454545454545455,DST,117.0909090909091,2.0,0.0,370.8181818181818,0.2727272727272727,0.5454545454545454
