,Unnamed: 0,Unnamed: 0.1,Fumble TD,Fumbles Lost,Name,Opponent,Pass 2PT,Pass Attempts,Pass Completions,Pass Interceptions,Pass TD,Pass Yards,Points,Position,Receiving 2PT,Receiving TD,Receiving Yards,Receptions,Rush 2PT,Rush Attempts,Rush TD,Rush Yards,Week,Year
87,87,87.0,0.0,0.0,Tyler Boyd,Bengals,0.0,0.0,0.0,0.0,0.0,0.0,1.0,WR,0.0,0.0,11.0,1.0,0.0,0.0,0.0,0.0,1,2017.0
318,318,87.0,0.0,0.0,Tyler Boyd,Packers,0.0,0.0,0.0,0.0,0.0,0.0,1.0,WR,0.0,0.0,11.0,1.0,0.0,0.0,0.0,0.0,3,2017.0
441,441,202.5,0.0,0.0,Tyler Boyd,Browns,0.0,0.0,0.0,0.0,0.0,0.0,1.0,WR,0.0,0.0,11.0,1.0,0.0,0.0,0.0,0.0,4,2017.0
559,559,282.0,0.0,0.0,Tyler Boyd,Bengals,0.0,0.0,0.0,0.0,0.0,0.0,1.0,WR,0.0,0.0,12.333333333333334,1.3333333333333333,0.0,0.0,0.0,0.0,5,2017.0
1169,1169,351.25,0.0,0.0,Tyler Boyd,Broncos,0.0,0.0,0.0,0.0,0.0,0.0,0.75,WR,0.0,0.0,10.75,1.5,0.0,0.0,0.0,0.0,11,2017.0
1208,1208,514.8,0.0,0.0,Tyler Boyd,Bengals,0.0,0.0,0.0,0.0,0.0,0.0,0.6,WR,0.0,0.0,9.6,1.4,0.0,0.0,0.0,0.0,12,2017.0
1383,1383,630.3333333333334,0.0,0.0,Tyler Boyd,Bengals,0.0,0.0,0.0,0.0,0.0,0.0,1.6666666666666667,WR,0.0,0.16666666666666666,10.833333333333334,1.5,0.0,0.0,0.0,0.0,13,2017.0
