,Year,Week,Name,Fumble TD,Fumbles Lost,Opponent_x,Pass 2PT,Pass Attempts,Pass Completions,Pass Interceptions,Pass TD,Pass Yards,Points_x,Position_x,Receiving 2PT,Receiving TD,Receiving Yards,Receptions,Rush 2PT,Rush Attempts,Rush TD,Rush Yards,Away Games_x,Team,Blocks,Fumble Returns,Interception,Opponent_y,Pass Yards Allowed,Point After,Points_y,Position_y,Rush Yards Allowed,Sack,Safety,Total Yards,Touchdowns,Away Games_y
0,2012.0,7,Ryan Whalen,0.0,0.0,Steelers,0.0,0.0,0.0,0.0,0.0,0.0,3.0,WR,0.0,0.0,31.0,4.0,0.0,0.0,0.0,0.0,0.0,Steelers,0.0,0.8,0.4,Bengals,200.8,23.0,7.0,DST,95.0,2.2,0.0,295.8,0.0,0.6
1,2012.0,11,Ryan Whalen,0.0,0.0,Chiefs,0.0,0.0,0.0,0.0,0.0,0.0,3.0,WR,0.0,0.0,31.0,4.0,0.0,0.0,0.0,0.0,0.0,Chiefs,0.1111111111111111,0.4444444444444444,0.6666666666666666,Bengals,214.0,28.444444444444446,6.4444444444444455,DST,122.55555555555556,1.6666666666666667,0.1111111111111111,336.5555555555556,0.1111111111111111,0.5555555555555556
2,2012.0,13,Ryan Whalen,0.0,0.0,Chargers,0.0,0.0,0.0,0.0,0.0,0.0,1.5,WR,0.0,0.0,18.5,2.5,0.0,0.0,0.0,0.0,0.5,Chargers,0.09090909090909093,0.9090909090909092,0.8181818181818182,Bengals,243.27272727272728,21.545454545454547,11.636363636363635,DST,91.45454545454544,2.0,0.09090909090909093,334.72727272727275,0.4545454545454545,0.5454545454545454
3,2012.0,16,Ryan Whalen,0.0,0.0,Steelers,0.0,0.0,0.0,0.0,0.0,0.0,1.3333333333333333,WR,0.0,0.0,15.666666666666664,2.0,0.0,0.0,0.0,0.0,0.6666666666666666,Steelers,0.07142857142857142,0.42857142857142855,0.5,Bengals,180.57142857142856,20.785714285714285,7.928571428571429,DST,92.71428571428572,1.9285714285714288,0.0,273.2857142857143,0.07142857142857142,0.5714285714285714
