,Year,Week,Name,Fumble TD,Fumbles Lost,Opponent_x,Pass 2PT,Pass Attempts,Pass Completions,Pass Interceptions,Pass TD,Pass Yards,Points_x,Position_x,Receiving 2PT,Receiving TD,Receiving Yards,Receptions,Rush 2PT,Rush Attempts,Rush TD,Rush Yards,Away Games_x,Team,Blocks,Fumble Returns,Interception,Opponent_y,Pass Yards Allowed,Point After,Points_y,Position_y,Rush Yards Allowed,Sack,Safety,Total Yards,Touchdowns,Away Games_y
0,2016.0,2,Cecil Shorts,0.0,0.0,Cardinals,0.0,0.0,0.0,0.0,0.0,0.0,1.0,WR,0.0,0.0,12.0,1.0,0.0,0.0,0.0,0.0,1.0,Cardinals,0.0,2.0,0.0,Buccaneers,257.0,23.0,7.0,DST,106.0,2.0,0.0,363.0,0.0,0.0
1,2016.0,9,Cecil Shorts,0.0,0.0,Falcons,0.0,0.0,0.0,0.0,0.0,0.0,1.0,WR,0.0,0.0,12.0,1.0,0.0,0.0,0.0,0.0,1.0,Falcons,0.125,0.25,0.75,Buccaneers,285.375,28.875,7.375,DST,93.875,2.25,0.0,379.25,0.375,0.5
2,2016.0,10,Cecil Shorts,0.0,0.0,Bears,0.0,0.0,0.0,0.0,0.0,0.0,1.5,WR,0.0,0.0,16.0,1.0,0.0,0.0,0.0,0.0,0.5,Bears,0.125,0.375,0.5,Buccaneers,238.125,22.375,8.125,DST,100.75,2.5,0.0,338.875,0.25,0.5
3,2016.0,11,Cecil Shorts,0.0,0.0,Chiefs,0.0,0.0,0.0,0.0,0.0,0.0,2.0,WR,0.0,0.0,23.33333333333333,1.3333333333333333,0.0,0.0,0.0,0.0,0.3333333333333333,Chiefs,0.0,1.0,1.4444444444444444,Buccaneers,244.44444444444446,18.666666666666668,13.444444444444445,DST,121.66666666666669,2.0,0.0,366.11111111111114,0.4444444444444444,0.5555555555555556
4,2016.0,12,Cecil Shorts,0.0,0.0,Seahawks,0.0,0.0,0.0,0.0,0.0,0.0,3.0,WR,0.0,0.0,33.0,2.25,0.0,0.0,0.0,0.0,0.5,Seahawks,0.3,0.3,0.9,Buccaneers,237.0,17.3,10.7,DST,98.4,3.1,0.0,335.4,0.1,0.5
5,2016.0,13,Cecil Shorts,0.0,0.0,Chargers,0.0,0.0,0.0,0.0,0.0,0.0,2.4,WR,0.0,0.0,27.6,2.0,0.0,0.0,0.0,0.0,0.4,Chargers,0.0,0.8181818181818182,1.2727272727272727,Buccaneers,271.27272727272725,26.45454545454545,10.181818181818182,DST,89.81818181818181,1.818181818181818,0.09090909090909093,361.09090909090907,0.3636363636363637,0.5454545454545454
