,Year,Week,Name,Fumble TD,Fumbles Lost,Opponent_x,Pass 2PT,Pass Attempts,Pass Completions,Pass Interceptions,Pass TD,Pass Yards,Points_x,Position_x,Receiving 2PT,Receiving TD,Receiving Yards,Receptions,Rush 2PT,Rush Attempts,Rush TD,Rush Yards,Away Games_x,Team,Blocks,Fumble Returns,Interception,Opponent_y,Pass Yards Allowed,Point After,Points_y,Position_y,Rush Yards Allowed,Sack,Safety,Total Yards,Touchdowns,Away Games_y
0,2013.0,3,A.J. Jenkins,0.0,0.0,Eagles,0.0,0.0,0.0,0.0,0.0,0.0,0.0,WR,0.0,0.0,6.0,1.0,0.0,0.0,0.0,0.0,1.0,Eagles,0.0,1.5,1.0,Chiefs,360.5,30.0,8.5,DST,100.0,2.0,0.5,460.5,0.0,0.5
1,2013.0,12,A.J. Jenkins,0.0,0.0,Chargers,0.0,0.0,0.0,0.0,0.0,0.0,0.0,WR,0.0,0.0,6.0,1.0,0.0,0.0,0.0,0.0,1.0,Chargers,0.2,0.2,0.5,Chiefs,275.5,22.2,7.7,DST,113.5,2.6,0.0,389.0,0.1,0.6
2,2013.0,13,A.J. Jenkins,0.0,0.0,Broncos,0.0,0.0,0.0,0.0,0.0,0.0,1.0,WR,0.0,0.0,14.0,1.0,0.0,0.0,0.0,0.0,0.5,Broncos,0.18181818181818185,0.6363636363636364,1.181818181818182,Chiefs,283.1818181818182,26.272727272727273,11.454545454545455,DST,94.8181818181818,2.9090909090909087,0.0,378.0,0.4545454545454545,0.4545454545454545
3,2013.0,15,A.J. Jenkins,0.0,0.0,Raiders,0.0,0.0,0.0,0.0,0.0,0.0,1.6666666666666667,WR,0.0,0.0,21.0,1.6666666666666667,0.0,0.0,0.0,0.0,0.3333333333333333,Raiders,0.2307692307692308,0.7692307692307693,0.6153846153846154,Chiefs,250.46153846153842,25.923076923076927,9.153846153846152,DST,105.92307692307692,2.4615384615384617,0.0,356.3846153846154,0.3076923076923077,0.5384615384615384
4,2013.0,17,A.J. Jenkins,0.0,0.0,Chargers,0.0,0.0,0.0,0.0,0.0,0.0,1.25,WR,0.0,0.0,15.75,1.25,0.0,0.25,0.0,1.25,0.5,Chargers,0.13333333333333333,0.4,0.7333333333333333,Chiefs,263.3333333333333,21.6,8.2,DST,105.46666666666668,2.2,0.0,368.8,0.06666666666666668,0.5333333333333333
