,Year,Week,Name,Fumble TD,Fumbles Lost,Opponent_x,Pass 2PT,Pass Attempts,Pass Completions,Pass Interceptions,Pass TD,Pass Yards,Points_x,Position_x,Receiving 2PT,Receiving TD,Receiving Yards,Receptions,Rush 2PT,Rush Attempts,Rush TD,Rush Yards,Away Games_x,Team,Blocks,Fumble Returns,Interception,Opponent_y,Pass Yards Allowed,Point After,Points_y,Position_y,Rush Yards Allowed,Sack,Safety,Total Yards,Touchdowns,Away Games_y
0,2015.0,3,Rashad Ross,0.0,0.0,Giants,0.0,0.0,0.0,0.0,0.0,0.0,2.0,WR,0.0,0.0,27.0,2.0,0.0,0.0,0.0,0.0,1.0,Giants,0.0,0.5,1.0,Redskins,351.0,25.5,8.0,DST,68.0,1.0,0.0,419.0,0.5,0.5
1,2015.0,4,Rashad Ross,0.0,0.0,Eagles,0.0,0.0,0.0,0.0,0.0,0.0,2.0,WR,0.0,0.0,27.0,2.0,0.0,0.0,0.0,0.0,1.0,Eagles,0.0,1.0,1.6666666666666667,Redskins,272.0,21.0,12.0,DST,87.0,1.6666666666666667,0.0,359.0,0.3333333333333333,0.6666666666666666
2,2015.0,6,Rashad Ross,0.0,0.0,Jets,0.0,0.0,0.0,0.0,0.0,0.0,3.0,WR,0.0,0.0,35.0,1.5,0.0,0.0,0.0,0.0,0.5,Jets,0.0,1.75,1.5,Redskins,185.5,13.75,13.0,DST,94.75,1.75,0.0,280.25,0.0,0.5
3,2015.0,14,Rashad Ross,0.0,0.0,Bears,0.0,0.0,0.0,0.0,0.0,0.0,2.333333333333333,WR,0.0,0.0,28.66666666666667,1.3333333333333333,0.0,0.0,0.0,0.0,0.6666666666666666,Bears,0.16666666666666666,0.5833333333333334,0.5,Redskins,210.83333333333331,24.16666666666667,7.416666666666668,DST,127.91666666666669,2.1666666666666665,0.0,338.75,0.0,0.5
4,2015.0,17,Rashad Ross,0.0,0.0,Cowboys,0.0,0.0,0.0,0.0,0.0,0.0,2.25,WR,0.0,0.0,28.25,1.5,0.0,0.0,0.0,0.0,0.75,Cowboys,0.2,0.2,0.5333333333333333,Redskins,222.7333333333333,22.66666666666667,7.333333333333332,DST,119.2,2.0,0.0,341.93333333333334,0.13333333333333333,0.5333333333333333
5,2016.0,5,Rashad Ross,0.0,0.0,Ravens,0.0,0.0,0.0,0.0,0.0,0.0,0.0,WR,0.0,0.0,8.0,1.0,0.0,0.0,0.0,0.0,1.0,Ravens,0.5,0.25,1.25,Redskins,176.0,18.0,10.5,DST,80.0,2.25,0.0,256.0,0.0,0.5
