,Year,Week,Name,Fumble TD,Fumbles Lost,Opponent,Pass 2PT,Pass Attempts,Pass Completions,Pass Interceptions,Pass TD,Pass Yards,Points,Position,Receiving 2PT,Receiving TD,Receiving Yards,Receptions,Rush 2PT,Rush Attempts,Rush TD,Rush Yards,Away Games
7190,2015.0,1,Darrius Heyward-Bey,0.0,0.0,Patriots,0.0,0.0,0.0,0.0,0.0,0.0,5.0,WR,0.0,0.0,58.0,4.0,0.0,0.0,0.0,0.0,1.0
7281,2015.0,2,Darrius Heyward-Bey,0.0,0.0,49ers,0.0,0.0,0.0,0.0,0.0,0.0,5.0,WR,0.0,0.0,58.0,4.0,0.0,0.0,0.0,0.0,1.0
7462,2015.0,3,Darrius Heyward-Bey,0.0,0.0,Rams,0.0,0.0,0.0,0.0,0.0,0.0,9.0,WR,0.0,0.5,67.5,4.0,0.0,0.0,0.0,0.0,0.5
7507,2015.0,4,Darrius Heyward-Bey,0.0,0.0,Ravens,0.0,0.0,0.0,0.0,0.0,0.0,6.333333333333333,WR,0.0,0.3333333333333333,51.333333333333336,3.6666666666666665,0.0,0.0,0.0,0.0,0.6666666666666666
7658,2015.0,5,Darrius Heyward-Bey,0.0,0.0,Chargers,0.0,0.0,0.0,0.0,0.0,0.0,7.0,WR,0.0,0.5,46.25,3.75,0.0,0.0,0.0,0.0,0.5
8471,2015.0,13,Darrius Heyward-Bey,0.0,0.0,Colts,0.0,0.0,0.0,0.0,0.0,0.0,6.0,WR,0.0,0.4,41.8,3.4,0.0,0.0,0.0,0.0,0.6
8835,2015.0,16,Darrius Heyward-Bey,0.0,0.0,Ravens,0.0,0.0,0.0,0.0,0.0,0.0,5.333333333333333,WR,0.0,0.3333333333333333,38.333333333333336,3.0,0.0,0.0,0.0,0.0,0.5
8900,2015.0,17,Darrius Heyward-Bey,0.0,0.0,Browns,0.0,0.0,0.0,0.0,0.0,0.0,4.714285714285714,WR,0.0,0.2857142857142857,34.285714285714285,2.7142857142857144,0.0,0.0,0.0,0.0,0.5714285714285714
