,Year,Week,Name,Fumble TD,Fumbles Lost,Opponent,Pass 2PT,Pass Attempts,Pass Completions,Pass Interceptions,Pass TD,Pass Yards,Points,Position,Receiving 2PT,Receiving TD,Receiving Yards,Receptions,Rush 2PT,Rush Attempts,Rush TD,Rush Yards,Away Games
7222,2015.0,1,Andrew Hawkins,0.0,0.0,Jets,0.0,0.0,0.0,0.0,0.0,0.0,2.0,WR,0.0,0.0,24.0,3.0,0.0,0.0,0.0,0.0,1.0
7319,2015.0,2,Andrew Hawkins,0.0,0.0,Titans,0.0,0.0,0.0,0.0,0.0,0.0,2.0,WR,0.0,0.0,24.0,3.0,0.0,0.0,0.0,0.0,1.0
7463,2015.0,3,Andrew Hawkins,0.0,0.0,Raiders,0.0,0.0,0.0,0.0,0.0,0.0,3.0,WR,0.0,0.0,33.5,3.0,0.0,0.0,0.0,0.0,0.5
7562,2015.0,4,Andrew Hawkins,0.0,0.0,Chargers,0.0,0.0,0.0,0.0,0.0,0.0,2.3333333333333335,WR,0.0,0.0,28.333333333333332,2.6666666666666665,0.0,0.0,0.0,0.0,0.3333333333333333
7629,2015.0,5,Andrew Hawkins,0.0,0.0,Ravens,0.0,0.0,0.0,0.0,0.0,0.0,2.25,WR,0.0,0.0,28.0,2.5,0.0,0.0,0.0,0.0,0.5
7759,2015.0,6,Andrew Hawkins,0.0,0.0,Broncos,0.0,0.0,0.0,0.0,0.0,0.0,3.0,WR,0.2,0.0,32.2,3.4,0.0,0.0,0.0,0.0,0.6
7858,2015.0,7,Andrew Hawkins,0.0,0.0,Rams,0.0,0.0,0.0,0.0,0.0,0.0,2.8333333333333335,WR,0.16666666666666666,0.0,31.0,3.0,0.0,0.0,0.0,0.0,0.5
8116,2015.0,10,Andrew Hawkins,0.0,0.0,Steelers,0.0,0.0,0.0,0.0,0.0,0.0,2.7142857142857144,WR,0.14285714285714285,0.0,29.571428571428573,2.857142857142857,0.0,0.0,0.0,0.0,0.5714285714285714
