,Year,Week,Name,Fumble TD,Fumbles Lost,Opponent_x,Pass 2PT,Pass Attempts,Pass Completions,Pass Interceptions,Pass TD,Pass Yards,Points_x,Position_x,Receiving 2PT,Receiving TD,Receiving Yards,Receptions,Rush 2PT,Rush Attempts,Rush TD,Rush Yards,Away Games_x,Team,Blocks,Fumble Returns,Interception,Opponent_y,Pass Yards Allowed,Point After,Points_y,Position_y,Rush Yards Allowed,Sack,Safety,Total Yards,Touchdowns,Away Games_y
0,2016.0,14,Kerwynn Williams,0.0,0.0,Dolphins,0.0,0.0,0.0,0.0,0.0,0.0,3.0,RB,0.0,0.0,0.0,0.0,0.0,3.0,0.0,34.0,1.0,Dolphins,0.16666666666666666,0.5,0.9166666666666666,Cardinals,242.75,23.16666666666667,8.75,DST,130.33333333333334,2.083333333333333,0.0,373.08333333333326,0.25,0.5
1,2016.0,15,Kerwynn Williams,0.0,0.0,Saints,0.0,0.0,0.0,0.0,0.0,0.0,3.0,RB,0.0,0.0,0.0,0.0,0.0,3.0,0.0,34.0,1.0,Saints,0.0,0.7692307692307693,0.5384615384615384,Cardinals,268.3076923076923,27.0,6.0769230769230775,DST,98.3846153846154,2.0,0.07692307692307693,366.6923076923077,0.0,0.4615384615384616
2,2016.0,16,Kerwynn Williams,0.0,0.0,Seahawks,0.0,0.0,0.0,0.0,0.0,0.0,7.5,RB,0.0,0.0,0.0,0.0,0.0,3.0,0.5,48.5,0.5,Seahawks,0.21428571428571427,0.35714285714285715,0.7857142857142857,Cardinals,224.64285714285717,16.785714285714285,10.214285714285714,DST,95.07142857142857,2.571428571428572,0.07142857142857142,319.7142857142857,0.07142857142857142,0.5
