,Year,Week,Name,Fumble TD,Fumbles Lost,Opponent,Pass 2PT,Pass Attempts,Pass Completions,Pass Interceptions,Pass TD,Pass Yards,Points,Position,Receiving 2PT,Receiving TD,Receiving Yards,Receptions,Rush 2PT,Rush Attempts,Rush TD,Rush Yards,Away Games
4,,1,Aaron Rodgers,,,49ers,,,,,,,,QB,,,,,,,,,
34,2013.0,2,Aaron Rodgers,0.0,0.0,Redskins,0.0,37.0,21.0,1.0,3.0,333.0,30.0,QB,0.0,0.0,0.0,0.0,0.0,2.0,0.0,13.0,1.0
90,2013.0,3,Aaron Rodgers,0.0,0.0,Bengals,0.0,39.5,27.5,0.5,3.5,406.5,36.5,QB,0.0,0.0,0.0,0.0,0.0,2.5,0.0,5.0,0.5
155,2013.0,5,Aaron Rodgers,0.0,0.0,Lions,0.0,40.666666666666664,27.0,1.0,2.6666666666666665,352.3333333333333,28.666666666666668,QB,0.0,0.0,0.0,0.0,0.0,2.6666666666666665,0.0,11.333333333333334,0.6666666666666666
187,2013.0,6,Aaron Rodgers,0.0,0.0,Ravens,0.0,38.0,25.25,0.75,2.25,332.75,25.5,QB,0.0,0.0,0.0,0.0,0.0,3.25,0.0,10.5,0.5
210,2013.0,7,Aaron Rodgers,0.0,0.0,Browns,0.0,36.8,23.6,0.8,2.0,329.2,24.0,QB,0.0,0.0,0.0,0.0,0.0,3.6,0.0,12.6,0.6
247,2013.0,8,Aaron Rodgers,0.0,0.0,Min,0.0,36.666666666666664,23.833333333333332,0.6666666666666666,2.1666666666666665,317.6666666666667,24.833333333333332,QB,0.0,0.0,0.0,0.0,0.0,3.6666666666666665,0.0,12.5,0.5
298,2013.0,9,Aaron Rodgers,0.0,0.0,Bears,0.0,35.57142857142857,23.857142857142858,0.5714285714285714,2.142857142857143,313.0,25.0,QB,0.0,0.0,0.0,0.0,0.0,4.0,0.0,15.142857142857142,0.5714285714285714
565,2013.0,17,Aaron Rodgers,0.0,0.0,Bears,0.0,31.375,21.0,0.5,1.875,277.25,22.0,QB,0.0,0.0,0.0,0.0,0.0,3.625,0.0,14.375,0.5
