,Year,Week,Name,Fumble TD,Fumbles Lost,Opponent_x,Pass 2PT,Pass Attempts,Pass Completions,Pass Interceptions,Pass TD,Pass Yards,Points_x,Position_x,Receiving 2PT,Receiving TD,Receiving Yards,Receptions,Rush 2PT,Rush Attempts,Rush TD,Rush Yards,Away Games_x,Team,Blocks,Fumble Returns,Interception,Opponent_y,Pass Yards Allowed,Point After,Points_y,Position_y,Rush Yards Allowed,Sack,Safety,Total Yards,Touchdowns,Away Games_y
0,2013.0,3,Dion Sims,0.0,0.0,Falcons,0.0,0.0,0.0,0.0,0.0,0.0,6.0,TE,0.0,1.0,1.0,1.0,0.0,0.0,0.0,0.0,0.0,Falcons,0.0,0.0,1.0,Dolphins,346.5,23.5,7.0,DST,73.5,1.0,0.0,420.0,0.5,0.5
1,2013.0,8,Dion Sims,0.0,0.0,Patriots,0.0,0.0,0.0,0.0,0.0,0.0,6.0,TE,0.0,1.0,1.0,1.0,0.0,0.0,0.0,0.0,0.0,Patriots,0.0,0.7142857142857143,1.1428571428571428,Dolphins,225.57142857142856,18.142857142857142,11.0,DST,127.14285714285714,2.571428571428572,0.0,352.71428571428567,0.14285714285714285,0.5714285714285714
2,2013.0,12,Dion Sims,0.0,0.0,Panthers,0.0,0.0,0.0,0.0,0.0,0.0,3.0,TE,0.0,0.5,2.5,1.0,0.0,0.0,0.0,0.0,0.5,Panthers,0.0,0.9,1.4,Dolphins,209.5,13.5,14.4,DST,84.5,3.1,0.0,294.0,0.2,0.5
3,2013.0,13,Dion Sims,0.0,0.0,Jets,0.0,0.0,0.0,0.0,0.0,0.0,2.0,TE,0.0,0.3333333333333333,3.6666666666666665,1.0,0.0,0.0,0.0,0.0,0.3333333333333333,Jets,0.0,0.18181818181818185,0.5454545454545454,Dolphins,250.27272727272728,26.09090909090909,7.636363636363638,DST,72.63636363636364,2.9090909090909087,0.09090909090909093,322.90909090909093,0.09090909090909093,0.5454545454545454
4,2013.0,14,Dion Sims,0.0,0.0,Steelers,0.0,0.0,0.0,0.0,0.0,0.0,1.5,TE,0.0,0.25,4.75,1.0,0.0,0.0,0.0,0.0,0.5,Steelers,0.08333333333333333,0.5833333333333334,0.5833333333333334,Dolphins,225.41666666666663,23.16666666666667,8.5,DST,115.08333333333331,2.083333333333333,0.08333333333333333,340.5,0.08333333333333333,0.5833333333333334
5,2013.0,15,Dion Sims,0.0,0.0,Patriots,0.0,0.0,0.0,0.0,0.0,0.0,1.2,TE,0.0,0.2,5.2,1.0,0.0,0.0,0.0,0.0,0.6,Patriots,0.07692307692307693,0.7692307692307693,1.0769230769230769,Dolphins,236.46153846153842,22.07692307692308,9.615384615384617,DST,135.84615384615384,2.769230769230769,0.0,372.3076923076923,0.07692307692307693,0.4615384615384616
