,Year,Week,Name,Fumble TD,Fumbles Lost,Opponent_x,Pass 2PT,Pass Attempts,Pass Completions,Pass Interceptions,Pass TD,Pass Yards,Points_x,Position_x,Receiving 2PT,Receiving TD,Receiving Yards,Receptions,Rush 2PT,Rush Attempts,Rush TD,Rush Yards,Away Games_x,Team,Blocks,Fumble Returns,Interception,Opponent_y,Pass Yards Allowed,Point After,Points_y,Position_y,Rush Yards Allowed,Sack,Safety,Total Yards,Touchdowns,Away Games_y
0,2011.0,1,Tim Hightower,0.0,0.0,Giants,0.0,0.0,0.0,0.0,0.0,0.0,15.0,RB,0.0,0.0,25.0,3.0,0.0,25.0,1.0,72.0,0.0,Giants,0.0,1.0,0.0,Redskins,258.0,28.0,6.0,DST,74.0,4.0,0.0,332.0,0.0,1.0
1,2011.0,2,Tim Hightower,0.0,0.0,Cardinals,0.0,0.0,0.0,0.0,0.0,0.0,15.0,RB,0.0,0.0,25.0,3.0,0.0,25.0,1.0,72.0,0.0,Cardinals,0.0,0.0,1.0,Redskins,403.0,21.0,13.0,DST,74.0,4.0,0.0,477.0,1.0,0.0
2,2011.0,3,Tim Hightower,0.0,0.0,Cowboys,0.0,0.0,0.0,0.0,0.0,0.0,12.5,RB,0.0,0.0,17.5,2.0,0.0,22.5,0.5,84.0,0.0,Cowboys,0.0,0.5,1.0,Redskins,223.5,25.5,9.0,DST,59.5,5.0,0.0,283.0,0.0,1.0
3,2011.0,4,Tim Hightower,0.0,0.0,Rams,0.0,0.0,0.0,0.0,0.0,0.0,12.666666666666664,RB,0.0,0.3333333333333333,24.66666666666667,3.0,0.0,19.666666666666668,0.3333333333333333,69.66666666666667,0.3333333333333333,Rams,0.0,0.6666666666666666,0.3333333333333333,Redskins,252.0,32.0,4.666666666666667,DST,174.33333333333337,2.6666666666666665,0.0,426.33333333333326,0.0,0.3333333333333333
4,2011.0,7,Tim Hightower,0.0,0.0,Panthers,0.0,0.0,0.0,0.0,0.0,0.0,10.0,RB,0.0,0.25,19.5,2.5,0.0,16.75,0.25,58.25,0.5,Panthers,0.0,0.3333333333333333,0.5,Redskins,219.0,27.16666666666667,4.666666666666667,DST,140.33333333333334,1.5,0.16666666666666666,359.33333333333326,0.0,0.5
