,Year,Week,Name,Fumble TD,Fumbles Lost,Opponent_x,Pass 2PT,Pass Attempts,Pass Completions,Pass Interceptions,Pass TD,Pass Yards,Points_x,Position_x,Receiving 2PT,Receiving TD,Receiving Yards,Receptions,Rush 2PT,Rush Attempts,Rush TD,Rush Yards,Away Games_x,Team,Blocks,Fumble Returns,Interception,Opponent_y,Pass Yards Allowed,Point After,Points_y,Position_y,Rush Yards Allowed,Sack,Safety,Total Yards,Touchdowns,Away Games_y
0,2010.0,7,Gartrell Johnson,0.0,0.0,Bengals,0.0,0.0,0.0,0.0,0.0,0.0,2.0,RB,0.0,0.0,0.0,0.0,0.0,1.0,0.0,23.0,0.0,Bengals,0.0,1.0,1.4,Falcons,206.6,20.4,9.2,DST,111.0,1.2,0.0,317.6,0.0,0.6
1,2010.0,12,Gartrell Johnson,0.0,0.0,Packers,0.0,0.0,0.0,0.0,0.0,0.0,2.0,RB,0.0,0.0,0.0,0.0,0.0,1.0,0.0,23.0,0.0,Packers,0.0,0.6,1.5,Falcons,211.3,14.6,14.4,DST,112.1,2.9,0.0,323.4,0.4,0.5
2,2010.0,13,Gartrell Johnson,0.0,0.0,Buccaneers,0.0,0.0,0.0,0.0,0.0,0.0,1.0,RB,0.0,0.0,0.0,0.5,0.0,0.5,0.0,11.5,0.0,Buccaneers,0.0,0.5454545454545454,1.4545454545454546,Falcons,205.9090909090909,20.272727272727273,11.0,DST,132.45454545454547,1.6363636363636365,0.0,338.3636363636364,0.3636363636363637,0.5454545454545454
3,2010.0,14,Gartrell Johnson,0.0,0.0,Panthers,0.0,0.0,0.0,0.0,0.0,0.0,1.0,RB,0.0,0.0,3.333333333333333,0.6666666666666666,0.0,0.3333333333333333,0.0,7.666666666666668,0.3333333333333333,Panthers,0.08333333333333333,0.6666666666666666,1.25,Falcons,206.0,25.58333333333333,8.25,DST,133.08333333333334,1.75,0.08333333333333333,339.0833333333333,0.08333333333333333,0.5
4,2010.0,15,Gartrell Johnson,0.0,0.0,Seahawks,0.0,0.0,0.0,0.0,0.0,0.0,0.75,RB,0.0,0.0,2.5,0.5,0.0,1.75,0.0,7.75,0.5,Seahawks,0.15384615384615385,0.7692307692307693,0.7692307692307693,Falcons,266.0,25.30769230769231,11.538461538461537,DST,119.23076923076924,2.3846153846153846,0.07692307692307693,385.23076923076917,0.4615384615384616,0.5384615384615384
5,2010.0,17,Gartrell Johnson,0.0,0.0,Panthers,0.0,0.0,0.0,0.0,0.0,0.0,0.6,RB,0.0,0.0,2.0,0.4,0.0,1.6,0.0,7.0,0.6,Panthers,0.06666666666666668,0.7333333333333333,1.1333333333333333,Falcons,209.33333333333331,25.13333333333333,8.4,DST,125.46666666666668,2.0,0.06666666666666668,334.8,0.06666666666666668,0.4666666666666667
