,Year,Week,Name,Fumble TD,Fumbles Lost,Opponent_x,Pass 2PT,Pass Attempts,Pass Completions,Pass Interceptions,Pass TD,Pass Yards,Points_x,Position_x,Receiving 2PT,Receiving TD,Receiving Yards,Receptions,Rush 2PT,Rush Attempts,Rush TD,Rush Yards,Away Games_x,Team,Blocks,Fumble Returns,Interception,Opponent_y,Pass Yards Allowed,Point After,Points_y,Position_y,Rush Yards Allowed,Sack,Safety,Total Yards,Touchdowns,Away Games_y
0,2015.0,11,Kenjon Barner,0.0,0.0,Buccaneers,0.0,0.0,0.0,0.0,0.0,0.0,3.0,RB,0.0,0.0,0.0,0.0,0.0,7.0,0.0,37.0,0.0,Buccaneers,0.1111111111111111,1.0,0.7777777777777778,Eagles,233.22222222222226,26.33333333333333,9.777777777777779,DST,101.0,2.2222222222222223,0.0,334.22222222222223,0.2222222222222222,0.4444444444444444
1,2015.0,12,Kenjon Barner,0.0,0.0,Lions,0.0,0.0,0.0,0.0,0.0,0.0,3.0,RB,0.0,0.0,0.0,0.0,0.0,7.0,0.0,37.0,0.0,Lions,0.0,0.7,0.4,Eagles,250.5,27.4,8.2,DST,116.9,2.4,0.2,367.4,0.2,0.5
2,2015.0,13,Kenjon Barner,0.0,0.0,Patriots,0.0,0.0,0.0,0.0,0.0,0.0,3.0,RB,0.0,0.0,0.5,0.5,0.0,7.0,0.0,33.5,0.5,Patriots,0.09090909090909093,0.4545454545454545,0.9090909090909092,Eagles,252.63636363636363,19.272727272727273,9.818181818181818,DST,97.0,3.1818181818181817,0.09090909090909093,349.6363636363636,0.0,0.4545454545454545
3,2015.0,16,Kenjon Barner,0.0,0.3333333333333333,Redskins,0.0,0.0,0.0,0.0,0.0,0.0,2.6666666666666665,RB,0.0,0.0,2.6666666666666665,1.0,0.0,7.666666666666668,0.0,35.333333333333336,0.6666666666666666,Redskins,0.07142857142857142,0.8571428571428571,0.6428571428571429,Eagles,240.2142857142857,23.714285714285715,9.285714285714286,DST,129.78571428571428,2.071428571428572,0.07142857142857142,370.0,0.2857142857142857,0.42857142857142855
4,2015.0,17,Kenjon Barner,0.0,0.25,Giants,0.0,0.0,0.0,0.0,0.0,0.0,2.0,RB,0.0,0.0,0.25,1.0,0.0,5.75,0.0,26.5,0.5,Giants,0.2,0.7333333333333333,0.9333333333333332,Eagles,297.8666666666667,27.13333333333333,9.533333333333333,DST,121.46666666666668,1.4666666666666666,0.06666666666666668,419.33333333333326,0.4,0.5333333333333333
