,Year,Week,Name,Fumble TD,Fumbles Lost,Opponent_x,Pass 2PT,Pass Attempts,Pass Completions,Pass Interceptions,Pass TD,Pass Yards,Points_x,Position_x,Receiving 2PT,Receiving TD,Receiving Yards,Receptions,Rush 2PT,Rush Attempts,Rush TD,Rush Yards,Away Games_x,Team,Blocks,Fumble Returns,Interception,Opponent_y,Pass Yards Allowed,Point After,Points_y,Position_y,Rush Yards Allowed,Sack,Safety,Total Yards,Touchdowns,Away Games_y
0,2010.0,9,Tyrell Sutton,0.0,0.0,Saints,0.0,0.0,0.0,0.0,0.0,0.0,5.0,RB,0.0,0.0,15.0,3.0,0.0,7.0,0.0,41.0,0.0,Saints,0.125,0.75,0.625,Panthers,178.625,18.5,8.875,DST,108.625,1.875,0.125,287.25,0.0,0.375
1,2010.0,13,Tyrell Sutton,0.0,0.0,Seahawks,0.0,0.0,0.0,0.0,0.0,0.0,5.0,RB,0.0,0.0,15.0,3.0,0.0,7.0,0.0,41.0,0.0,Seahawks,0.18181818181818185,0.9090909090909092,0.8181818181818182,Panthers,278.6363636363636,25.0,11.545454545454545,DST,120.36363636363636,2.363636363636364,0.09090909090909093,399.0,0.3636363636363637,0.5454545454545454
2,2010.0,14,Tyrell Sutton,0.0,0.0,Falcons,0.0,0.0,0.0,0.0,0.0,0.0,3.5,RB,0.0,0.0,14.5,3.0,0.0,5.5,0.0,29.0,0.5,Falcons,0.0,0.5,1.3333333333333333,Panthers,246.33333333333331,19.416666666666668,9.166666666666666,DST,98.5,1.6666666666666667,0.0,344.83333333333326,0.16666666666666666,0.5
3,2010.0,17,Tyrell Sutton,0.0,0.0,Falcons,0.0,0.0,0.0,0.0,0.0,0.0,3.0,RB,0.0,0.0,16.333333333333332,3.0,0.0,3.6666666666666665,0.0,19.33333333333333,0.3333333333333333,Falcons,0.0,0.5333333333333333,1.4,Panthers,231.4,18.53333333333333,10.6,DST,103.8,1.8666666666666667,0.0,335.2,0.26666666666666666,0.5333333333333333
