,Unnamed: 0,50+,FGA,FGM,Name,Opponent,Points,Position,Week,XPA,XPM,Year,Away Games
1567,3.0,0.0,2.0,2.0,Rian Lindell,Chiefs,11.0,K,1,5.0,5.0,2011.0,1.0
1612,3.0,0.0,2.0,2.0,Rian Lindell,Raiders,11.0,K,2,5.0,5.0,2011.0,1.0
1636,25.5,0.0,2.0,1.5,Rian Lindell,Patriots,9.5,K,3,5.0,5.0,2011.0,0.5
1677,41.0,0.0,2.0,1.6666666666666667,Rian Lindell,Bengals,9.666666666666666,K,4,4.666666666666667,4.666666666666667,2011.0,0.3333333333333333
1707,59.0,0.0,2.0,1.75,Rian Lindell,Eagles,9.25,K,5,4.0,4.0,2011.0,0.5
1737,75.8,0.0,1.8,1.6,Rian Lindell,Giants,8.8,K,6,4.0,4.0,2011.0,0.4
1779,92.0,0.0,1.6666666666666667,1.5,Rian Lindell,Redskins,8.333333333333334,K,8,3.8333333333333335,3.8333333333333335,2011.0,0.5
1826,109.57142857142857,0.0,2.0,1.7142857142857142,Rian Lindell,Jets,8.714285714285714,K,9,3.5714285714285716,3.5714285714285716,2011.0,0.42857142857142855
