,Year,Week,Name,Fumble TD,Fumbles Lost,Opponent_x,Pass 2PT,Pass Attempts,Pass Completions,Pass Interceptions,Pass TD,Pass Yards,Points_x,Position_x,Receiving 2PT,Receiving TD,Receiving Yards,Receptions,Rush 2PT,Rush Attempts,Rush TD,Rush Yards,Away Games_x,Team,Blocks,Fumble Returns,Interception,Opponent_y,Pass Yards Allowed,Point After,Points_y,Position_y,Rush Yards Allowed,Sack,Safety,Total Yards,Touchdowns,Away Games_y
0,2010.0,5,Tom Crabtree,0.0,0.0,Redskins,0.0,0.0,0.0,0.0,0.0,0.0,0.0,TE,0.0,0.0,3.0,1.0,0.0,0.0,0.0,0.0,1.0,Redskins,0.25,0.75,0.75,Packers,305.0,19.75,10.5,DST,101.0,2.0,0.0,406.0,0.25,0.5
1,2010.0,6,Tom Crabtree,0.0,0.0,Dolphins,0.0,0.0,0.0,0.0,0.0,0.0,0.0,TE,0.0,0.0,3.0,1.0,0.0,0.0,0.0,0.0,1.0,Dolphins,0.25,0.25,0.75,Packers,181.5,23.0,10.25,DST,117.75,2.25,0.25,299.25,0.25,0.5
2,2010.0,9,Tom Crabtree,0.0,0.0,Cowboys,0.0,0.0,0.0,0.0,0.0,0.0,1.5,TE,0.0,0.0,18.0,1.0,0.0,0.0,0.0,0.0,0.5,Cowboys,0.0,0.7142857142857143,0.7142857142857143,Packers,205.42857142857144,26.714285714285715,9.142857142857142,DST,121.85714285714286,2.2857142857142856,0.0,327.2857142857143,0.2857142857142857,0.42857142857142855
3,2010.0,16,Tom Crabtree,0.0,0.0,Giants,0.0,0.0,0.0,0.0,0.0,0.0,1.0,TE,0.0,0.0,13.333333333333336,1.0,0.0,0.0,0.0,0.0,0.3333333333333333,Giants,0.14285714285714285,1.3571428571428572,1.0714285714285714,Packers,188.42857142857144,20.571428571428573,12.0,DST,102.42857142857143,3.0,0.0,290.85714285714283,0.0,0.42857142857142855
