,Year,Week,Name,Fumble TD,Fumbles Lost,Opponent_x,Pass 2PT,Pass Attempts,Pass Completions,Pass Interceptions,Pass TD,Pass Yards,Points_x,Position_x,Receiving 2PT,Receiving TD,Receiving Yards,Receptions,Rush 2PT,Rush Attempts,Rush TD,Rush Yards,Away Games_x,Team,Blocks,Fumble Returns,Interception,Opponent_y,Pass Yards Allowed,Point After,Points_y,Position_y,Rush Yards Allowed,Sack,Safety,Total Yards,Touchdowns,Away Games_y
0,2016.0,14,Matt Moore,0.0,0.0,Cardinals,0.0,5.0,3.0,0.0,0.0,47.0,1.0,QB,0.0,0.0,0.0,0.0,0.0,0.0,0.0,0.0,0.0,Cardinals,0.08333333333333333,0.75,0.9166666666666666,Dolphins,199.33333333333331,20.916666666666668,10.083333333333334,DST,97.91666666666669,2.583333333333333,0.16666666666666666,297.25,0.08333333333333333,0.4166666666666667
1,2016.0,15,Matt Moore,0.0,0.0,Jets,0.0,5.0,3.0,0.0,0.0,47.0,1.0,QB,0.0,0.0,0.0,0.0,0.0,0.0,0.0,0.0,0.0,Jets,0.0,0.3076923076923077,0.4615384615384616,Dolphins,253.0,24.923076923076927,4.769230769230768,DST,102.46153846153848,1.6923076923076923,0.0,355.46153846153845,0.0,0.5384615384615384
2,2016.0,16,Matt Moore,0.0,0.0,Bills,0.0,11.5,7.5,0.5,2.0,141.5,16.0,QB,0.0,0.0,0.0,0.0,0.0,0.0,0.0,0.0,0.5,Bills,0.07142857142857142,0.42857142857142855,0.7857142857142857,Dolphins,224.78571428571428,22.428571428571423,9.785714285714286,DST,124.42857142857143,2.7142857142857144,0.0,349.21428571428567,0.21428571428571427,0.5
3,2016.0,17,Matt Moore,0.0,0.0,Patriots,0.0,17.666666666666668,10.333333333333334,0.6666666666666666,2.0,172.0,17.0,QB,0.0,0.0,0.0,0.0,0.0,0.3333333333333333,0.0,-0.3333333333333333,0.6666666666666666,Patriots,0.2,0.6,0.8,Dolphins,240.06666666666663,15.733333333333333,10.4,DST,89.46666666666668,2.2666666666666666,0.2,329.53333333333336,0.0,0.4666666666666667
