,Year,Week,Name,Fumble TD,Fumbles Lost,Opponent_x,Pass 2PT,Pass Attempts,Pass Completions,Pass Interceptions,Pass TD,Pass Yards,Points_x,Position_x,Receiving 2PT,Receiving TD,Receiving Yards,Receptions,Rush 2PT,Rush Attempts,Rush TD,Rush Yards,Away Games_x,Team,Blocks,Fumble Returns,Interception,Opponent_y,Pass Yards Allowed,Point After,Points_y,Position_y,Rush Yards Allowed,Sack,Safety,Total Yards,Touchdowns,Away Games_y
0,2012.0,1,James Hanna,0.0,0.0,Giants,0.0,0.0,0.0,0.0,0.0,0.0,1.0,TE,0.0,0.0,10.0,1.0,0.0,0.0,0.0,0.0,1.0,Giants,0.0,0.0,1.0,Cowboys,290.0,24.0,5.0,DST,143.0,2.0,0.0,433.0,0.0,0.0
1,2012.0,14,James Hanna,0.0,0.0,Bengals,0.0,0.0,0.0,0.0,0.0,0.0,1.0,TE,0.0,0.0,10.0,1.0,0.0,0.0,0.0,0.0,1.0,Bengals,0.0,0.9166666666666666,0.75,Cowboys,221.08333333333331,21.66666666666667,10.75,DST,110.25,3.25,0.0,331.3333333333333,0.08333333333333333,0.5
2,2012.0,15,James Hanna,0.0,0.0,Steelers,0.0,0.0,0.0,0.0,0.0,0.0,0.5,TE,0.0,0.0,6.5,1.0,0.0,0.0,0.0,0.0,1.0,Steelers,0.07692307692307693,0.38461538461538464,0.5384615384615384,Cowboys,169.23076923076925,20.30769230769231,8.23076923076923,DST,93.15384615384615,2.0,0.0,262.38461538461536,0.07692307692307693,0.5384615384615384
3,2012.0,16,James Hanna,0.0,0.0,Saints,0.0,0.0,0.0,0.0,0.0,0.0,1.6666666666666667,TE,0.0,0.0,19.33333333333333,1.3333333333333333,0.0,0.0,0.0,0.0,0.6666666666666666,Saints,0.14285714285714285,0.7142857142857143,1.0,Cowboys,287.0,27.07142857142857,9.142857142857142,DST,146.28571428571428,1.9285714285714288,0.0,433.28571428571433,0.2857142857142857,0.5
4,2012.0,17,James Hanna,0.0,0.0,Redskins,0.0,0.0,0.0,0.0,0.0,0.0,1.25,TE,0.0,0.0,16.5,1.25,0.0,0.0,0.0,0.0,0.5,Redskins,0.0,0.6,1.2,Cowboys,287.6666666666667,24.66666666666667,9.666666666666666,DST,95.46666666666668,2.0,0.0,383.13333333333327,0.4,0.5333333333333333
