,Year,Week,Name,Fumble TD,Fumbles Lost,Opponent_x,Pass 2PT,Pass Attempts,Pass Completions,Pass Interceptions,Pass TD,Pass Yards,Points_x,Position_x,Receiving 2PT,Receiving TD,Receiving Yards,Receptions,Rush 2PT,Rush Attempts,Rush TD,Rush Yards,Away Games_x,Team,Blocks,Fumble Returns,Interception,Opponent_y,Pass Yards Allowed,Point After,Points_y,Position_y,Rush Yards Allowed,Sack,Safety,Total Yards,Touchdowns,Away Games_y
0,2014.0,12,John Conner,0.0,0.0,Bills,0.0,0.0,0.0,0.0,0.0,0.0,1.0,RB,0.0,0.0,0.0,0.0,0.0,1.0,0.0,13.0,1.0,Bills,0.1,0.9,1.2,Jets,222.6,20.4,11.6,DST,99.0,3.9,0.0,321.6,0.1,0.5
1,2014.0,13,John Conner,0.0,0.0,Dolphins,0.0,0.0,0.0,0.0,0.0,0.0,1.0,RB,0.0,0.0,0.0,0.0,0.0,1.0,0.0,13.0,1.0,Dolphins,0.3636363636363637,0.9090909090909092,0.9090909090909092,Jets,211.72727272727272,19.90909090909091,12.909090909090908,DST,104.1818181818182,2.8181818181818183,0.18181818181818185,315.90909090909093,0.2727272727272727,0.5454545454545454
2,2014.0,15,John Conner,0.0,0.0,Titans,0.0,0.0,0.0,0.0,0.0,0.0,0.5,RB,0.0,0.0,0.0,0.0,0.0,1.0,0.0,7.5,0.5,Titans,0.15384615384615385,0.3076923076923077,0.9230769230769232,Jets,245.0,28.76923076923077,7.461538461538463,DST,141.53846153846158,2.3846153846153846,0.0,386.5384615384616,0.15384615384615385,0.5384615384615384
3,2014.0,16,John Conner,0.0,0.0,Patriots,0.0,0.0,0.0,0.0,0.0,0.0,2.333333333333333,RB,0.0,0.3333333333333333,3.0,0.3333333333333333,0.0,1.0,0.0,5.0,0.6666666666666666,Patriots,0.2857142857142857,0.5714285714285714,1.0714285714285714,Jets,248.7142857142857,20.0,11.785714285714285,DST,103.5,2.571428571428572,0.0,352.21428571428567,0.35714285714285715,0.5
4,2014.0,17,John Conner,0.0,0.0,Dolphins,0.0,0.0,0.0,0.0,0.0,0.0,2.25,RB,0.0,0.25,8.75,0.5,0.0,1.0,0.0,4.25,0.5,Dolphins,0.3333333333333333,0.6666666666666666,0.9333333333333332,Jets,211.13333333333333,22.4,11.2,DST,122.2,2.533333333333333,0.2,333.3333333333333,0.2,0.5333333333333333
