,Unnamed: 0.1_x,Unnamed: 0.1.1_x,Fumble TD,Fumbles Lost,Name,Opponent_x,Pass 2PT,Pass Attempts,Pass Completions,Pass Interceptions,Pass TD,Pass Yards,Points_x,Position_x,Receiving 2PT,Receiving TD,Receiving Yards,Receptions,Rush 2PT,Rush Attempts,Rush TD,Rush Yards,Week,Year,Unnamed: 0.1_y,Unnamed: 0.1.1_y,Blocks,Fumble Returns,Interception,Opponent_y,Pass Yards Allowed,Point After,Points_y,Position_y,Rush Yards Allowed,Sack,Safety,Team,Total Yards,Touchdowns
0,727,727.0,0.0,0.0,Chester Rogers,Colts,0.0,0.0,0.0,0.0,0.0,0.0,2.0,WR,0.0,0.0,21.0,2.0,0.0,0.0,0.0,0.0,7,2017.0,200,95.33333333333331,0.0,0.16666666666666666,1.1666666666666667,Jaguars,295.8333333333333,32.5,6.833333333333332,DST,114.16666666666669,2.0,0.16666666666666666,Colts,410.0,0.16666666666666666
1,849,727.0,0.0,0.0,Chester Rogers,Bengals,0.0,0.0,0.0,0.0,0.0,0.0,2.0,WR,0.0,0.0,21.0,2.0,0.0,0.0,0.0,0.0,8,2017.0,219,95.16666666666669,0.0,0.0,0.6666666666666666,Colts,177.66666666666663,18.666666666666668,9.166666666666666,DST,111.33333333333331,3.0,0.0,Bengals,289.0,0.16666666666666666
2,933,788.0,0.0,0.0,Chester Rogers,Texans,0.0,0.0,0.0,0.0,0.0,0.0,1.0,WR,0.0,0.0,15.0,2.0,0.0,0.0,0.0,0.0,9,2017.0,240,110.71428571428572,0.0,0.42857142857142855,1.1428571428571428,Colts,238.0,26.857142857142854,10.571428571428571,DST,96.57142857142857,2.4285714285714284,0.14285714285714285,Texans,334.57142857142856,0.42857142857142855
3,964,836.3333333333335,0.0,0.0,Chester Rogers,Colts,0.0,0.0,0.0,0.0,0.0,0.0,1.0,WR,0.0,0.0,15.666666666666664,1.6666666666666667,0.0,0.0,0.0,0.0,10,2017.0,274,138.66666666666666,0.1111111111111111,0.6666666666666666,0.7777777777777778,Steelers,279.6666666666667,28.88888888888889,7.222222222222222,DST,113.88888888888887,2.0,0.1111111111111111,Colts,393.5555555555555,0.1111111111111111
4,1229,868.25,0.0,0.0,Chester Rogers,Colts,0.0,0.0,0.0,0.0,0.0,0.0,4.75,WR,0.0,0.25,37.75,2.75,0.0,0.25,0.0,0.75,12,2017.0,335,152.2,0.2,0.6,0.8,Titans,274.5,28.0,7.4,DST,111.3,1.9,0.1,Colts,385.8,0.1
5,1339,940.4,0.0,0.0,Chester Rogers,Jaguars,0.0,0.0,0.0,0.0,0.0,0.0,4.4,WR,0.0,0.2,37.0,2.8,0.0,0.2,0.0,0.6,13,2017.0,358,167.63636363636363,0.0,1.0,1.2727272727272727,Colts,168.72727272727272,15.272727272727273,16.818181818181817,DST,113.0909090909091,3.727272727272727,0.0,Jaguars,281.8181818181818,0.6363636363636364
