,Year,Week,Name,Fumble TD,Fumbles Lost,Opponent_x,Pass 2PT,Pass Attempts,Pass Completions,Pass Interceptions,Pass TD,Pass Yards,Points_x,Position_x,Receiving 2PT,Receiving TD,Receiving Yards,Receptions,Rush 2PT,Rush Attempts,Rush TD,Rush Yards,Away Games_x,Team,Blocks,Fumble Returns,Interception,Opponent_y,Pass Yards Allowed,Point After,Points_y,Position_y,Rush Yards Allowed,Sack,Safety,Total Yards,Touchdowns,Away Games_y
0,2013.0,1,Alfonso Smith,0.0,0.0,Rams,0.0,0.0,0.0,0.0,0.0,0.0,2.0,RB,0.0,0.0,0.0,0.0,0.0,10.0,0.0,26.0,1.0,Rams,0.0,1.0,1.0,Cardinals,304.0,24.0,9.0,DST,86.0,4.0,0.0,390.0,0.0,0.0
1,2013.0,2,Alfonso Smith,0.0,0.0,Lions,0.0,0.0,0.0,0.0,0.0,0.0,2.0,RB,0.0,0.0,0.0,0.0,0.0,10.0,0.0,26.0,1.0,Lions,0.0,1.0,3.0,Cardinals,225.0,24.0,12.0,DST,105.0,3.0,0.0,330.0,0.0,0.0
2,2013.0,3,Alfonso Smith,0.0,0.0,Saints,0.0,0.0,0.0,0.0,0.0,0.0,1.0,RB,0.0,0.0,2.5,0.5,0.0,6.5,0.0,13.5,0.5,Saints,0.0,1.0,1.0,Cardinals,196.0,15.5,10.0,DST,124.0,2.0,0.0,320.0,0.0,0.5
3,2013.0,5,Alfonso Smith,0.0,0.0,Panthers,0.0,0.0,0.0,0.0,0.0,0.0,3.333333333333333,RB,0.0,0.0,4.0,0.6666666666666666,0.0,5.333333333333333,0.3333333333333333,18.0,0.6666666666666666,Panthers,0.0,1.0,1.0,Cardinals,225.66666666666663,12.0,13.333333333333336,DST,93.0,3.333333333333333,0.0,318.6666666666667,0.0,0.3333333333333333
4,2013.0,6,Alfonso Smith,0.0,0.0,49ers,0.0,0.0,0.0,0.0,0.0,0.0,3.0,RB,0.0,0.0,8.0,1.25,0.0,4.25,0.25,13.0,0.5,49ers,0.2,0.6,1.2,Cardinals,188.8,19.6,11.4,DST,113.6,2.6,0.0,302.4,0.2,0.4
5,2013.0,7,Alfonso Smith,0.0,0.2,Seahawks,0.0,0.0,0.0,0.0,0.0,0.0,2.2,RB,0.0,0.0,6.4,1.0,0.0,3.6,0.2,10.8,0.6,Seahawks,0.16666666666666666,1.3333333333333333,1.5,Cardinals,188.33333333333331,15.666666666666664,15.666666666666664,DST,101.83333333333331,2.6666666666666665,0.3333333333333333,290.1666666666667,0.16666666666666666,0.5
6,2013.0,12,Alfonso Smith,0.0,0.16666666666666666,Colts,0.0,0.0,0.0,0.0,0.0,0.0,2.333333333333333,RB,0.0,0.0,10.333333333333334,1.5,0.0,3.0,0.16666666666666666,9.0,0.5,Colts,0.1,0.7,0.8,Cardinals,238.9,22.0,10.0,DST,126.1,2.6,0.1,365.0,0.2,0.5
