,Year,Week,Name,Fumble TD,Fumbles Lost,Opponent_x,Pass 2PT,Pass Attempts,Pass Completions,Pass Interceptions,Pass TD,Pass Yards,Points_x,Position_x,Receiving 2PT,Receiving TD,Receiving Yards,Receptions,Rush 2PT,Rush Attempts,Rush TD,Rush Yards,Away Games_x,Team,Blocks,Fumble Returns,Interception,Opponent_y,Pass Yards Allowed,Point After,Points_y,Position_y,Rush Yards Allowed,Sack,Safety,Total Yards,Touchdowns,Away Games_y
0,2012.0,1,Lester Jean,0.0,0.0,Dolphins,0.0,0.0,0.0,0.0,0.0,0.0,0.0,WR,0.0,0.0,9.0,1.0,0.0,0.0,0.0,0.0,0.0,Dolphins,0.0,0.0,0.0,Texans,254.0,30.0,8.0,DST,83.0,2.0,0.0,337.0,1.0,1.0
1,2012.0,3,Lester Jean,0.0,0.0,Broncos,0.0,0.0,0.0,0.0,0.0,0.0,0.0,WR,0.0,0.0,9.0,1.0,0.0,0.0,0.0,0.0,0.0,Broncos,0.0,0.0,0.5,Texans,208.5,23.0,9.5,DST,71.0,3.0,0.0,279.5,0.5,0.5
2,2012.0,11,Lester Jean,0.0,0.0,Jaguars,0.0,0.0,0.0,0.0,0.0,0.0,2.0,WR,0.0,0.0,27.5,1.0,0.0,0.0,0.0,0.0,0.5,Jaguars,0.0,0.6666666666666666,0.5555555555555556,Texans,251.66666666666663,27.33333333333333,4.666666666666667,DST,137.44444444444446,1.1111111111111112,0.0,389.11111111111114,0.0,0.4444444444444444
3,2012.0,13,Lester Jean,0.0,0.0,Titans,0.0,0.0,0.0,0.0,0.0,0.0,1.6666666666666667,WR,0.0,0.0,22.0,1.0,0.0,0.0,0.0,0.0,0.3333333333333333,Titans,0.18181818181818185,0.3636363636363637,0.9090909090909092,Texans,262.09090909090907,30.45454545454545,8.818181818181818,DST,129.8181818181818,2.090909090909091,0.09090909090909093,391.9090909090909,0.3636363636363637,0.5454545454545454
4,2012.0,14,Lester Jean,0.0,0.0,Patriots,0.0,0.0,0.0,0.0,0.0,0.0,4.0,WR,0.0,0.25,30.0,1.0,0.0,0.0,0.0,0.0,0.5,Patriots,0.0,1.5833333333333333,1.1666666666666667,Texans,279.9166666666667,21.66666666666667,13.833333333333336,DST,100.83333333333331,2.1666666666666665,0.08333333333333333,380.75,0.5833333333333334,0.5833333333333334
5,2013.0,6,Lester Jean,0.0,0.0,Rams,0.0,0.0,0.0,0.0,0.0,0.0,1.0,WR,0.0,0.0,14.0,2.0,0.0,0.0,0.0,0.0,0.0,Rams,0.0,1.0,0.6,Texans,256.4,28.2,7.6,DST,126.0,2.2,0.0,382.4,0.2,0.4
6,2013.0,7,Lester Jean,0.0,0.0,Chiefs,0.0,0.0,0.0,0.0,0.0,0.0,1.0,WR,0.0,0.0,14.0,2.0,0.0,0.0,0.0,0.0,0.0,Chiefs,0.0,1.3333333333333333,1.6666666666666667,Texans,190.33333333333331,10.833333333333336,22.0,DST,116.0,5.0,0.0,306.3333333333333,0.8333333333333334,0.5
