,Year,Week,Name,Fumble TD,Fumbles Lost,Opponent_x,Pass 2PT,Pass Attempts,Pass Completions,Pass Interceptions,Pass TD,Pass Yards,Points_x,Position_x,Receiving 2PT,Receiving TD,Receiving Yards,Receptions,Rush 2PT,Rush Attempts,Rush TD,Rush Yards,Away Games_x,Team,Blocks,Fumble Returns,Interception,Opponent_y,Pass Yards Allowed,Point After,Points_y,Position_y,Rush Yards Allowed,Sack,Safety,Total Yards,Touchdowns,Away Games_y
0,2013.0,8,Michael Cox,0.0,0.0,Eagles,0.0,0.0,0.0,0.0,0.0,0.0,2.0,RB,0.0,0.0,1.0,2.0,0.0,11.0,0.0,23.0,0.0,Eagles,0.0,0.5714285714285714,1.1428571428571428,Giants,311.57142857142856,28.0,7.428571428571429,DST,101.14285714285714,2.142857142857143,0.14285714285714285,412.71428571428567,0.0,0.5714285714285714
1,2013.0,16,Michael Cox,0.0,0.0,Lions,0.0,0.0,0.0,0.0,0.0,0.0,2.0,RB,0.0,0.0,6.0,1.5,0.0,10.0,0.0,21.0,0.5,Lions,0.0,0.35714285714285715,0.9285714285714286,Giants,252.92857142857144,24.214285714285715,8.428571428571429,DST,98.64285714285714,2.0,0.07142857142857142,351.57142857142856,0.2857142857142857,0.5
2,2014.0,9,Michael Cox,0.0,0.0,Colts,0.0,0.0,0.0,0.0,0.0,0.0,2.0,RB,0.0,0.0,0.0,0.0,0.0,2.0,0.0,27.0,0.0,Colts,0.125,1.0,0.75,Giants,252.875,23.375,10.25,DST,99.25,2.625,0.0,352.125,0.125,0.5
3,2014.0,10,Michael Cox,0.0,0.0,Seahawks,0.0,0.0,0.0,0.0,0.0,0.0,2.0,RB,0.0,0.0,0.0,0.0,0.0,2.0,0.0,27.0,0.0,Seahawks,0.125,0.625,0.625,Giants,221.875,21.75,8.375,DST,83.0,1.375,0.125,304.875,0.25,0.5
