,Unnamed: 0.1_x,Unnamed: 0.1.1_x,Fumble TD,Fumbles Lost,Name,Opponent_x,Pass 2PT,Pass Attempts,Pass Completions,Pass Interceptions,Pass TD,Pass Yards,Points_x,Position_x,Receiving 2PT,Receiving TD,Receiving Yards,Receptions,Rush 2PT,Rush Attempts,Rush TD,Rush Yards,Week,Year,Unnamed: 0.1_y,Unnamed: 0.1.1_y,Blocks,Fumble Returns,Interception,Opponent_y,Pass Yards Allowed,Point After,Points_y,Position_y,Rush Yards Allowed,Sack,Safety,Team,Total Yards,Touchdowns
0,483,483.0,0.0,0.0,Travaris Cadet,Jets,0.0,0.0,0.0,0.0,0.0,0.0,2.0,RB,0.0,0.0,26.0,3.0,0.0,1.0,0.0,3.0,6,2017.0,180,78.0,0.0,0.2,1.2,Patriots,211.6,21.2,8.0,DST,143.0,1.4,0.0,Jets,354.6,0.0
1,854,483.0,0.0,0.0,Travaris Cadet,Chargers,0.0,0.0,0.0,0.0,0.0,0.0,2.0,RB,0.0,0.0,26.0,3.0,0.0,1.0,0.0,3.0,11,2017.0,294,139.55555555555554,0.1111111111111111,0.4444444444444444,0.7777777777777778,Bills,208.66666666666663,19.11111111111111,9.555555555555557,DST,135.11111111111111,3.2222222222222223,0.0,Chargers,343.77777777777777,0.1111111111111111
2,936,668.5,0.0,0.0,Travaris Cadet,Chiefs,0.0,0.0,0.0,0.0,0.0,0.0,3.0,RB,0.0,0.0,32.5,4.5,0.0,2.0,0.0,10.0,12,2017.0,342,152.0,0.1,0.5,0.9,Bills,253.8,22.0,9.8,DST,129.2,1.9,0.0,Chiefs,383.0,0.3
3,1032,757.6666666666665,0.0,0.0,Travaris Cadet,Bills,0.0,0.0,0.0,0.0,0.0,0.0,3.333333333333333,RB,0.0,0.0,28.66666666666667,4.0,0.0,3.333333333333333,0.0,16.0,13,2017.0,367,177.45454545454547,0.0,0.6363636363636364,1.0909090909090908,Patriots,240.9090909090909,23.63636363636364,9.545454545454543,DST,114.0,1.5454545454545454,0.0,Bills,354.90909090909093,0.18181818181818185
