,Year,Week,Name,Fumble TD,Fumbles Lost,Opponent_x,Pass 2PT,Pass Attempts,Pass Completions,Pass Interceptions,Pass TD,Pass Yards,Points_x,Position_x,Receiving 2PT,Receiving TD,Receiving Yards,Receptions,Rush 2PT,Rush Attempts,Rush TD,Rush Yards,Away Games_x,Team,Blocks,Fumble Returns,Interception,Opponent_y,Pass Yards Allowed,Point After,Points_y,Position_y,Rush Yards Allowed,Sack,Safety,Total Yards,Touchdowns,Away Games_y
0,2014.0,3,Jamize Olawale,0.0,0.0,Patriots,0.0,0.0,0.0,0.0,0.0,0.0,0.0,RB,0.0,0.0,4.0,1.0,0.0,0.0,0.0,0.0,1.0,Patriots,0.5,1.0,2.5,Raiders,166.0,20.0,18.0,DST,122.5,3.5,0.0,288.5,0.5,1.0
1,2014.0,4,Jamize Olawale,0.0,0.0,Dolphins,0.0,0.0,0.0,0.0,0.0,0.0,0.0,RB,0.0,0.0,4.0,1.0,0.0,0.0,0.0,0.0,1.0,Dolphins,0.3333333333333333,1.3333333333333333,0.0,Raiders,198.66666666666663,27.66666666666667,8.333333333333334,DST,125.33333333333331,3.0,0.3333333333333333,324.0,0.0,0.3333333333333333
2,2014.0,6,Jamize Olawale,0.0,0.0,Chargers,0.0,0.0,0.0,0.0,0.0,0.0,0.0,RB,0.0,0.0,2.0,0.5,0.0,0.5,0.0,0.0,0.5,Chargers,0.2,1.0,0.6,Raiders,194.8,12.6,11.6,DST,96.0,2.4,0.2,290.8,0.0,0.4
3,2014.0,7,Jamize Olawale,0.0,0.0,Cardinals,0.0,0.0,0.0,0.0,0.0,0.0,0.0,RB,0.0,0.0,3.0,0.6666666666666666,0.0,0.3333333333333333,0.0,0.0,0.3333333333333333,Cardinals,0.2,0.6,1.6,Raiders,309.0,21.2,11.6,DST,75.8,1.2,0.0,384.8,0.4,0.4
4,2014.0,8,Jamize Olawale,0.0,0.0,Browns,0.0,0.0,0.0,0.0,0.0,0.0,0.0,RB,0.0,0.0,4.0,0.75,0.0,0.25,0.0,0.0,0.25,Browns,0.16666666666666666,0.16666666666666666,1.1666666666666667,Raiders,241.5,23.16666666666667,8.0,DST,155.5,2.0,0.16666666666666666,397.0,0.16666666666666666,0.5
5,2014.0,16,Jamize Olawale,0.0,0.0,Bills,0.0,0.0,0.0,0.0,0.0,0.0,0.0,RB,0.0,0.0,3.2,0.6,0.0,0.4,0.0,0.0,0.4,Bills,0.21428571428571427,0.7857142857142857,1.3571428571428572,Raiders,210.07142857142856,18.142857142857142,13.785714285714285,DST,103.35714285714286,3.5,0.07142857142857142,313.42857142857144,0.2857142857142857,0.42857142857142855
6,2014.0,17,Jamize Olawale,0.0,0.0,Broncos,0.0,0.0,0.0,0.0,0.0,0.0,1.0,RB,0.0,0.16666666666666666,2.833333333333333,0.6666666666666666,0.0,0.3333333333333333,0.0,0.0,0.3333333333333333,Broncos,0.13333333333333333,0.4,1.1333333333333333,Raiders,231.66666666666663,22.66666666666667,9.4,DST,80.6,2.533333333333333,0.06666666666666668,312.26666666666665,0.13333333333333333,0.5333333333333333
