,Year,Week,Name,Fumble TD,Fumbles Lost,Opponent_x,Pass 2PT,Pass Attempts,Pass Completions,Pass Interceptions,Pass TD,Pass Yards,Points_x,Position_x,Receiving 2PT,Receiving TD,Receiving Yards,Receptions,Rush 2PT,Rush Attempts,Rush TD,Rush Yards,Away Games_x,Team,Blocks,Fumble Returns,Interception,Opponent_y,Pass Yards Allowed,Point After,Points_y,Position_y,Rush Yards Allowed,Sack,Safety,Total Yards,Touchdowns,Away Games_y
0,2016.0,6,De'Anthony Thomas,0.0,0.0,Raiders,0.0,0.0,0.0,0.0,0.0,0.0,1.0,RB,0.0,0.0,14.0,2.0,0.0,0.0,0.0,0.0,1.0,Raiders,0.0,1.0,1.0,Chiefs,330.6,27.4,7.0,DST,122.0,1.4,0.0,452.6,0.0,0.6
1,2016.0,7,De'Anthony Thomas,0.0,0.0,Saints,0.0,0.0,0.0,0.0,0.0,0.0,1.0,RB,0.0,0.0,14.0,2.0,0.0,0.0,0.0,0.0,1.0,Saints,0.0,1.2,0.4,Chiefs,301.6,33.6,5.8,DST,117.8,1.8,0.0,419.4,0.0,0.4
2,2016.0,8,De'Anthony Thomas,0.0,0.0,Colts,0.0,0.0,0.0,0.0,0.0,0.0,1.0,RB,0.0,0.0,13.0,2.0,0.0,0.0,0.0,0.0,0.5,Colts,0.14285714285714285,0.7142857142857143,0.2857142857142857,Chiefs,281.14285714285717,28.57142857142857,5.285714285714286,DST,118.57142857142857,1.5714285714285714,0.0,399.71428571428567,0.14285714285714285,0.5714285714285714
3,2016.0,12,De'Anthony Thomas,0.0,0.0,Broncos,0.0,0.0,0.0,0.0,0.0,0.0,0.6666666666666666,RB,0.0,0.0,8.666666666666666,1.3333333333333333,0.0,0.6666666666666666,0.0,0.6666666666666666,0.6666666666666666,Broncos,0.2,1.0,1.0,Chiefs,194.3,18.9,12.6,DST,123.7,2.9,0.0,318.0,0.3,0.5
4,2016.0,13,De'Anthony Thomas,0.0,0.0,Falcons,0.0,0.0,0.0,0.0,0.0,0.0,0.5,RB,0.0,0.0,7.5,1.25,0.0,0.5,0.0,0.5,0.75,Falcons,0.09090909090909093,0.4545454545454545,0.6363636363636364,Chiefs,282.1818181818182,27.45454545454545,7.090909090909091,DST,98.8181818181818,2.1818181818181817,0.0,381.0,0.2727272727272727,0.5454545454545454
5,2016.0,14,De'Anthony Thomas,0.0,0.0,Raiders,0.0,0.0,0.0,0.0,0.0,0.0,0.8,RB,0.0,0.0,6.0,1.0,0.0,0.6,0.0,5.0,0.8,Raiders,0.08333333333333333,0.8333333333333334,0.9166666666666666,Chiefs,264.8333333333333,24.91666666666667,7.833333333333332,DST,124.83333333333331,1.75,0.0,389.66666666666674,0.08333333333333333,0.4166666666666667
6,2016.0,15,De'Anthony Thomas,0.0,0.0,Titans,0.0,0.0,0.0,0.0,0.0,0.0,0.6666666666666666,RB,0.0,0.0,5.166666666666667,1.0,0.0,0.5,0.0,4.166666666666667,0.6666666666666666,Titans,0.0,0.3076923076923077,0.8461538461538461,Chiefs,274.9230769230769,23.538461538461537,6.846153846153847,DST,86.61538461538461,2.5384615384615383,0.0,361.5384615384616,0.0,0.4615384615384616
