,Year,Week,Name,Fumble TD,Fumbles Lost,Opponent,Pass 2PT,Pass Attempts,Pass Completions,Pass Interceptions,Pass TD,Pass Yards,Points,Position,Receiving 2PT,Receiving TD,Receiving Yards,Receptions,Rush 2PT,Rush Attempts,Rush TD,Rush Yards,Away Games
1912,2016.0,6,De'Anthony Thomas,0.0,0.0,Raiders,0.0,0.0,0.0,0.0,0.0,0.0,1.0,RB,0.0,0.0,14.0,2.0,0.0,0.0,0.0,0.0,1.0
1989,2016.0,7,De'Anthony Thomas,0.0,0.0,Saints,0.0,0.0,0.0,0.0,0.0,0.0,1.0,RB,0.0,0.0,14.0,2.0,0.0,0.0,0.0,0.0,1.0
2082,2016.0,8,De'Anthony Thomas,0.0,0.0,Colts,0.0,0.0,0.0,0.0,0.0,0.0,1.0,RB,0.0,0.0,13.0,2.0,0.0,0.0,0.0,0.0,0.5
2384,2016.0,12,De'Anthony Thomas,0.0,0.0,Broncos,0.0,0.0,0.0,0.0,0.0,0.0,0.6666666666666666,RB,0.0,0.0,8.666666666666666,1.3333333333333333,0.0,0.6666666666666666,0.0,0.6666666666666666,0.6666666666666666
2447,2016.0,13,De'Anthony Thomas,0.0,0.0,Falcons,0.0,0.0,0.0,0.0,0.0,0.0,0.5,RB,0.0,0.0,7.5,1.25,0.0,0.5,0.0,0.5,0.75
2546,2016.0,14,De'Anthony Thomas,0.0,0.0,Raiders,0.0,0.0,0.0,0.0,0.0,0.0,0.8,RB,0.0,0.0,6.0,1.0,0.0,0.6,0.0,5.0,0.8
2643,2016.0,15,De'Anthony Thomas,0.0,0.0,Titans,0.0,0.0,0.0,0.0,0.0,0.0,0.6666666666666666,RB,0.0,0.0,5.166666666666667,1.0,0.0,0.5,0.0,4.166666666666667,0.6666666666666666
