,Year,Week,Name,Fumble TD,Fumbles Lost,Opponent,Pass 2PT,Pass Attempts,Pass Completions,Pass Interceptions,Pass TD,Pass Yards,Points,Position,Receiving 2PT,Receiving TD,Receiving Yards,Receptions,Rush 2PT,Rush Attempts,Rush TD,Rush Yards,Away Games
5521,2013.0,2,Keshawn Martin,0.0,0.0,Titans,0.0,0.0,0.0,0.0,0.0,0.0,3.0,WR,0.0,0.0,37.0,2.0,0.0,0.0,0.0,0.0,0.0
5635,2013.0,3,Keshawn Martin,0.0,0.0,Ravens,0.0,0.0,0.0,0.0,0.0,0.0,3.0,WR,0.0,0.0,37.0,2.0,0.0,0.0,0.0,0.0,0.0
5777,2013.0,4,Keshawn Martin,0.0,0.0,Seahawks,0.0,0.0,0.0,0.0,0.0,0.0,3.0,WR,0.0,0.0,36.0,2.0,0.0,0.0,0.0,0.0,0.5
5858,2013.0,5,Keshawn Martin,0.0,0.0,49ers,0.0,0.0,0.0,0.0,0.0,0.0,2.0,WR,0.0,0.0,26.0,1.6666666666666667,0.0,0.0,0.0,0.0,0.3333333333333333
5982,2013.0,6,Keshawn Martin,0.0,0.0,Rams,0.0,0.0,0.0,0.0,0.0,0.0,1.75,WR,0.0,0.0,23.0,1.5,0.0,0.0,0.0,0.0,0.5
6439,2013.0,11,Keshawn Martin,0.0,0.2,Raiders,0.0,0.0,0.0,0.0,0.0,0.0,1.4,WR,0.0,0.0,20.8,1.6,0.0,0.0,0.0,0.0,0.4
6562,2013.0,12,Keshawn Martin,0.0,0.16666666666666666,Jaguars,0.0,0.0,0.0,0.0,0.0,0.0,1.6666666666666667,WR,0.0,0.0,22.666666666666668,1.6666666666666667,0.0,0.0,0.0,0.0,0.3333333333333333
6660,2013.0,13,Keshawn Martin,0.0,0.14285714285714285,Patriots,0.0,0.0,0.0,0.0,0.0,0.0,1.5714285714285714,WR,0.0,0.0,21.142857142857142,1.5714285714285714,0.0,0.0,0.0,0.0,0.2857142857142857
6737,2013.0,14,Keshawn Martin,0.0,0.125,Jaguars,0.0,0.0,0.0,0.0,0.0,0.0,1.625,WR,0.0,0.0,21.875,1.5,0.0,0.0,0.0,0.0,0.25
6903,2013.0,15,Keshawn Martin,0.0,0.1111111111111111,Colts,0.0,0.0,0.0,0.0,0.0,0.0,2.3333333333333335,WR,0.0,0.1111111111111111,22.555555555555557,1.7777777777777777,0.0,0.0,0.0,0.0,0.3333333333333333
6943,2013.0,16,Keshawn Martin,0.0,0.1,Broncos,0.0,0.0,0.0,0.0,0.0,0.0,2.2,WR,0.0,0.1,21.6,1.7,0.0,0.0,0.0,0.0,0.4
7136,2013.0,17,Keshawn Martin,0.0,0.09090909090909091,Titans,0.0,0.0,0.0,0.0,0.0,0.0,2.8181818181818183,WR,0.0,0.18181818181818182,22.818181818181817,1.9090909090909092,0.0,0.0,0.0,0.0,0.36363636363636365
