,Year,Week,Name,Fumble TD,Fumbles Lost,Opponent,Pass 2PT,Pass Attempts,Pass Completions,Pass Interceptions,Pass TD,Pass Yards,Points,Position,Receiving 2PT,Receiving TD,Receiving Yards,Receptions,Rush 2PT,Rush Attempts,Rush TD,Rush Yards,Away Games
3073,2010.0,3,Stefan Logan,0.0,1.0,Min,0.0,0.0,0.0,0.0,0.0,0.0,1.0,RB,0.0,0.0,0.0,0.0,0.0,1.0,0.0,21.0,1.0
3702,2010.0,11,Stefan Logan,0.0,1.0,Cowboys,0.0,0.0,0.0,0.0,0.0,0.0,1.0,RB,0.0,0.0,0.0,0.0,0.0,1.0,0.0,21.0,1.0
3876,2010.0,13,Stefan Logan,0.0,0.5,Bears,0.0,0.0,0.0,0.0,0.0,0.0,0.5,RB,0.0,0.0,0.0,0.0,0.0,1.0,0.0,12.5,1.0
3945,2010.0,14,Stefan Logan,0.0,0.3333333333333333,Packers,0.0,0.0,0.0,0.0,0.0,0.0,0.6666666666666666,RB,0.0,0.0,0.0,0.0,0.0,1.3333333333333333,0.0,14.333333333333334,0.6666666666666666
4052,2010.0,15,Stefan Logan,0.0,0.25,Buccaneers,0.0,0.0,0.0,0.0,0.0,0.0,1.25,RB,0.0,0.0,0.0,0.0,0.0,2.25,0.0,18.25,0.5
4159,2010.0,16,Stefan Logan,0.0,0.2,Dolphins,0.0,0.2,0.0,0.0,0.0,0.0,1.2,RB,0.0,0.0,0.0,0.0,0.0,2.6,0.0,16.8,0.6
4235,2010.0,17,Stefan Logan,0.0,0.16666666666666666,Min,0.0,0.16666666666666666,0.0,0.0,0.0,0.0,1.0,RB,0.0,0.0,0.0,0.0,0.0,2.3333333333333335,0.0,13.833333333333334,0.6666666666666666
