,Year,Week,Name,Fumble TD,Fumbles Lost,Opponent_x,Pass 2PT,Pass Attempts,Pass Completions,Pass Interceptions,Pass TD,Pass Yards,Points_x,Position_x,Receiving 2PT,Receiving TD,Receiving Yards,Receptions,Rush 2PT,Rush Attempts,Rush TD,Rush Yards,Away Games_x,Team,Blocks,Fumble Returns,Interception,Opponent_y,Pass Yards Allowed,Point After,Points_y,Position_y,Rush Yards Allowed,Sack,Safety,Total Yards,Touchdowns,Away Games_y
0,2010.0,11,Stefan Logan,0.0,1.0,Cowboys,0.0,0.0,0.0,0.0,0.0,0.0,1.0,RB,0.0,0.0,0.0,0.0,0.0,1.0,0.0,21.0,1.0,Cowboys,0.1111111111111111,0.6666666666666666,0.7777777777777778,Lions,232.0,28.0,9.222222222222221,DST,122.0,1.8888888888888888,0.0,354.0,0.3333333333333333,0.5555555555555556
1,2010.0,13,Stefan Logan,0.0,0.5,Bears,0.0,0.0,0.0,0.0,0.0,0.0,0.5,RB,0.0,0.0,0.0,0.0,0.0,1.0,0.0,12.5,1.0,Bears,0.18181818181818185,0.9090909090909092,1.4545454545454546,Lions,219.72727272727272,15.636363636363635,13.636363636363635,DST,80.45454545454545,2.090909090909091,0.0,300.1818181818182,0.2727272727272727,0.4545454545454545
2,2010.0,14,Stefan Logan,0.0,0.3333333333333333,Packers,0.0,0.0,0.0,0.0,0.0,0.0,0.6666666666666666,RB,0.0,0.0,0.0,0.0,0.0,1.3333333333333333,0.0,14.333333333333336,0.6666666666666666,Packers,0.0,0.5,1.3333333333333333,Lions,205.16666666666663,15.166666666666664,13.333333333333336,DST,111.25,2.9166666666666665,0.0,316.4166666666667,0.3333333333333333,0.5
3,2010.0,15,Stefan Logan,0.0,0.25,Buccaneers,0.0,0.0,0.0,0.0,0.0,0.0,1.25,RB,0.0,0.0,0.0,0.0,0.0,2.25,0.0,18.25,0.5,Buccaneers,0.0,0.5384615384615384,1.3846153846153846,Lions,206.23076923076923,20.53846153846154,10.23076923076923,DST,133.0769230769231,1.5384615384615383,0.0,339.3076923076923,0.3076923076923077,0.5384615384615384
4,2010.0,16,Stefan Logan,0.0,0.2,Dolphins,0.0,0.2,0.0,0.0,0.0,0.0,1.2,RB,0.0,0.0,0.0,0.0,0.0,2.6,0.0,16.8,0.6,Dolphins,0.07142857142857142,0.5,0.7857142857142857,Lions,201.35714285714286,18.642857142857142,10.0,DST,96.64285714285714,2.642857142857143,0.07142857142857142,298.0,0.07142857142857142,0.5
