,Unnamed: 0,Unnamed: 0.1,Fumble TD,Fumbles Lost,Name,Opponent,Pass 2PT,Pass Attempts,Pass Completions,Pass Interceptions,Pass TD,Pass Yards,Points,Position,Receiving 2PT,Receiving TD,Receiving Yards,Receptions,Rush 2PT,Rush Attempts,Rush TD,Rush Yards,Week,Year
162,162,162.0,0.0,0.0,Aaron Ripkowski,Falcons,0.0,0.0,0.0,0.0,0.0,0.0,0.0,RB,0.0,0.0,2.0,1.0,0.0,0.0,0.0,0.0,2,2017.0
345,345,162.0,0.0,0.0,Aaron Ripkowski,Packers,0.0,0.0,0.0,0.0,0.0,0.0,0.0,RB,0.0,0.0,2.0,1.0,0.0,0.0,0.0,0.0,4,2017.0
427,427,253.5,0.0,0.0,Aaron Ripkowski,Cowboys,0.0,0.0,0.0,0.0,0.0,0.0,0.0,RB,0.0,0.0,4.0,1.0,0.0,0.5,0.0,2.0,5,2017.0
504,504,311.3333333333333,0.0,0.0,Aaron Ripkowski,Vikings,0.0,0.0,0.0,0.0,0.0,0.0,0.0,RB,0.0,0.0,2.6666666666666665,0.6666666666666666,0.0,0.6666666666666666,0.0,2.0,6,2017.0
723,723,359.5,0.0,0.0,Aaron Ripkowski,Packers,0.0,0.0,0.0,0.0,0.0,0.0,0.0,RB,0.0,0.0,2.0,0.75,0.0,0.5,0.0,1.5,9,2017.0
796,796,432.2,0.0,0.0,Aaron Ripkowski,Bears,0.0,0.0,0.0,0.0,0.0,0.0,0.0,RB,0.0,0.0,3.4,0.8,0.0,0.4,0.0,1.2,10,2017.0
883,883,492.8333333333333,0.0,0.0,Aaron Ripkowski,Packers,0.0,0.0,0.0,0.0,0.0,0.0,0.16666666666666666,RB,0.0,0.0,4.833333333333333,0.8333333333333334,0.0,0.6666666666666666,0.0,1.5,11,2017.0
967,967,548.5714285714286,0.0,0.0,Aaron Ripkowski,Steelers,0.0,0.0,0.0,0.0,0.0,0.0,0.14285714285714285,RB,0.0,0.0,5.0,0.8571428571428571,0.0,0.5714285714285714,0.0,1.2857142857142858,12,2017.0
