,Year,Week,Name,Fumble TD,Fumbles Lost,Opponent_x,Pass 2PT,Pass Attempts,Pass Completions,Pass Interceptions,Pass TD,Pass Yards,Points_x,Position_x,Receiving 2PT,Receiving TD,Receiving Yards,Receptions,Rush 2PT,Rush Attempts,Rush TD,Rush Yards,Away Games_x,Team,Blocks,Fumble Returns,Interception,Opponent_y,Pass Yards Allowed,Point After,Points_y,Position_y,Rush Yards Allowed,Sack,Safety,Total Yards,Touchdowns,Away Games_y
0,2010,10,Josh Vaughan,0,0,Buccaneers,0,0,0,0,0,0,6.0,RB,0,0,0,0,0,3,1,7,1,Buccaneers,0.0,0.5,1.75,Panthers,213.5,23.75,10.375,DST,147.0,0.75,0.0,360.5,0.5,0.5
1,2011,16,Josh Vaughan,0,0,Buccaneers,0,0,0,0,0,0,2.0,RB,0,0,0,0,0,7,0,24,0,Buccaneers,0.07142857142857142,0.6428571428571429,0.9285714285714286,Panthers,248.14285714285717,28.642857142857146,7.928571428571429,DST,141.14285714285714,1.5714285714285714,0.07142857142857142,389.28571428571433,0.21428571428571427,0.42857142857142855
2,2013,11,Josh Vaughan,0,0,Buccaneers,0,0,0,0,0,0,0.0,RB,0,0,-5,1,0,1,0,1,1,Buccaneers,0.0,0.5555555555555556,1.0,Falcons,237.22222222222226,23.222222222222218,8.444444444444445,DST,95.77777777777777,2.1111111111111107,0.1111111111111111,333.0,0.1111111111111111,0.4444444444444444
