,Year,Week,Name,Fumble TD,Fumbles Lost,Opponent_x,Pass 2PT,Pass Attempts,Pass Completions,Pass Interceptions,Pass TD,Pass Yards,Points_x,Position_x,Receiving 2PT,Receiving TD,Receiving Yards,Receptions,Rush 2PT,Rush Attempts,Rush TD,Rush Yards,Away Games_x,Team,Blocks,Fumble Returns,Interception,Opponent_y,Pass Yards Allowed,Point After,Points_y,Position_y,Rush Yards Allowed,Sack,Safety,Total Yards,Touchdowns,Away Games_y
0,2012.0,9,Travaris Cadet,0.0,1.0,Eagles,0.0,0.0,0.0,0.0,0.0,0.0,-1.0,RB,0.0,0.0,0.0,0.0,0.0,1.0,0.0,5.0,0.0,Eagles,0.14285714285714285,0.14285714285714285,1.0,Saints,229.14285714285717,22.142857142857146,6.0,DST,110.42857142857143,1.2857142857142858,0.0,339.57142857142856,0.0,0.42857142857142855
1,2012.0,10,Travaris Cadet,0.0,1.0,Falcons,0.0,0.0,0.0,0.0,0.0,0.0,-1.0,RB,0.0,0.0,0.0,0.0,0.0,1.0,0.0,5.0,0.0,Falcons,0.0,0.875,1.25,Saints,228.75,17.875,11.375,DST,127.5,2.5,0.0,356.25,0.125,0.5
2,2012.0,11,Travaris Cadet,0.0,0.5,Raiders,0.0,0.0,0.0,0.0,0.0,0.0,0.0,RB,0.0,0.0,8.0,1.0,0.0,0.5,0.0,2.5,0.0,Raiders,0.1111111111111111,0.7777777777777778,0.6666666666666666,Saints,255.88888888888889,31.555555555555557,5.111111111111111,DST,119.0,1.2222222222222223,0.0,374.88888888888886,0.0,0.5555555555555556
3,2012.0,15,Travaris Cadet,0.0,0.3333333333333333,Buccaneers,0.0,0.0,0.0,0.0,0.0,0.0,0.6666666666666666,RB,0.0,0.0,13.666666666666664,1.3333333333333333,0.0,0.3333333333333333,0.0,1.6666666666666667,0.3333333333333333,Buccaneers,0.15384615384615385,0.5384615384615384,1.3076923076923077,Saints,311.61538461538464,23.69230769230769,9.76923076923077,DST,78.23076923076924,1.8461538461538465,0.0,389.8461538461538,0.3076923076923077,0.4615384615384616
