,Unnamed: 0.1,50+,FGA,FGM,Name,Opponent_x,Points_x,Position_x,Week,XPA,XPM,Year,Away Games_x,Team,Blocks,Fumble Returns,Interception,Opponent_y,Pass Yards Allowed,Point After,Points_y,Position_y,Rush Yards Allowed,Sack,Safety,Total Yards,Touchdowns,Away Games_y
0,487.0,0.0,0.0,0.0,Pat McAfee,Cowboys,0.0,K,16,0.0,0.0,2014.0,1.0,Cowboys,0.07142857142857142,0.7142857142857143,1.0,Colts,249.57142857142856,23.42857142857143,7.928571428571429,DST,110.35714285714286,1.6428571428571428,0.0,359.92857142857144,0.14285714285714285,0.5
1,92.0,0.0,0.0,0.0,Pat McAfee,Titans,1.0,K,3,0.0,0.0,2015.0,1.0,Titans,0.0,0.0,1.0,Colts,169.5,21.0,10.0,DST,104.0,3.0,0.0,273.5,0.5,1.0
2,362.0,0.0,0.0,0.0,Pat McAfee,Steelers,1.0,K,12,0.0,0.0,2016.0,0.0,Steelers,0.1,0.7,0.5,Colts,267.9,21.5,8.1,DST,95.7,2.1,0.0,363.6,0.1,0.5
3,362.0,0.0,0.0,0.0,Pat McAfee,Raiders,1.0,K,16,0.0,0.0,2016.0,0.0,Raiders,0.14285714285714285,0.9285714285714286,0.9285714285714286,Colts,259.0,24.0,8.214285714285714,DST,116.85714285714286,1.7857142857142858,0.0,375.8571428571428,0.07142857142857142,0.5
