,Year,Week,Name,Fumble TD,Fumbles Lost,Opponent_x,Pass 2PT,Pass Attempts,Pass Completions,Pass Interceptions,Pass TD,Pass Yards,Points_x,Position_x,Receiving 2PT,Receiving TD,Receiving Yards,Receptions,Rush 2PT,Rush Attempts,Rush TD,Rush Yards,Away Games_x,Team,Blocks,Fumble Returns,Interception,Opponent_y,Pass Yards Allowed,Point After,Points_y,Position_y,Rush Yards Allowed,Sack,Safety,Total Yards,Touchdowns,Away Games_y
0,2010.0,5,Kris Wilson,0.0,0.0,Raiders,0.0,0.0,0.0,0.0,0.0,0.0,1.0,TE,0.0,0.0,17.0,2.0,0.0,0.0,0.0,0.0,1.0,Raiders,0.0,0.75,0.5,Chargers,143.75,26.75,5.5,DST,162.0,1.75,0.0,305.75,0.0,0.5
1,2010.0,7,Kris Wilson,0.0,0.0,Patriots,0.0,0.0,0.0,0.0,0.0,0.0,1.0,TE,0.0,0.0,17.0,2.0,0.0,0.0,0.0,0.0,1.0,Patriots,0.4,0.2,1.4,Chargers,273.4,23.2,13.8,DST,109.6,2.0,0.0,383.0,1.0,0.4
2,2010.0,9,Kris Wilson,0.0,0.5,Texans,0.0,0.0,0.0,0.0,0.0,0.0,0.0,TE,0.0,0.0,13.0,1.5,0.0,0.0,0.0,0.0,0.5,Texans,0.14285714285714285,0.2857142857142857,0.5714285714285714,Chargers,299.42857142857144,28.142857142857146,4.142857142857143,DST,104.71428571428572,1.5714285714285714,0.0,404.1428571428572,0.0,0.42857142857142855
3,2010.0,16,Kris Wilson,0.0,0.3333333333333333,Bengals,0.0,0.0,0.0,0.0,0.0,0.0,1.0,TE,0.0,0.0,21.0,1.3333333333333333,0.0,0.0,0.0,0.0,0.6666666666666666,Bengals,0.0,0.5714285714285714,1.0,Chargers,222.78571428571428,25.857142857142854,7.357142857142858,DST,120.07142857142857,1.5714285714285714,0.0,342.85714285714283,0.14285714285714285,0.5
4,2010.0,17,Kris Wilson,0.0,0.25,Broncos,0.0,0.0,0.0,0.0,0.0,0.0,0.75,TE,0.0,0.0,17.5,1.25,0.0,0.0,0.0,0.0,0.75,Broncos,0.0,0.5333333333333333,0.6,Chargers,233.13333333333333,29.2,5.2,DST,153.93333333333334,1.2,0.0,387.06666666666666,0.06666666666666668,0.5333333333333333
