,Year,Week,Name,Fumble TD,Fumbles Lost,Opponent_x,Pass 2PT,Pass Attempts,Pass Completions,Pass Interceptions,Pass TD,Pass Yards,Points_x,Position_x,Receiving 2PT,Receiving TD,Receiving Yards,Receptions,Rush 2PT,Rush Attempts,Rush TD,Rush Yards,Away Games_x,Team,Blocks,Fumble Returns,Interception,Opponent_y,Pass Yards Allowed,Point After,Points_y,Position_y,Rush Yards Allowed,Sack,Safety,Total Yards,Touchdowns,Away Games_y
0,2016.0,4,Aaron Burbridge,0.0,0.0,Cowboys,0.0,0.0,0.0,0.0,0.0,0.0,0.0,WR,0.0,0.0,5.0,1.0,0.0,0.0,0.0,0.0,0.0,Cowboys,0.0,0.6666666666666666,0.6666666666666666,49ers,288.3333333333333,20.0,7.333333333333332,DST,91.0,1.6666666666666667,0.0,379.33333333333326,0.0,0.3333333333333333
1,2016.0,7,Aaron Burbridge,0.0,0.0,Buccaneers,0.0,0.0,0.0,0.0,0.0,0.0,0.0,WR,0.0,0.0,5.0,1.0,0.0,0.0,0.0,0.0,0.0,Buccaneers,0.0,0.6,0.6,49ers,262.4,28.4,6.6,DST,103.8,1.8,0.0,366.2,0.2,0.6
2,2016.0,15,Aaron Burbridge,0.0,0.5,Falcons,0.0,0.0,0.0,0.0,0.0,0.0,0.0,WR,0.0,0.0,10.0,1.0,0.0,0.0,0.0,0.0,0.0,Falcons,0.15384615384615385,0.6923076923076923,0.6923076923076923,49ers,275.23076923076917,26.538461538461537,8.615384615384615,DST,101.07692307692308,2.1538461538461537,0.0,376.3076923076923,0.38461538461538464,0.5384615384615384
3,2016.0,17,Aaron Burbridge,0.0,0.25,Seahawks,0.0,0.0,0.0,0.0,0.0,0.0,0.75,WR,0.0,0.0,16.0,1.5,0.0,0.0,0.0,0.0,0.5,Seahawks,0.2,0.4,0.7333333333333333,49ers,228.06666666666663,17.933333333333334,9.733333333333333,DST,95.0,2.466666666666667,0.06666666666666668,323.06666666666666,0.06666666666666668,0.4666666666666667
