,Year,Week,Name,Fumble TD,Fumbles Lost,Opponent_x,Pass 2PT,Pass Attempts,Pass Completions,Pass Interceptions,Pass TD,Pass Yards,Points_x,Position_x,Receiving 2PT,Receiving TD,Receiving Yards,Receptions,Rush 2PT,Rush Attempts,Rush TD,Rush Yards,Away Games_x,Team,Blocks,Fumble Returns,Interception,Opponent_y,Pass Yards Allowed,Point After,Points_y,Position_y,Rush Yards Allowed,Sack,Safety,Total Yards,Touchdowns,Away Games_y
0,2012.0,4,Cole Beasley,0.0,0.0,Bears,0.0,0.0,0.0,0.0,0.0,0.0,1.0,WR,0.0,0.0,14.0,2.0,0.0,0.0,0.0,0.0,0.0,Bears,0.0,1.0,2.0,Cowboys,203.0,16.666666666666668,16.666666666666668,DST,76.0,4.666666666666667,0.0,279.0,0.3333333333333333,0.3333333333333333
1,2012.0,9,Cole Beasley,0.0,0.0,Falcons,0.0,0.0,0.0,0.0,0.0,0.0,1.0,WR,0.0,0.0,14.0,2.0,0.0,0.0,0.0,0.0,0.0,Falcons,0.0,1.0,1.4285714285714286,Cowboys,216.85714285714286,18.571428571428573,11.857142857142858,DST,136.42857142857142,2.7142857142857144,0.0,353.28571428571433,0.14285714285714285,0.5714285714285714
2,2012.0,10,Cole Beasley,0.0,0.0,Eagles,0.0,0.0,0.0,0.0,0.0,0.0,0.5,WR,0.0,0.0,11.0,1.5,0.0,0.0,0.0,0.0,0.5,Eagles,0.125,0.375,0.875,Cowboys,229.375,22.875,6.0,DST,114.125,1.375,0.0,343.5,0.0,0.5
3,2012.0,11,Cole Beasley,0.0,0.0,Browns,0.0,0.0,0.0,0.0,0.0,0.0,0.3333333333333333,WR,0.0,0.0,8.333333333333334,1.3333333333333333,0.0,0.0,0.0,0.0,0.6666666666666666,Browns,0.0,0.6666666666666666,1.1111111111111112,Cowboys,247.88888888888889,23.444444444444446,9.555555555555557,DST,132.22222222222223,2.2222222222222223,0.0,380.11111111111114,0.2222222222222222,0.4444444444444444
4,2012.0,12,Cole Beasley,0.0,0.0,Redskins,0.0,0.0,0.0,0.0,0.0,0.0,0.25,WR,0.0,0.0,8.25,1.25,0.0,0.0,0.0,0.0,0.5,Redskins,0.0,0.6,1.2,Cowboys,289.2,25.4,10.0,DST,94.6,1.8,0.0,383.8,0.5,0.5
5,2012.0,13,Cole Beasley,0.0,0.0,Eagles,0.0,0.0,0.0,0.0,0.0,0.0,1.4,WR,0.0,0.0,20.2,2.4,0.0,0.0,0.0,0.0,0.4,Eagles,0.09090909090909093,0.2727272727272727,0.6363636363636364,Cowboys,228.0909090909091,25.63636363636364,5.0,DST,117.45454545454544,1.6363636363636365,0.0,345.54545454545456,0.0,0.4545454545454545
6,2012.0,15,Cole Beasley,0.0,0.0,Steelers,0.0,0.0,0.0,0.0,0.0,0.0,1.3333333333333333,WR,0.0,0.0,19.0,2.1666666666666665,0.0,0.0,0.0,0.0,0.3333333333333333,Steelers,0.07692307692307693,0.38461538461538464,0.5384615384615384,Cowboys,169.23076923076925,20.30769230769231,8.23076923076923,DST,93.15384615384615,2.0,0.0,262.38461538461536,0.07692307692307693,0.5384615384615384
