,Year,Week,Name,Fumble TD,Fumbles Lost,Opponent_x,Pass 2PT,Pass Attempts,Pass Completions,Pass Interceptions,Pass TD,Pass Yards,Points_x,Position_x,Receiving 2PT,Receiving TD,Receiving Yards,Receptions,Rush 2PT,Rush Attempts,Rush TD,Rush Yards,Away Games_x,Team,Blocks,Fumble Returns,Interception,Opponent_y,Pass Yards Allowed,Point After,Points_y,Position_y,Rush Yards Allowed,Sack,Safety,Total Yards,Touchdowns,Away Games_y
0,2015.0,1,Levine Toilolo,0.0,0.0,Eagles,0.0,0.0,0.0,0.0,0.0,0.0,0.0,TE,0.0,0.0,4.0,1.0,0.0,0.0,0.0,0.0,0.0,Eagles,0.0,0.0,2.0,Falcons,290.0,26.0,6.0,DST,105.0,1.0,0.0,395.0,0.0,1.0
1,2015.0,3,Levine Toilolo,0.0,0.0,Cowboys,0.0,0.0,0.0,0.0,0.0,0.0,0.0,TE,0.0,0.0,4.0,1.0,0.0,0.0,0.0,0.0,0.0,Cowboys,0.5,0.5,1.0,Falcons,202.5,18.0,12.0,DST,53.0,1.0,0.0,255.5,0.5,0.5
2,2015.0,6,Levine Toilolo,0.0,0.0,Saints,0.0,0.0,0.0,0.0,0.0,0.0,1.0,TE,0.5,0.0,5.0,1.0,0.0,0.0,0.0,0.0,0.5,Saints,0.0,0.6,0.4,Falcons,273.2,28.6,5.8,DST,135.8,1.4,0.0,409.0,0.2,0.6
3,2015.0,8,Levine Toilolo,0.0,0.0,Buccaneers,0.0,0.0,0.0,0.0,0.0,0.0,1.0,TE,0.3333333333333333,0.0,9.333333333333334,1.3333333333333333,0.0,0.0,0.0,0.0,0.6666666666666666,Buccaneers,0.16666666666666666,1.0,0.5,Falcons,219.5,29.83333333333333,9.333333333333334,DST,108.66666666666669,2.6666666666666665,0.0,328.1666666666667,0.3333333333333333,0.5
4,2015.0,9,Levine Toilolo,0.0,0.0,49ers,0.0,0.0,0.0,0.0,0.0,0.0,0.75,TE,0.25,0.0,8.75,1.25,0.0,0.0,0.0,0.0,0.5,49ers,0.125,0.125,0.875,Falcons,280.0,25.875,6.875,DST,123.75,1.75,0.0,403.75,0.0,0.5
5,2015.0,17,Levine Toilolo,0.0,0.0,Saints,0.0,0.0,0.0,0.0,0.0,0.0,0.6,TE,0.2,0.0,7.2,1.2,0.0,0.0,0.0,0.0,0.6,Saints,0.06666666666666668,0.8,0.5333333333333333,Falcons,281.1333333333333,30.6,7.066666666666666,DST,132.26666666666668,2.0,0.0,413.4,0.2,0.4666666666666667
