,Year,Week,Name,Fumble TD,Fumbles Lost,Opponent_x,Pass 2PT,Pass Attempts,Pass Completions,Pass Interceptions,Pass TD,Pass Yards,Points_x,Position_x,Receiving 2PT,Receiving TD,Receiving Yards,Receptions,Rush 2PT,Rush Attempts,Rush TD,Rush Yards,Away Games_x,Team,Blocks,Fumble Returns,Interception,Opponent_y,Pass Yards Allowed,Point After,Points_y,Position_y,Rush Yards Allowed,Sack,Safety,Total Yards,Touchdowns,Away Games_y
0,2016.0,3,Derek Watt,0.0,0.0,Colts,0.0,0.0,0.0,0.0,0.0,0.0,0.0,RB,0.0,0.0,6.0,1.0,0.0,0.0,0.0,0.0,1.0,Colts,0.0,0.0,0.5,Chargers,299.0,36.5,2.0,DST,125.0,1.0,0.0,424.0,0.0,0.5
1,2016.0,5,Derek Watt,0.0,0.0,Raiders,0.0,0.0,0.0,0.0,0.0,0.0,0.0,RB,0.0,0.0,6.0,1.0,0.0,0.0,0.0,0.0,1.0,Raiders,0.0,0.75,0.75,Chargers,325.5,26.5,6.25,DST,134.5,1.25,0.0,460.0,0.0,0.75
2,2016.0,6,Derek Watt,0.0,0.0,Broncos,0.0,0.0,0.0,0.0,0.0,0.0,0.0,RB,0.0,0.0,3.0,0.5,0.0,0.5,0.0,1.0,1.0,Broncos,0.0,0.8,1.0,Chargers,185.6,17.4,13.8,DST,115.4,3.8,0.0,301.0,0.4,0.4
3,2016.0,8,Derek Watt,0.0,0.0,Broncos,0.0,0.0,0.0,0.0,0.0,0.0,0.0,RB,0.0,0.0,4.666666666666667,0.6666666666666666,0.0,0.3333333333333333,0.0,0.6666666666666666,0.6666666666666666,Broncos,0.0,1.1428571428571428,0.7142857142857143,Chargers,175.0,16.714285714285715,12.571428571428573,DST,116.57142857142857,3.1428571428571432,0.0,291.57142857142856,0.2857142857142857,0.42857142857142855
4,2016.0,13,Derek Watt,0.0,0.0,Buccaneers,0.0,0.0,0.0,0.0,0.0,0.0,1.25,RB,0.0,0.0,16.75,0.75,0.0,0.25,0.0,0.5,0.75,Buccaneers,0.0,1.0,0.8181818181818182,Chargers,253.45454545454547,24.0,10.181818181818182,DST,115.8181818181818,2.4545454545454546,0.09090909090909093,369.27272727272725,0.18181818181818185,0.4545454545454545
5,2016.0,16,Derek Watt,0.0,0.0,Browns,0.0,0.0,0.0,0.0,0.0,0.0,1.0,RB,0.0,0.0,13.4,0.6,0.0,0.4,0.0,0.8,0.6,Browns,0.0,0.21428571428571427,0.5714285714285714,Chargers,245.07142857142856,29.142857142857146,3.8571428571428568,DST,155.71428571428572,1.5714285714285714,0.0,400.78571428571433,0.07142857142857142,0.5
