,Year,Week,Name,Fumble TD,Fumbles Lost,Opponent_x,Pass 2PT,Pass Attempts,Pass Completions,Pass Interceptions,Pass TD,Pass Yards,Points_x,Position_x,Receiving 2PT,Receiving TD,Receiving Yards,Receptions,Rush 2PT,Rush Attempts,Rush TD,Rush Yards,Away Games_x,Team,Blocks,Fumble Returns,Interception,Opponent_y,Pass Yards Allowed,Point After,Points_y,Position_y,Rush Yards Allowed,Sack,Safety,Total Yards,Touchdowns,Away Games_y
0,2010.0,9,Charlie Whitehurst,0.0,0.0,Giants,0.0,23.0,12.0,2.0,1.0,113.0,6.0,QB,0.0,0.0,0.0,0.0,0.0,2.0,0.0,2.0,0.0,Giants,0.0,1.2857142857142858,1.0,Seahawks,177.85714285714286,21.857142857142854,11.571428571428573,DST,85.42857142857143,3.4285714285714284,0.0,263.2857142857143,0.0,0.42857142857142855
1,2010.0,10,Charlie Whitehurst,0.0,0.0,Cardinals,0.0,23.0,12.0,2.0,1.0,113.0,6.0,QB,0.0,0.0,0.0,0.0,0.0,2.0,0.0,2.0,0.0,Cardinals,0.25,1.0,1.125,Seahawks,255.5,28.125,14.0,DST,135.25,2.25,0.0,390.75,0.875,0.625
2,2010.0,15,Charlie Whitehurst,0.0,0.0,Falcons,0.0,14.5,8.0,1.5,0.5,83.0,3.0,QB,0.0,0.0,0.0,0.0,0.0,3.0,0.0,-1.0,0.5,Falcons,0.0,0.5384615384615384,1.3076923076923077,Seahawks,233.23076923076923,18.69230769230769,9.692307692307693,DST,107.23076923076924,1.9230769230769231,0.0,340.46153846153845,0.15384615384615385,0.5384615384615384
3,2010.0,16,Charlie Whitehurst,0.0,0.0,Buccaneers,0.3333333333333333,15.0,8.0,1.0,0.3333333333333333,83.0,6.0,QB,0.0,0.0,0.0,0.0,0.0,3.0,0.3333333333333333,2.6666666666666665,0.3333333333333333,Buccaneers,0.0,0.5,1.2857142857142858,Seahawks,209.5,20.714285714285715,9.571428571428571,DST,136.5,1.4285714285714286,0.0,346.0,0.2857142857142857,0.5
4,2010.0,17,Charlie Whitehurst,0.0,0.0,Rams,0.5,15.75,8.75,0.75,0.25,78.75,5.5,QB,0.0,0.0,0.0,0.0,0.0,3.0,0.25,3.25,0.5,Rams,0.13333333333333333,0.7333333333333333,0.9333333333333332,Seahawks,225.7333333333333,20.8,10.133333333333333,DST,111.26666666666668,2.8666666666666667,0.06666666666666668,337.0,0.0,0.4666666666666667
