,Year,Week,Name,Fumble TD,Fumbles Lost,Opponent_x,Pass 2PT,Pass Attempts,Pass Completions,Pass Interceptions,Pass TD,Pass Yards,Points_x,Position_x,Receiving 2PT,Receiving TD,Receiving Yards,Receptions,Rush 2PT,Rush Attempts,Rush TD,Rush Yards,Away Games_x,Team,Blocks,Fumble Returns,Interception,Opponent_y,Pass Yards Allowed,Point After,Points_y,Position_y,Rush Yards Allowed,Sack,Safety,Total Yards,Touchdowns,Away Games_y
0,2014.0,1,Mike Tolbert,0.0,0.0,Buccaneers,0.0,0.0,0.0,0.0,0.0,0.0,1.0,RB,0.0,0.0,6.0,2.0,0.0,7.0,0.0,11.0,1.0,Buccaneers,0.0,0.0,0.0,Panthers,221.0,20.0,5.0,DST,113.0,1.0,0.0,334.0,0.0,0.0
1,2014.0,2,Mike Tolbert,0.0,0.0,Lions,0.0,0.0,0.0,0.0,0.0,0.0,1.0,RB,0.0,0.0,6.0,2.0,0.0,7.0,0.0,11.0,1.0,Lions,0.0,0.0,2.0,Panthers,144.0,14.0,10.0,DST,53.0,2.0,0.0,197.0,0.0,0.0
2,2014.0,3,Mike Tolbert,0.0,0.0,Steelers,0.0,0.0,0.0,0.0,0.0,0.0,2.0,RB,0.0,0.0,19.5,2.5,0.0,5.5,0.0,3.0,0.5,Steelers,0.0,0.0,0.0,Panthers,182.0,26.5,2.5,DST,174.0,1.5,0.0,356.0,0.0,0.5
3,2014.0,14,Mike Tolbert,0.0,0.0,Saints,0.0,0.0,0.0,0.0,0.0,0.0,1.5,RB,0.0,0.0,14.75,2.5,0.0,4.0,0.0,3.75,0.5,Saints,0.0,0.4166666666666667,0.6666666666666666,Panthers,268.4166666666667,26.5,5.916666666666668,DST,122.08333333333331,2.0,0.08333333333333333,390.5,0.0,0.5
4,2014.0,15,Mike Tolbert,0.0,0.0,Buccaneers,0.0,0.0,0.0,0.0,0.0,0.0,2.2,RB,0.0,0.0,18.6,2.4,0.0,4.2,0.0,8.6,0.6,Buccaneers,0.07692307692307693,0.6923076923076923,0.8461538461538461,Panthers,249.0,26.76923076923077,9.0,DST,115.76923076923076,2.3076923076923075,0.0,364.76923076923083,0.2307692307692308,0.5384615384615384
5,2014.0,16,Mike Tolbert,0.0,0.0,Browns,0.0,0.0,0.0,0.0,0.0,0.0,1.8333333333333333,RB,0.0,0.0,15.5,2.0,0.0,3.8333333333333335,0.0,7.833333333333332,0.5,Browns,0.21428571428571427,0.5,1.4285714285714286,Panthers,221.92857142857144,21.428571428571427,10.285714285714286,DST,137.64285714285714,2.071428571428572,0.07142857142857142,359.57142857142856,0.21428571428571427,0.42857142857142855
6,2014.0,17,Mike Tolbert,0.0,0.0,Falcons,0.0,0.0,0.0,0.0,0.0,0.0,1.7142857142857142,RB,0.0,0.0,13.285714285714285,1.7142857142857142,0.0,4.285714285714286,0.0,9.428571428571429,0.42857142857142855,Falcons,0.2,0.8,1.0666666666666669,Panthers,291.06666666666666,25.53333333333333,8.4,DST,113.33333333333331,1.4,0.0,404.4,0.2,0.5333333333333333
