,Year,Week,Name,Fumble TD,Fumbles Lost,Opponent_x,Pass 2PT,Pass Attempts,Pass Completions,Pass Interceptions,Pass TD,Pass Yards,Points_x,Position_x,Receiving 2PT,Receiving TD,Receiving Yards,Receptions,Rush 2PT,Rush Attempts,Rush TD,Rush Yards,Away Games_x,Team,Blocks,Fumble Returns,Interception,Opponent_y,Pass Yards Allowed,Point After,Points_y,Position_y,Rush Yards Allowed,Sack,Safety,Total Yards,Touchdowns,Away Games_y
0,2014.0,8,James Hanna,0.0,0.0,Redskins,0.0,0.0,0.0,0.0,0.0,0.0,0.0,TE,0.0,0.0,7.0,1.0,0.0,0.0,0.0,0.0,0.0,Redskins,0.0,0.42857142857142855,0.42857142857142855,Cowboys,218.57142857142856,26.142857142857146,6.2857142857142865,DST,103.28571428571428,2.2857142857142856,0.0,321.85714285714283,0.0,0.42857142857142855
1,2014.0,12,James Hanna,0.0,0.0,Giants,0.0,0.0,0.0,0.0,0.0,0.0,0.0,TE,0.0,0.0,7.0,1.0,0.0,0.0,0.0,0.0,0.0,Giants,0.1,0.4,1.3,Cowboys,252.7,26.3,7.1,DST,145.0,1.7,0.0,397.7,0.0,0.5
2,2014.0,15,James Hanna,0.0,0.0,Eagles,0.0,0.0,0.0,0.0,0.0,0.0,1.0,TE,0.0,0.0,17.0,1.0,0.0,0.0,0.0,0.0,0.5,Eagles,0.38461538461538464,1.0769230769230769,0.7692307692307693,Cowboys,258.0769230769231,23.76923076923077,14.615384615384615,DST,113.84615384615385,3.3846153846153846,0.0,371.92307692307685,0.7692307692307693,0.4615384615384616
3,2014.0,17,James Hanna,0.0,0.0,Redskins,0.0,0.0,0.0,0.0,0.0,0.0,1.0,TE,0.0,0.0,15.333333333333336,1.0,0.0,0.0,0.0,0.0,0.6666666666666666,Redskins,0.0,0.8,0.4,Cowboys,246.06666666666663,26.266666666666666,6.666666666666668,DST,103.2,2.4,0.0,349.26666666666665,0.0,0.5333333333333333
