,Year,Week,Name,Fumble TD,Fumbles Lost,Opponent_x,Pass 2PT,Pass Attempts,Pass Completions,Pass Interceptions,Pass TD,Pass Yards,Points_x,Position_x,Receiving 2PT,Receiving TD,Receiving Yards,Receptions,Rush 2PT,Rush Attempts,Rush TD,Rush Yards,Away Games_x,Team,Blocks,Fumble Returns,Interception,Opponent_y,Pass Yards Allowed,Point After,Points_y,Position_y,Rush Yards Allowed,Sack,Safety,Total Yards,Touchdowns,Away Games_y
0,2013.0,10,Mario Manningham,0.0,0.0,Panthers,0.0,0.0,0.0,0.0,0.0,0.0,3.0,WR,0.0,0.0,30.0,3.0,0.0,0.0,0.0,0.0,0.0,Panthers,0.0,0.875,1.5,49ers,220.75,13.25,14.625,DST,79.125,2.875,0.0,299.875,0.25,0.5
1,2013.0,11,Mario Manningham,0.0,0.0,Saints,0.0,0.0,0.0,0.0,0.0,0.0,3.0,WR,0.0,0.0,30.0,3.0,0.0,0.0,0.0,0.0,0.0,Saints,0.0,0.6666666666666666,1.0,49ers,199.88888888888889,18.11111111111111,10.111111111111109,DST,117.66666666666669,3.2222222222222223,0.0,317.5555555555556,0.0,0.4444444444444444
2,2013.0,12,Mario Manningham,0.0,0.0,Redskins,0.0,0.0,0.0,0.0,0.0,0.0,1.5,WR,0.0,0.0,19.0,2.0,0.0,0.0,0.0,0.0,0.5,Redskins,0.0,0.5,1.0,49ers,274.9,31.1,9.2,DST,115.0,2.5,0.0,389.9,0.5,0.6
3,2013.0,15,Mario Manningham,0.0,0.0,Buccaneers,0.0,0.0,0.0,0.0,0.0,0.0,2.333333333333333,WR,0.0,0.0,27.66666666666667,2.6666666666666665,0.0,0.0,0.0,0.0,0.6666666666666666,Buccaneers,0.15384615384615385,0.6153846153846154,1.6153846153846154,49ers,238.38461538461542,22.384615384615387,11.230769230769232,DST,103.69230769230771,2.3846153846153846,0.07692307692307693,342.07692307692315,0.2307692307692308,0.4615384615384616
