,Year,Week,Name,Fumble TD,Fumbles Lost,Opponent_x,Pass 2PT,Pass Attempts,Pass Completions,Pass Interceptions,Pass TD,Pass Yards,Points_x,Position_x,Receiving 2PT,Receiving TD,Receiving Yards,Receptions,Rush 2PT,Rush Attempts,Rush TD,Rush Yards,Away Games_x,Team,Blocks,Fumble Returns,Interception,Opponent_y,Pass Yards Allowed,Point After,Points_y,Position_y,Rush Yards Allowed,Sack,Safety,Total Yards,Touchdowns,Away Games_y
0,2011.0,15,Anthony Becht,0.0,0.0,Packers,0.0,0.0,0.0,0.0,0.0,0.0,2.0,TE,0.0,0.0,20.0,2.0,0.0,0.0,0.0,0.0,0.0,Packers,0.0,0.38461538461538464,2.0769230769230766,Chiefs,288.6923076923077,21.384615384615387,13.076923076923075,DST,106.0,2.0769230769230766,0.0,394.6923076923077,0.5384615384615384,0.5384615384615384
1,2011.0,16,Anthony Becht,0.0,0.0,Raiders,0.0,0.0,0.0,0.0,0.0,0.0,2.0,TE,0.0,0.0,20.0,2.0,0.0,0.0,0.0,0.0,0.0,Raiders,0.14285714285714285,0.5714285714285714,1.0714285714285714,Chiefs,243.78571428571428,27.285714285714285,8.928571428571429,DST,135.0,2.7857142857142856,0.07142857142857142,378.78571428571433,0.14285714285714285,0.5
